Date,Open,High,Low,Close,Volume,Dividends,Stock Splits,MA30,Daily_Change,Year,Month,Day,DayOfWeek,Prev_Close
2002-09-20,28.496735302156008,29.5005330427824,28.37590595790902,29.07298851013184,501072,0.0,0.0,30.050464884440103,-1.6352714028975424,2002,9,20,4,29.55631446838379
2002-09-23,29.277491220613808,29.351845619297112,28.459581489343485,28.58040809631348,248504,0.0,0.0,30.01917381286621,-1.6942888882809481,2002,9,23,0,29.07298851013184
2002-09-24,28.478150932403526,28.478150932403526,27.30705144574247,27.61376953125,267912,0.0,0.0,29.968983586629232,-3.3821720172993786,2002,9,24,1,28.58040809631348
2002-09-25,26.97246231971104,28.069204954896875,26.767983533146687,27.82754898071289,379544,0.0,0.0,29.992839304606118,0.7741769888423233,2002,9,25,2,27.61376953125
2002-09-26,28.403796036696548,28.710511279900185,28.06919578456015,28.264379501342773,178136,0.0,0.0,30.031256039937336,1.5697772050734526,2002,9,26,3,27.82754898071289
2002-09-27,28.171433889028656,28.99863806131079,28.171433889028656,28.6082706451416,206288,0.0,0.0,30.083304659525552,1.216694475045843,2002,9,27,4,28.264379501342773
2002-09-30,28.171443101716743,28.608280000685063,26.97246112629841,27.56730461120605,202232,0.0,0.0,30.1229611714681,-3.6386891289157064,2002,9,30,0,28.6082706451416
2002-10-01,27.697426299946592,28.069203834174065,26.860926847934785,27.334943771362305,240192,0.0,0.0,30.130396715799968,-0.8428855962555493,2002,10,1,1,27.56730461120605
2002-10-02,27.33494377136231,27.33494377136231,27.33494377136231,27.334943771362305,0,0.0,0.0,30.093529383341473,0.0,2002,10,2,2,27.334943771362305
2002-10-03,27.697424907558013,29.55631248524647,27.697424907558013,28.069202423095703,673264,0.0,0.0,30.04024117787679,2.6861538764263004,2002,10,3,3,27.334943771362305
2002-10-04,28.440985744701603,28.52463513548667,27.60448616397509,27.892614364624023,258296,0.0,0.0,29.921582857767742,-0.6291167658058594,2002,10,4,4,28.069202423095703
2002-10-07,28.078498174369155,28.255091931654512,27.53012689166729,27.77178001403809,110976,0.0,0.0,29.802614148457845,-0.4332127100254435,2002,10,7,0,27.892614364624023
2002-10-08,27.855426172403494,28.79416195090861,27.69741962386712,28.52462387084961,227352,0.0,0.0,29.734764734903973,2.710823204097723,2002,10,8,1,27.77178001403809
2002-10-09,28.62685221340184,29.08227884041882,27.55799247166768,27.79964828491211,277040,0.0,0.0,29.641819508870444,-2.541578073807238,2002,10,9,2,28.52462387084961
2002-10-10,28.626871278504098,28.626871278504098,27.242000475500348,27.82754898071289,173224,0.0,0.0,29.549804306030275,0.10036348487159064,2002,10,10,3,27.79964828491211
2002-10-11,28.60827254414999,28.952167806766536,28.338734470539677,28.4130916595459,192536,0.0,0.0,29.405120786031087,2.1041834451134944,2002,10,11,4,27.82754898071289
2002-10-14,28.94287229743744,28.99863947910768,27.93907437311993,28.2086124420166,152744,0.0,0.0,29.24246826171875,-0.7196654977903449,2002,10,14,0,28.4130916595459
2002-10-15,28.2086124420166,28.2086124420166,28.2086124420166,28.2086124420166,0,0.0,0.0,29.13155434926351,0.0,2002,10,15,1,28.2086124420166
2002-10-16,31.805560066616007,31.805560066616007,28.087785790515323,28.264379501342773,247760,0.0,0.0,28.999573262532554,0.1976951522901116,2002,10,16,2,28.2086124420166
2002-10-17,28.44097321217022,28.44097321217022,27.90189707671029,28.264379501342773,144512,0.0,0.0,28.874098269144692,0.0,2002,10,17,3,28.264379501342773
2002-10-18,28.81275023431209,29.686426609613587,28.468854984037588,28.85922241210937,512312,0.0,0.0,28.808107566833495,2.104567378662381,2002,10,18,4,28.264379501342773
2002-10-21,29.537723657933544,30.29057372433784,29.18453613860188,29.305362701416016,646296,0.0,0.0,28.770310084025066,1.5459193007204552,2002,10,21,0,28.85922241210937
2002-10-22,29.55631451031035,29.55631451031035,28.06920434626958,28.245798110961918,229384,0.0,0.0,28.697193781534832,-3.6155996472375995,2002,10,22,1,29.305362701416016
2002-10-23,28.440980302794905,28.77558063835056,27.9019040329378,28.11567497253418,153320,0.0,0.0,28.59402535756429,-0.4606814008814908,2002,10,23,2,28.245798110961918
2002-10-24,28.422387167448555,28.515331537304743,27.43717911612258,27.62306785583496,168744,0.0,0.0,28.46917044321696,-1.7520728816947884,2002,10,24,3,28.11567497253418
2002-10-25,27.139754019519295,27.576593660572605,26.972455300549058,27.05610466003418,172296,0.0,0.0,28.355158805847168,-2.0524990155321166,2002,10,25,4,27.62306785583496
2002-10-28,26.860915613040497,27.139748647085906,26.433371060216952,26.656436920166016,134504,0.0,0.0,28.24765288035075,-1.4771813788055477,2002,10,28,0,27.05610466003418
2002-10-29,26.58209764211877,27.10258683456673,26.433386039071088,26.888813018798828,143024,0.0,0.0,28.118770345052084,0.8717447846790627,2002,10,29,1,26.656436920166016
2002-10-30,27.13975193421481,27.836834603758,26.953863222336626,27.34423065185547,164320,0.0,0.0,28.036669222513833,1.6937067201078904,2002,10,30,2,26.888813018798828
2002-10-31,27.5115368808215,27.883314406238004,27.36282530336741,27.77178001403809,118928,0.0,0.0,27.97718474070231,1.5635816111491563,2002,10,31,3,27.34423065185547
2002-11-01,27.901909537105418,28.36663152915289,27.33494813951992,27.48365974426269,108792,0.0,0.0,27.92420711517334,-1.0374569783779042,2002,11,1,4,27.77178001403809
2002-11-04,27.88331126383445,27.88331126383445,27.474356599252303,27.688127517700195,56560,0.0,0.0,27.894464429219564,0.7439612312919452,2002,11,4,0,27.48365974426269
2002-11-05,27.42789374644867,27.75319915521541,27.214119918824835,27.39071655273437,70288,0.0,0.0,27.88702932993571,-1.0741461833260413,2002,11,5,1,27.688127517700195
2002-11-06,27.39071655273437,27.39071655273437,27.39071655273437,27.39071655273437,0,0.0,0.0,27.87246824900309,0.0,2002,11,6,2,27.39071655273437
2002-11-07,27.88329723057488,29.37040641620554,27.88329723057488,28.23648452758789,204880,0.0,0.0,27.871538416544595,3.0877906141125955,2002,11,7,3,27.39071655273437
2002-11-08,27.69742810426645,28.05991065646428,27.530129337540583,27.743900299072266,77664,0.0,0.0,27.842726071675617,-1.744495594111073,2002,11,8,4,28.23648452758789
2002-11-11,27.883307787836817,27.883307787836817,27.269874449217056,27.32564163208008,66568,0.0,0.0,27.834670639038087,-1.5075698170893825,2002,11,11,0,27.743900299072266
2002-11-12,27.139754009730925,27.883308914107115,27.139754009730925,27.465059280395508,106864,0.0,0.0,27.839007822672524,0.510208141468671,2002,11,12,1,27.32564163208008
2002-11-13,27.604485560602704,27.67883994268912,27.08399637668424,27.23270797729492,106264,0.0,0.0,27.83559996287028,-0.8459887187152071,2002,11,13,2,27.465059280395508
2002-11-14,27.66024602725824,28.18073508438383,27.241996347924,27.60447883605957,211856,0.0,0.0,27.820109176635743,1.365163020418736,2002,11,14,3,27.23270797729492
2002-11-15,28.21791175570169,28.37591548539509,27.88331145100224,28.19932174682617,154144,0.0,0.0,27.83033275604248,2.1548782510958153,2002,11,15,4,27.60447883605957
2002-11-18,28.440975556365817,28.803458010875257,28.13426028788173,28.48744773864746,217672,0.0,0.0,27.85418834686279,1.0217479498552784,2002,11,18,0,28.19932174682617
2002-11-19,28.48744773864746,28.48744773864746,28.48744773864746,28.48744773864746,0,0.0,0.0,27.852949142456055,0.0,2002,11,19,1,28.48744773864746
2002-11-20,28.44098033283824,29.649257275082995,28.44098033283824,29.42619132995605,406128,0.0,0.0,27.90716724395752,3.2952885071379834,2002,11,20,2,28.48744773864746
2002-11-21,29.974563717842106,33.255499325096025,29.974563717842106,31.97286796569824,2664024,0.0,0.0,28.04534454345703,8.654455505934443,2002,11,21,3,29.42619132995605
2002-11-22,30.77389422121292,33.59010866414875,30.77389422121292,31.48027229309082,1184016,0.0,0.0,28.14758389790853,-1.5406677722370588,2002,11,22,4,31.97286796569824
2002-11-25,31.786970497237935,32.12157075396989,31.043415631805477,31.424488067626957,428920,0.0,0.0,28.25477975209554,-0.17720375778359498,2002,11,25,0,31.48027229309082
2002-11-26,31.694036247000792,32.307469773907684,31.06201554439225,31.238609313964844,367496,0.0,0.0,28.35577964782715,-0.5915092499266583,2002,11,26,1,31.424488067626957
2002-11-27,31.786966062968983,31.786966062968983,30.40209588657719,30.578689575195312,301128,0.0,0.0,28.432923316955566,-2.112513179242337,2002,11,27,2,31.238609313964844
2002-11-28,30.87611926202541,32.51193782082028,30.866824258215612,31.82415008544922,447680,0.0,0.0,28.55158233642578,4.072968879818162,2002,11,28,3,30.578689575195312
2002-11-29,31.82415008544922,31.82415008544922,31.82415008544922,31.82415008544922,0,0.0,0.0,28.650413258870444,0.0,2002,11,29,4,31.82415008544922
2002-12-02,33.367028057656405,36.43419219666104,33.069604945966006,35.23521041870117,1388680,0.0,0.0,28.848074849446615,10.718464826533026,2002,12,2,0,31.82415008544922
2002-12-03,36.06242988304488,38.98088369289025,34.779798202192275,37.25211715698242,4082608,0.0,0.0,29.148285484313966,5.724122871168591,2002,12,3,1,35.23521041870117
2002-12-04,36.60148855101149,38.06071616619492,35.51404121955373,36.00664520263672,2594928,0.0,0.0,29.411317825317383,-3.3433588461488473,2002,12,4,2,37.25211715698242
2002-12-05,35.783588350767744,38.00495859278763,35.783588350767744,36.917510986328125,1720264,0.0,0.0,29.72113259633382,2.5297157748667587,2002,12,5,3,36.00664520263672
2002-12-06,37.54953202762125,38.42320869067938,36.908216330080585,37.88413238525391,1139968,0.0,0.0,30.082066853841145,2.6183276529226474,2002,12,6,4,36.917510986328125
2002-12-09,37.73541076896117,38.4603756540857,35.70922482283798,36.06241226196289,975768,0.0,0.0,30.395599365234375,-4.808662647372952,2002,12,9,0,37.88413238525391
2002-12-10,35.411821392353566,37.549542893729246,35.15157817023971,36.8896369934082,837808,0.0,0.0,30.72896016438802,2.293869654187919,2002,12,10,1,36.06241226196289
2002-12-11,37.92130018979496,40.14266990323331,37.73541146337439,38.62767791748047,3286400,0.0,0.0,31.105075073242187,4.711461173724296,2002,12,11,2,36.8896369934082
2002-12-12,38.66485056729192,40.151960204495445,38.66485056729192,38.94368362426758,2568024,0.0,0.0,31.47747186024984,0.81808103366241,2002,12,12,3,38.62767791748047
2002-12-13,39.40841128844239,39.91031029888516,38.86933509878848,39.1016960144043,1112288,0.0,0.0,31.864739735921223,0.40574587566302167,2002,12,13,4,38.94368362426758
2002-12-16,39.594304753715335,39.91031506943875,37.19634095250186,37.41940689086914,1231456,0.0,0.0,32.18911571502686,-4.302343107867834,2002,12,16,0,39.1016960144043
2002-12-17,38.125786514308,38.125786514308,36.35984326171188,36.73162078857422,855656,0.0,0.0,32.50047918955485,-1.8380465096648813,2002,12,17,1,37.41940689086914
2002-12-18,37.14056032280989,37.71681355208987,36.1367597086367,36.38771057128906,618096,0.0,0.0,32.80037899017334,-0.9362783615367576,2002,12,18,2,36.73162078857422
2002-12-19,37.12197356205792,40.4307930552458,36.71301898120021,39.46417236328125,3770256,0.0,0.0,33.17463525136312,8.454672590530055,2002,12,19,3,36.38771057128906
2002-12-20,39.96607966962601,40.85834620163067,39.036635956378895,39.78948593139648,2952072,0.0,0.0,33.576154772440596,0.824326341169912,2002,12,20,4,39.46417236328125
2002-12-23,39.9660812524432,39.97537625723121,38.107193752329565,38.376731872558594,1277744,0.0,0.0,33.94452444712321,-3.5505712772306297,2002,12,23,0,39.78948593139648
2002-12-24,38.47896840859168,40.1519670350522,38.33955185638664,39.95678329467773,1729840,0.0,0.0,34.36091524759929,4.11721203193165,2002,12,24,1,38.376731872558594
2002-12-25,39.95678329467773,39.95678329467773,39.95678329467773,39.95678329467773,0,0.0,0.0,34.785051091512045,0.0,2002,12,25,2,39.95678329467773
2002-12-26,40.26350529731472,41.60190376036764,39.59430464756961,41.0907096862793,2894448,0.0,0.0,35.2345921198527,2.8378820768402813,2002,12,26,3,39.95678329467773
2002-12-27,41.37883824677445,41.54613699270707,39.99396474453436,40.1612663269043,956984,0.0,0.0,35.6333236058553,-2.2619306565185737,2002,12,27,4,41.0907096862793
2002-12-30,40.15197166110538,42.921713016115945,39.23182287782585,42.494171142578125,4253744,0.0,0.0,36.10021438598633,5.808842770754463,2002,12,30,0,40.1612663269043
2002-12-31,42.77301311169352,45.42192845577843,41.639090321053935,44.69696044921875,9998480,0.0,0.0,36.6405314763387,5.183744611113217,2002,12,31,1,42.494171142578125
2003-01-01,44.60399352602842,46.081808141245226,44.60399352602842,45.421905517578125,6027072,0.0,0.0,37.17372194925944,1.6219113359688064,2003,1,1,2,44.69696044921875
2003-01-02,45.7472170860293,46.78819226075451,43.06112269782852,43.34925079345703,5325328,0.0,0.0,37.552934710184736,-4.563117069844158,2003,1,2,3,45.421905517578125
2003-01-03,44.61331526971986,45.39404771965232,43.49798238797687,43.87905502319336,4198040,0.0,0.0,37.966227467854814,1.222176208443937,2003,1,3,4,43.34925079345703
2003-01-06,44.557537918935374,44.75272169611248,42.289695476077206,42.577823638916016,4121520,0.0,0.0,38.33800532023112,-2.96549545925624,2003,1,6,0,43.87905502319336
2003-01-07,43.126206499139,43.49798414137295,41.68556813548241,42.085227966308594,2650800,0.0,0.0,38.69955927530925,-1.1569301352387318,2003,1,7,1,42.577823638916016
2003-01-08,42.642874374138266,43.981275525862976,42.32686409415098,43.59090805053711,2648456,0.0,0.0,39.133299891153975,3.5776925942610838,2003,1,8,2,42.085227966308594
2003-01-09,43.86974774348094,44.72483718153053,43.4607930351936,44.01845932006836,2630400,0.0,0.0,39.53977686564128,0.9808267105506641,2003,1,9,3,43.59090805053711
2003-01-10,44.61330090022736,44.61330090022736,41.09070958393436,41.32307052612305,1702816,0.0,0.0,39.85640754699707,-6.1233147083738615,2003,1,10,4,44.01845932006836
2003-01-13,41.806388569048266,42.196756170398025,40.337868233376085,41.741329193115234,2421496,0.0,0.0,40.07327817281087,1.0121674446427642,2003,1,13,0,41.32307052612305
2003-01-14,42.178147533773306,43.59090287671925,42.01084882788294,42.29897689819336,2239360,0.0,0.0,40.241506830851236,1.335960583569773,2003,1,14,1,41.741329193115234
2003-01-15,42.64285469860227,43.59088793757584,42.40120172545294,43.14475631713867,2759760,0.0,0.0,40.479443868001304,1.999526893950554,2003,1,15,2,42.29897689819336
2003-01-16,43.47008015471804,44.76200624635731,42.77299742508136,43.75820541381836,2842656,0.0,0.0,40.70746701558431,1.4218392895082976,2003,1,16,3,43.14475631713867
2003-01-17,43.21913449113565,43.86974511788393,42.58711387401221,42.77300262451172,1284144,0.0,0.0,40.870429356892906,-2.251469821464669,2003,1,17,4,43.75820541381836
2003-01-20,42.568504290682434,42.7358029546304,41.09998497156077,41.406700134277344,928872,0.0,0.0,41.04857228597005,-3.1943104444376647,2003,1,20,0,42.77300262451172
2003-01-21,41.46248619821324,42.05732963011416,40.15196994521395,40.32856369018555,1147240,0.0,0.0,41.16320317586263,-2.603772917415592,2003,1,21,1,41.406700134277344
2003-01-22,40.672470538844216,41.45320294176016,40.20774853277067,40.50516891479492,1081352,0.0,0.0,41.225786209106445,0.43791597926994275,2003,1,22,2,40.32856369018555
2003-01-23,39.96608108850781,40.50515732675466,38.4975611040166,39.01804733276367,1001872,0.0,0.0,41.22826499938965,-3.6714365644530456,2003,1,23,3,40.50516891479492
2003-01-24,39.129574385694255,39.761594880152174,37.0940935300678,37.62387466430664,1436848,0.0,0.0,41.17900428771973,-3.5731482320652597,2003,1,24,4,39.01804733276367
2003-01-27,35.69062955590928,37.15914911660391,34.40799869081835,35.00284194946289,916832,0.0,0.0,41.09845212300618,-6.966408266637925,2003,1,27,0,37.62387466430664
2003-01-28,35.792872463066736,37.73540895789778,34.38941210448813,37.44728088378906,2043224,0.0,0.0,41.122307459513344,6.983544187227575,2003,1,28,1,35.00284194946289
2003-01-29,37.56810487126682,38.10718093034104,36.09958253843094,36.38771057128906,1370440,0.0,0.0,41.122307459513344,-2.8294986645043374,2003,1,29,2,37.44728088378906
2003-01-30,36.26690722987607,37.99567085865639,36.26690722987607,36.94540023803711,1203464,0.0,0.0,41.03834838867188,1.5326319188327275,2003,1,30,3,36.38771057128906
2003-01-31,36.24830339885893,37.26139643938579,35.82075874020037,36.05311965942383,1083040,0.0,0.0,40.91380284627279,-2.415133068973052,2003,1,31,4,36.94540023803711
2003-02-03,36.29477388758859,39.01804259912485,36.15535734256584,38.80427169799805,1566808,0.0,0.0,40.92805417378744,7.630829355581437,2003,2,3,0,36.05311965942383
2003-02-04,38.8507443640394,39.761598001635896,37.18704080664662,37.586700439453125,1311144,0.0,0.0,40.84905141194661,-3.1377248051990603,2003,2,4,1,38.80427169799805
2003-02-05,36.9918764151095,37.549542893729246,36.31338333403084,36.8896369934082,845080,0.0,0.0,40.746813201904295,-1.8545481191353685,2003,2,5,2,37.586700439453125
2003-02-06,36.94539086958367,37.846952485756006,36.52714116162612,37.6331787109375,946624,0.0,0.0,40.6315621693929,2.0155842619491215,2003,2,6,3,36.8896369934082
2003-02-07,37.27999355319128,38.59980212407828,36.85244881304125,37.27069854736328,1023440,0.0,0.0,40.53520991007487,-0.9631930546139866,2003,2,7,4,37.6331787109375
2003-02-10,36.805963820967534,37.345039934275775,35.91369746408101,36.03452682495117,449688,0.0,0.0,40.31988843282064,-3.316738807138786,2003,2,10,0,37.27069854736328
2003-02-11,36.062408286419775,36.9825567965437,35.504742178897814,35.70922088623047,701960,0.0,0.0,40.020297114054365,-0.9027617881621652,2003,2,11,1,36.03452682495117
2003-02-12,36.08100473341106,36.24830346096378,34.96567231922756,35.23521041870117,459064,0.0,0.0,39.68074061075846,-1.327417557049182,2003,2,12,2,35.70922088623047
2003-02-13,35.23521041870117,35.23521041870117,35.23521041870117,35.23521041870117,0,0.0,0.0,39.4102725982666,0.0,2003,2,13,3,35.23521041870117
2003-02-14,33.93399166050444,35.579105385511305,33.13466947338225,33.450679779052734,790336,0.0,0.0,39.06266009012858,-5.064623194931439,2003,2,14,4,35.23521041870117
2003-02-17,34.38940377116918,35.6906244544026,34.04550859888309,35.5790901184082,795272,0.0,0.0,38.82936897277832,6.362831348761722,2003,2,17,0,33.450679779052734
2003-02-18,36.13677850621416,36.43420169544596,35.18874740885857,35.36534118652344,819688,0.0,0.0,38.605372746785484,-0.6007712147033661,2003,2,18,1,35.5790901184082
2003-02-19,35.87652660031305,36.03453316292034,35.25379819055144,35.3839225769043,455960,0.0,0.0,38.33180656433105,0.05254124449940445,2003,2,19,2,35.36534118652344
2003-02-20,34.50094385834765,35.495446701594524,34.07339928101359,35.27238082885742,542944,0.0,0.0,38.04027061462402,-0.31523285131671575,2003,2,20,3,35.3839225769043
2003-02-21,35.31886409464067,35.65346442703526,34.519541866263964,34.658958435058594,494544,0.0,0.0,37.81813354492188,-1.7391011873430728,2003,2,21,4,35.27238082885742
2003-02-24,35.49542479645541,35.49542479645541,34.57527686648902,34.87269973754883,326488,0.0,0.0,37.58917922973633,0.6166985741672626,2003,2,24,0,34.658958435058594
2003-02-25,33.74809812754688,34.9470798200429,33.74809812754688,34.054813385009766,264440,0.0,0.0,37.31437377929687,-2.345348535371383,2003,2,25,1,34.87269973754883
2003-02-26,34.408009989758845,34.90990906541572,33.19973307155952,33.45997619628906,422312,0.0,0.0,36.99154777526856,-1.7467051779016307,2003,2,26,2,34.054813385009766
2003-02-27,33.27408571673809,34.538129763767536,33.23690853462136,33.971168518066406,280480,0.0,0.0,36.665313212076825,1.5277725207528237,2003,2,27,3,33.45997619628906
2003-02-28,35.235209715511125,36.06241400556795,34.240703864803415,35.727813720703125,694688,0.0,0.0,36.43047358194987,5.170988456586367,2003,2,28,4,33.971168518066406
2003-03-03,34.408023057384995,36.424915131116144,34.408023057384995,35.33746719360352,500896,0.0,0.0,36.228165817260745,-1.0925564327867288,2003,3,3,0,35.727813720703125
2003-03-04,34.947083245726674,34.947083245726674,34.20352828305164,34.4544792175293,255760,0.0,0.0,36.03236300150554,-2.4987302322393323,2003,3,4,1,35.33746719360352
2003-03-05,34.073405929591395,34.94708242287589,33.41350034846777,34.593894958496094,471552,0.0,0.0,35.835320536295576,0.40463749310095665,2003,3,5,2,34.4544792175293
2003-03-06,34.872742743231726,34.872742743231726,33.45998661811385,33.65517044067383,265080,0.0,0.0,35.65655797322591,-2.7135554378843296,2003,3,6,3,34.593894958496094
2003-03-07,34.18494316130818,34.18494316130818,32.577006459236145,32.71642303466797,518664,0.0,0.0,35.49297625223796,-2.7893111035068197,2003,3,7,4,33.65517044067383
2003-03-10,32.59559541103687,32.9023107324423,30.0210349338386,30.50434684753418,346400,0.0,0.0,35.343026415507,-6.7613631991179535,2003,3,10,0,32.71642303466797
2003-03-11,29.74220410275734,32.307469773907684,29.42619375145307,31.238609313964844,497168,0.0,0.0,35.13607069651286,2.4070748673971964,2003,3,11,1,30.50434684753418
2003-03-12,32.10298528757112,32.10298528757112,30.634465355247404,30.773881912231445,481872,0.0,0.0,34.94894307454427,-1.4876699441471186,2003,3,12,2,31.238609313964844
2003-03-13,31.387315781684197,31.768385440438376,30.48575423231229,31.17354202270508,390112,0.0,0.0,34.75654780069987,1.2986990449026958,2003,3,13,3,30.773881912231445
2003-03-14,31.17354202270508,31.17354202270508,31.17354202270508,31.17354202270508,0,0.0,0.0,34.593895212809244,0.0,2003,3,14,4,31.17354202270508
2003-03-17,30.31845478769053,31.97286344779829,29.946677305739392,31.080596923828125,373856,0.0,0.0,34.33643938700358,-0.2981537959634517,2003,3,17,0,31.17354202270508
2003-03-18,31.080596923828125,31.080596923828125,31.080596923828125,31.080596923828125,0,0.0,0.0,34.11956926981608,0.0,2003,3,18,1,31.080596923828125
2003-03-19,31.87991680393632,32.15874989551594,30.718112255687917,31.015535354614254,374256,0.0,0.0,33.92376588185628,-0.20933178784604545,2003,3,19,2,31.080596923828125
2003-03-20,31.136362474645324,31.97286176500893,30.485751915473628,31.768383026123047,537616,0.0,0.0,33.72827269236247,2.427324445317991,2003,3,20,3,31.015535354614254
2003-03-21,31.76838302612305,31.76838302612305,31.76838302612305,31.768383026123047,0,0.0,0.0,33.54486217498779,0.0,2003,3,21,4,31.768383026123047
2003-03-24,32.25168951410734,32.53052256466158,30.671635560966635,30.92258644104004,328920,0.0,0.0,33.374464162190755,-2.6623847502326825,2003,3,24,0,31.768383026123047
2003-03-25,31.58249105082182,31.58249105082182,29.83513829167825,30.47645378112793,351496,0.0,0.0,33.20003859202067,-1.4427404407543643,2003,3,25,1,30.92258644104004
2003-03-26,31.41519119066708,31.41519119066708,29.83513719587021,30.3370361328125,260264,0.0,0.0,33.036766115824385,-0.4574602062191402,2003,3,26,2,30.47645378112793
2003-03-27,30.0953899617018,30.48575750333164,29.742202442274767,30.048917770385746,241056,0.0,0.0,32.86388969421387,-0.9497248220472154,2003,3,27,3,30.3370361328125
2003-03-28,30.85753304211549,30.85753304211549,29.74220052252096,29.87232208251953,218000,0.0,0.0,32.74461110432943,-0.5876940035433043,2003,3,28,4,30.048917770385746
2003-03-31,24.146938217479043,29.528417732524403,24.146938217479043,28.5432071685791,230712,0.0,0.0,32.510081672668456,-4.449319039440159,2003,3,31,0,29.87232208251953
2003-04-02,28.5432071685791,28.5432071685791,28.5432071685791,28.5432071685791,0,0.0,0.0,32.282677205403644,0.0,2003,4,2,2,28.5432071685791
2004-05-06,88.20420024390361,91.08547548896264,84.6165501111409,86.16871643066406,19760,0.0,0.0,33.97550366719564,201.88869779679212,2004,5,6,3,28.5432071685791
2004-05-07,86.43825032615536,86.43825032615536,82.60894175777683,83.14801788330078,31344,0.0,0.0,35.57135823567708,-3.5055628916021986,2004,5,7,4,86.16871643066406
2004-05-10,82.53459339893239,83.27814829441827,81.4285532227477,82.60894775390625,4904,0.0,0.0,37.169691212972005,-0.6483258929288249,2004,5,10,0,83.14801788330078
2004-05-11,84.76525089252596,84.76525089252596,77.14381386052253,78.30561828613281,21032,0.0,0.0,38.61745516459147,-5.209277668798229,2004,5,11,1,82.60894775390625
2004-05-12,76.02850687125999,80.8616148875259,68.03528976743559,73.20299530029297,134928,0.0,0.0,39.922394561767575,-6.516292314038818,2004,5,12,2,78.30561828613281
2004-05-13,66.92926031730082,74.35552016270097,65.99052414439711,71.25117492675781,55456,0.0,0.0,41.18210118611653,-2.6663121714192273,2004,5,13,3,73.20299530029297
2004-05-14,72.49662070192916,73.4260645570821,65.06106986070566,66.20428466796875,31144,0.0,0.0,42.25653839111328,-7.083237945166488,2004,5,14,4,71.25117492675781
2004-05-17,63.20216173774248,63.20216173774248,53.18276134977501,55.4227180480957,33968,0.0,0.0,42.913035202026364,-16.28530037586742,2004,5,17,0,66.20428466796875
2004-05-18,59.67027460101471,61.34327295431419,55.76661177664926,59.51226806640625,29128,0.0,0.0,43.71886189778646,7.37883337796903,2004,5,18,1,55.4227180480957
2004-05-19,62.83037216818377,65.80459096904454,61.06442975517269,63.611106872558594,39960,0.0,0.0,44.69074948628744,6.887384634003002,2004,5,19,2,59.51226806640625
2004-05-20,64.13161037213997,64.13161037213997,61.34327948639476,62.09612655639648,32104,0.0,0.0,45.60749053955078,-2.381628603314978,2004,5,20,3,63.611106872558594
2004-05-21,60.43244312095543,61.34329700247776,58.75944411179695,60.0699577331543,31176,0.0,0.0,46.48798344930013,-3.26295525277569,2004,5,21,4,62.09612655639648
2004-05-24,60.04205319639157,66.91064328475655,60.04205319639157,66.61322021484375,54792,0.0,0.0,47.61787668863932,10.892736949734939,2004,5,24,0,60.0699577331543
2004-05-25,65.2469573020935,65.2469573020935,61.715070724487305,63.94573593139648,32648,0.0,0.0,48.732589658101396,-4.004436769223874,2004,5,25,1,66.61322021484375
2004-05-26,65.99047873978675,66.91992210231896,63.94570334221589,64.48477935791016,18416,0.0,0.0,49.84079532623291,0.8429700880946633,2004,5,26,2,63.94573593139648
2004-05-27,65.06104699452517,66.4459201211293,64.28031216144163,64.67997741699219,14072,0.0,0.0,50.970998509724936,0.30270408153003636,2004,5,27,3,64.48477935791016
2004-05-28,65.06107827978856,65.06107827978856,61.34330237808636,61.82661437988281,17040,0.0,0.0,51.992767588297525,-4.411509018801485,2004,5,28,4,64.67997741699219
2004-05-31,58.83379110301611,60.39525551430322,57.77422292774559,58.89885330200195,11976,0.0,0.0,52.916944630940755,-4.735438139781911,2004,5,31,0,61.82661437988281
2004-06-01,61.31543485926927,63.016316606552095,59.02899872911054,59.56808090209961,29320,0.0,0.0,53.86652743021647,1.1362319681611055,2004,6,1,1,58.89885330200195
2004-06-02,61.064448291063314,61.064448291063314,59.31709534972943,59.48439407348633,4560,0.0,0.0,54.81332066853841,-0.1404893818063746,2004,6,2,2,59.56808090209961
2004-06-03,60.971517316082384,61.975315551955056,58.220365755116525,58.49919891357422,13808,0.0,0.0,55.72944278717041,-1.6562245867294378,2004,6,3,3,59.48439407348633
2004-06-04,60.40456072472636,60.41385289448308,57.43963244429314,58.34119415283203,23944,0.0,0.0,56.61520315806071,-0.2700973067607637,2004,6,4,4,58.49919891357422
2004-06-07,59.48440603729963,59.48440603729963,58.183184655233696,58.90814971923828,9608,0.0,0.0,57.51986204783122,0.9717928723245617,2004,6,7,0,58.34119415283203
2004-06-08,58.29468576804288,58.908116085917264,56.96558296406717,57.606895446777344,10272,0.0,0.0,58.40933901468913,-2.208954582112721,2004,6,8,1,58.90814971923828
2004-06-09,57.62551152976395,60.395252723555146,57.532567156328845,59.42863464355469,31424,0.0,0.0,59.37441171010335,3.162363086308706,2004,6,9,2,57.606895446777344
2004-06-10,60.41383074170787,67.8493791406873,59.484387191835445,64.8658676147461,54480,0.0,0.0,60.52537275950114,9.149180363646625,2004,6,10,3,59.42863464355469
2004-06-11,67.8586971362196,75.84262253770953,67.8586971362196,69.6060562133789,1495680,0.0,0.0,61.84394404093425,7.307677786391342,2004,6,11,4,64.8658676147461
2004-06-14,69.43872949927004,69.70827041402035,63.75983133869061,64.20596313476562,295448,0.0,0.0,62.988398742675784,-7.75807935743289,2004,6,14,0,69.6060562133789
2004-06-15,65.43282178050755,66.36226527170795,63.73194132618541,64.54985046386719,172688,0.0,0.0,64.18862018585205,0.535600296782035,2004,6,15,1,64.20596313476562
2004-06-16,65.06102450082467,65.32126746425375,63.57391536937725,63.88063049316406,62312,0.0,0.0,65.36653429667155,-1.0367490643184873,2004,6,16,2,64.54985046386719
2004-06-17,63.666876400308816,64.63349985860124,63.666876400308816,64.06653594970703,30208,0.0,0.0,64.62979494730631,0.29102007151113884,2004,6,17,3,63.88063049316406
2004-06-18,64.21527232142415,69.33650522361651,64.21527232142415,66.15780639648438,91440,0.0,0.0,64.06345456441244,3.2642165145607693,2004,6,18,4,64.06653594970703
2004-06-21,66.91992009092348,68.40702942627735,64.54054742350608,65.45140075683594,49328,0.0,0.0,63.49153633117676,-1.0677585580981086,2004,6,21,0,66.15780639648438
2004-06-22,65.43285489330604,65.61874368561658,63.573966970200765,63.927154541015625,20064,0.0,0.0,63.01225420633952,-2.32882138226983,2004,6,22,1,65.45140075683594
2004-06-23,64.59633425367238,65.06105608283549,61.58493453154587,62.68168258666992,22912,0.0,0.0,62.66154378255208,-1.9482674667564148,2004,6,23,2,63.927154541015625
2004-06-24,63.19289302413975,64.31751787388264,61.919553746685786,63.72267150878906,21592,0.0,0.0,62.41059366861979,1.660754592348046,2004,6,24,3,62.68168258666992
2004-06-25,63.20218519398872,65.06107299381192,63.20218519398872,63.72267150878906,60280,0.0,0.0,62.32787322998047,0.0,2004,6,25,4,63.72267150878906
2004-06-28,64.83801111969426,67.84941194646873,64.83801111969426,66.80843353271484,100536,0.0,0.0,62.707397079467775,4.842486905936094,2004,6,28,0,63.72267150878906
2004-06-29,67.8493991127973,68.01669786644565,65.52578955413986,66.35299682617188,47952,0.0,0.0,62.93542137145996,-0.6817054112187027,2004,6,29,1,66.80843353271484
2004-06-30,66.17640454311426,67.10584842714675,64.68929432866224,64.87518310546875,20576,0.0,0.0,62.9775572458903,-2.227199661493251,2004,6,30,2,66.35299682617188
2004-07-01,65.79528872917071,66.14847602311472,65.07961630523047,65.69304656982422,15168,0.0,0.0,63.09745457967122,1.2606723021125976,2004,7,1,3,64.87518310546875
2004-07-02,66.54816992154124,69.15061232070767,66.54816992154124,67.98880767822266,123232,0.0,0.0,63.361416244506835,3.4946790083153045,2004,7,2,4,65.69304656982422
2004-07-05,67.66350955774288,68.12823146404607,65.24695564496635,65.71167755126953,22040,0.0,0.0,63.3313648223877,-3.3492720415547295,2004,7,5,0,67.98880767822266
2004-07-06,65.5350563214357,66.91992935076024,65.5350563214357,66.33438110351562,39312,0.0,0.0,63.410986328125,0.9476299730139193,2004,7,6,1,65.71167755126953
2004-07-07,66.91994480600276,67.47761101271945,65.06105745028046,65.51648712158203,39640,0.0,0.0,63.445376586914065,-1.2329865272388107,2004,7,7,2,66.33438110351562
2004-07-08,65.06106519946162,66.94783495567107,62.26344166503465,62.78392791748047,80424,0.0,0.0,63.38217493693034,-4.17079627457837,2004,7,8,3,65.51648712158203
2004-07-09,58.57353918999467,64.13161100958385,58.04375518186249,63.66688919067383,29280,0.0,0.0,63.44351743062337,1.4063492082780682,2004,7,9,4,62.78392791748047
2004-07-12,64.13161849952449,65.59084631590017,63.20217475315458,64.912353515625,22272,0.0,0.0,63.64396743774414,1.956219851139851,2004,7,12,0,63.66688919067383
2004-07-13,65.99980725724838,67.10584773702251,65.43284876296933,65.68379974365234,48160,0.0,0.0,63.84782473246256,1.1884428560145377,2004,7,13,1,64.912353515625
2004-07-14,66.91065958256574,68.77883929980243,66.08345235426962,67.37538146972656,74376,0.0,0.0,64.11085764567058,2.5753408491531404,2004,7,14,2,65.68379974365234
2004-07-15,68.22116237894421,68.36987109045728,67.33819093126034,67.58914184570312,36024,0.0,0.0,64.4138557434082,0.3172677783985778,2004,7,15,3,67.37538146972656
2004-07-16,69.68968347530236,71.00949458781825,68.79741984387196,69.87557220458984,167704,0.0,0.0,64.79833501180013,3.3828367936766135,2004,7,16,4,67.58914184570312
2004-07-19,70.82360095913074,72.27353067812106,69.70826866056176,70.94442749023438,174480,0.0,0.0,65.19954427083333,1.529655145456288,2004,7,19,0,69.87557220458984
2004-07-20,71.38128768086817,73.05428661088851,70.4704338424321,72.2642593383789,157816,0.0,0.0,65.68812306722005,1.86037423210752,2004,7,20,1,70.94442749023438
2004-07-21,74.178902722609,74.178902722609,71.00950183398533,71.62293243408203,129968,0.0,0.0,66.09459966023763,-0.8874745415902607,2004,7,21,2,72.2642593383789
2004-07-22,72.49663215863345,72.49663215863345,71.01881392624936,71.25117492675781,64272,0.0,0.0,66.30744323730468,-0.5190481521632262,2004,7,22,3,71.62293243408203
2004-07-23,72.49662766791519,72.49662766791519,71.21399615913491,72.02261352539062,42576,0.0,0.0,66.38799514770508,1.0827029861975035,2004,7,23,4,71.25117492675781
2004-07-26,72.12482606357793,72.40365915402991,71.47421551918998,72.07835388183594,29512,0.0,0.0,66.65040817260743,0.0773928544340663,2004,7,26,0,72.02261352539062
2004-07-27,72.07835388183594,72.07835388183594,72.07835388183594,72.07835388183594,0,0.0,0.0,66.90135828653972,0.0,2004,7,27,1,72.07835388183594
2004-07-28,74.72727340669933,76.58616080487593,73.61194096779337,75.14552307128906,182768,0.0,0.0,67.27685470581055,4.255326355650957,2004,7,28,2,72.07835388183594
2004-07-29,75.47083366370899,75.81472899108651,73.61194613504621,74.5506820678711,93344,0.0,0.0,67.62632624308269,-0.7915854186731242,2004,7,29,3,75.14552307128906
2004-07-30,76.0284952894511,76.0284952894511,74.3554966156001,74.45773315429688,73272,0.0,0.0,67.9029904683431,-0.12467882384978868,2004,7,30,4,74.5506820678711
2004-08-02,74.21609313871647,74.91317604233622,74.16962094514182,74.37409973144531,99528,0.0,0.0,68.20041376749674,-0.11232335354375289,2004,8,2,0,74.45773315429688
2004-08-03,74.54139395145582,74.86669928665545,74.0116098424129,74.2811508178711,25104,0.0,0.0,68.54554697672526,-0.12497484192729447,2004,8,3,1,74.37409973144531
2004-08-04,70.63771893386021,74.48561799756482,70.63771893386021,74.31831359863281,43656,0.0,0.0,68.93343467712403,0.05002989365745503,2004,8,4,2,74.2811508178711
2004-08-05,74.16961263437017,74.87598762840481,73.05428011355257,73.50041198730469,44048,0.0,0.0,69.25935935974121,-1.1005384429809917,2004,8,5,3,74.31831359863281
2004-08-06,73.07287493717548,74.28115191432354,72.49661862888372,72.5430908203125,32392,0.0,0.0,69.55337333679199,-1.302470477522688,2004,8,6,4,73.50041198730469
2004-08-09,72.5059076538279,73.42605927336552,70.87938102435461,73.2215805053711,19040,0.0,0.0,69.7671449025472,0.9352919449478581,2004,8,9,0,72.5430908203125
2004-08-10,75.26633933463009,75.37787369785758,73.14720912480138,75.24774932861328,50656,0.0,0.0,70.06363665262857,2.76717438937768,2004,8,10,1,73.2215805053711
2004-08-11,75.51730751964013,81.04749803953993,74.72728030251159,79.03990173339844,271960,0.0,0.0,70.53579394022624,5.0395559184428285,2004,8,11,2,75.24774932861328
2004-08-12,79.03990173339844,79.03990173339844,79.03990173339844,79.03990173339844,0,0.0,0.0,70.98068911234537,0.0,2004,8,12,3,79.03990173339844
2004-08-13,81.79105488738122,83.09227621513502,78.07327966522753,79.46744537353516,119976,0.0,0.0,71.36331036885579,0.5409212698401777,2004,8,13,4,79.03990173339844
2004-08-16,77.88736733962048,78.87257520627075,75.6845850523621,76.1400146484375,39776,0.0,0.0,71.71092160542806,-4.187162062977023,2004,8,16,0,79.46744537353516
2004-08-17,77.32972491120178,78.71459845580472,75.8426148167556,76.14933013916016,74976,0.0,0.0,72.03808657328288,0.012234684699841125,2004,8,17,1,76.1400146484375
2004-08-18,76.86495966093797,77.68286861707254,75.84257204755185,76.16787719726562,21432,0.0,0.0,72.393132909139,0.02435616711475852,2004,8,18,2,76.14933013916016
2004-08-19,76.95795568517737,77.60856642164626,76.67912251240499,77.37620544433594,19856,0.0,0.0,72.87954216003418,1.5864013696231583,2004,8,19,3,76.16787719726562
2004-08-20,76.40028055596142,77.49702310819953,76.14003742586885,76.37239837646484,22184,0.0,0.0,73.30305913289388,-1.2973071787466095,2004,8,20,4,77.37620544433594
2004-08-23,72.58024573711823,81.60513992172727,72.58024573711823,79.56965637207031,108624,0.0,0.0,73.7916358947754,4.186405119615499,2004,8,23,0,76.37239837646484
2004-08-24,81.75388909953554,86.57770555926656,80.6757363665522,85.63896942138672,455456,0.0,0.0,74.45680821736654,7.627672816552211,2004,8,24,1,79.56965637207031
2004-08-25,111.41242437423156,111.41242437423156,90.99254851536516,91.82440185546876,136928,0.0,0.0,75.27177556355794,7.222684340871277,2004,8,25,2,85.63896942138672
2004-08-26,92.20082299580248,92.66554488590228,90.6486507482942,90.99254608154295,40443200,0.0,0.0,76.05188903808593,-0.9059201662267813,2004,8,26,3,91.82440185546876
2004-08-27,91.30855793800583,91.30855793800583,89.09276150144275,89.47383117675781,30646000,0.0,0.0,76.70516433715821,-1.6690541920039714,2004,8,27,4,90.99254608154295
2004-08-30,90.14675011798772,92.01492975600534,89.69132041873249,91.71379089355467,24465208,0.0,0.0,77.39747645060221,2.503480277235215,2004,8,30,0,89.47383117675781
2004-08-31,91.68960155040172,92.01490677637882,90.71368587247044,91.83831024169922,21194656,0.0,0.0,78.04994481404623,0.13576949216838052,2004,8,31,1,91.71379089355467
2004-09-01,92.01495942048793,92.4796814377631,91.4201129692252,91.8197784423828,19935544,0.0,0.0,78.72317301432291,-0.020178724181274532,2004,9,1,2,91.83831024169922
2004-09-02,92.00566686632033,93.37194505312132,91.64318142520403,92.35513305664062,21356352,0.0,0.0,79.42663828531902,0.5830493422435801,2004,9,2,3,91.8197784423828
2004-09-03,93.50204436826417,102.2388159096328,92.04839293329547,92.74547576904295,9869856,0.0,0.0,80.11740036010742,0.4226540523339706,2004,9,3,4,92.35513305664062
2004-09-06,96.65285480736708,96.65285480736708,92.28446931905452,92.46663665771484,9038672,0.0,0.0,80.79700978597005,-0.3006498257904111,2004,9,6,0,92.74547576904295
2004-09-07,96.19740242712228,96.19740242712228,92.47962842027697,92.53539276123048,5772232,0.0,0.0,81.47891108194987,0.07435774242567916,2004,9,7,1,92.46663665771484
2004-09-08,92.5725966094624,93.0187284705958,92.11716690719382,92.35882568359376,6593984,0.0,0.0,82.05268783569336,-0.19081031848248164,2004,9,8,2,92.53539276123048
2004-09-09,92.6655497218583,92.7492019355917,90.94236290567476,91.08177947998048,7947184,0.0,0.0,82.60372441609701,-1.3827007805277125,2004,9,9,3,92.35882568359376
2004-09-10,92.0149157133987,92.0149157133987,90.71369468310822,91.90338134765624,6415072,0.0,0.0,83.18524602254232,0.9020485462257977,2004,9,10,4,91.08177947998048
2004-09-13,92.1078640377575,94.38500093879186,92.1078640377575,93.26966857910156,20904912,0.0,0.0,83.81509831746419,1.486656107109785,2004,9,13,0,91.90338134765624
2004-09-14,93.40910248403104,94.69173380147562,93.21949798988048,94.39988708496094,15335472,0.0,0.0,84.48572285970052,1.2117749779509968,2004,9,14,1,93.26966857910156
2004-09-15,94.61736221833344,94.80325094567792,93.0558980432147,93.51132202148438,11988288,0.0,0.0,85.1254898071289,-0.9412776761870911,2004,9,15,2,94.39988708496094
2004-09-16,93.59499678591922,94.33855187458592,93.1767470485442,93.73069763183594,7358224,0.0,0.0,85.79983266194661,0.23459791350308734,2004,9,16,3,93.51132202148438
2004-09-17,94.05969208493472,95.72339839392636,93.90168553875488,95.22149658203124,14627896,0.0,0.0,86.55577952067057,1.5905130206658624,2004,9,17,4,93.73069763183594
2004-09-20,95.95576350981536,96.37401314714876,94.81811973105458,95.07279205322266,8552224,0.0,0.0,87.28415323893229,-0.1561669729486681,2004,9,20,0,95.22149658203124
2004-09-21,95.25500168443116,97.45220878329592,94.9891820472374,97.20126342773438,13897080,0.0,0.0,88.01593704223633,2.238780757927228,2004,9,21,1,95.07279205322266
2004-09-22,97.44287859960528,98.14925353391946,96.39260269299795,97.7830581665039,15371584,0.0,0.0,88.64070892333984,0.5985464779499239,2004,9,22,2,97.20126342773438
2004-09-23,97.40569089170592,97.49863525324382,95.4538592994103,95.7568588256836,15819680,0.0,0.0,89.19794082641602,-2.0721374221801536,2004,9,23,3,97.7830581665039
2004-09-24,95.64904654681114,96.66214242405904,95.36092127604287,95.62117004394533,8083208,0.0,0.0,89.73639831542968,-0.1417013709537729,2004,9,24,4,95.7568588256836
2004-09-27,95.5003301890346,95.96505199044113,94.33852568551838,94.87388610839844,8229512,0.0,0.0,90.36086069742838,-0.7815046973420836,2004,9,27,0,95.62117004394533
2004-09-28,94.43146733850452,95.49103528448356,94.1061620868463,94.39057159423828,6339416,0.0,0.0,90.96890207926432,-0.5094283938237187,2004,9,28,1,94.87388610839844
2004-09-29,94.73447945090165,96.01153418673228,94.44634850024696,95.82564544677734,11737176,0.0,0.0,91.62416102091471,1.520357201255318,2004,9,29,2,94.39057159423828
2004-09-30,96.25320016315248,96.74580992826893,94.86461086290936,95.46317291259766,12521432,0.0,0.0,92.22705993652343,-0.3782625543399143,2004,9,30,3,95.82564544677734
2004-10-01,95.63975251311992,98.19200117014852,95.394378025649,97.3778076171875,10968888,0.0,0.0,92.92724024454752,2.0056265114326344,2004,10,1,4,95.46317291259766
2004-10-04,98.24218106480238,100.47284553552636,98.00609877767864,100.05459594726562,15129824,0.0,0.0,93.61007156372071,2.7488689626296914,2004,10,4,0,97.3778076171875
2004-10-05,100.4077852552714,101.2163965572375,99.9616478395858,100.44495391845705,14341288,0.0,0.0,94.10360438028971,0.3901449678505031,2004,10,5,1,100.05459594726562
2004-10-06,100.47285351184084,102.49904510523513,99.92076945746614,100.52861785888672,17670664,0.0,0.0,94.39374491373698,0.08329332352283725,2004,10,6,2,100.44495391845705
2004-10-07,100.65871775904448,102.23877150041452,100.65871775904448,101.96923065185548,10080128,0.0,0.0,94.75963439941407,1.4330375008149154,2004,10,7,3,100.52861785888672
2004-10-08,102.05294297593812,103.26122007856765,101.77410979840823,102.05852508544922,8558920,0.0,0.0,95.17912419637044,0.08756997873073935,2004,10,8,4,101.96923065185548
2004-10-11,102.2388164133406,103.3076767667528,100.84465073497688,101.24431610107422,9332056,0.0,0.0,95.49680836995442,-0.7977863521869466,2004,10,11,0,102.05852508544922
2004-10-12,103.16825171636408,103.6329735709423,100.16243393776172,100.79444885253906,15600512,0.0,0.0,95.79534632364908,-0.4443382758258174,2004,10,12,1,101.24431610107422
2004-10-14,102.51762300673344,104.46945445110462,101.12903979655336,103.7444839477539,19225984,0.0,0.0,96.19283650716146,2.9267832988805864,2004,10,14,3,100.79444885253906
2004-10-15,104.25573004528113,106.04956152257022,103.84306235087384,104.6553955078125,17799744,0.0,0.0,96.60284525553385,0.8780337280556827,2004,10,15,4,103.7444839477539
2004-10-18,105.39888195150634,106.14243667426828,104.58654932454849,105.7018814086914,13693344,0.0,0.0,97.03472544352213,0.9999349730619445,2004,10,18,0,104.6553955078125
2004-10-19,105.9714698550942,106.76520716299216,105.59411021786832,106.25401306152344,11767128,0.0,0.0,97.49430465698242,0.5223479899068684,2004,10,19,1,105.7018814086914
2004-10-20,106.4027362501044,106.87675034340216,104.93421043206423,105.33015441894533,7206832,0.0,0.0,97.92079671223958,-0.8694811762480659,2004,10,20,2,106.25401306152344
2004-10-21,105.70192374422416,105.86364605353802,104.2835916348285,104.6144790649414,6413520,0.0,0.0,98.32931849161784,-0.6794591330013255,2004,10,21,3,105.33015441894533
2004-10-22,104.6144790649414,104.6144790649414,104.6144790649414,104.6144790649414,0,0.0,0.0,98.7804084777832,0.0,2004,10,22,4,104.6144790649414
2004-10-25,104.56242950716852,104.74831827073682,103.2389024182222,103.85233306884766,9390272,0.0,0.0,99.17870686848958,-0.7285282141687444,2004,10,25,0,104.6144790649414
2004-10-26,103.68867880572304,106.04574534676068,103.68867880572304,105.69627380371094,6932760,0.0,0.0,99.59292704264323,1.7755409824455892,2004,10,26,1,103.85233306884766
2004-10-27,106.16665879814715,106.70015868390664,105.51046596515866,105.9473114013672,7837656,0.0,0.0,99.97784118652343,0.2375084651730086,2004,10,27,2,105.69627380371094
2004-10-28,106.70209173119028,109.4791463544676,106.70209173119028,108.65534210205078,18591416,0.375,0.0,100.48264185587566,2.556016443328679,2004,10,28,3,105.9473114013672
2004-10-29,108.8417714840342,108.8417714840342,106.71705445517765,107.75145721435548,8661776,0.0,0.0,100.9500005086263,-0.8318826025565773,2004,10,29,4,108.65534210205078
2004-11-01,107.16809019549122,109.44750523890704,106.45053448967523,109.09339141845705,6137568,0.0,0.0,101.41239700317382,1.2453977317745002,2004,11,1,0,107.75145721435548
2004-11-02,105.30428627915737,109.94140337085032,104.83833810978057,108.07201385498048,8864040,0.0,0.0,101.84570439656575,-0.9362414626554183,2004,11,2,1,109.09339141845705
2004-11-03,108.1931607746687,110.33652227149676,108.1931607746687,109.51644897460938,8978136,0.0,0.0,102.25621058146159,1.3365487216395744,2004,11,3,2,108.07201385498048
2004-11-04,110.12780114445437,110.6999869576816,108.81754921166224,109.06916809082033,6555808,0.0,0.0,102.63241424560547,-0.40841434138605415,2004,11,4,3,109.51644897460938
2004-11-05,109.40084563280207,109.96371438734204,108.09992261806504,108.60873413085938,5023848,0.0,0.0,103.06081008911133,-0.42214859434661633,2004,11,5,4,109.06916809082033
2004-11-08,108.56587131141568,110.79310476624556,107.72716500943908,110.35138702392578,10291728,0.0,0.0,103.55181732177735,1.6045237125835055,2004,11,8,0,108.60873413085938
2004-11-09,110.61606852403088,111.63183756151996,109.68417241178123,110.7465362548828,7338712,0.0,0.0,104.08090565999349,0.3580827043627055,2004,11,9,1,110.35138702392578
2004-11-10,110.98882519434146,111.73434207222115,110.90495227044303,111.30194091796876,5734392,0.0,0.0,104.64461797078451,0.5015097373408661,2004,11,10,2,110.7465362548828
2004-11-11,111.73435782164914,112.14439443741632,110.99815752583544,111.47901916503906,5235128,0.0,0.0,105.16639709472656,0.15909717800950407,2004,11,11,3,111.30194091796876
2004-11-12,112.20026544652116,112.57302380348636,110.91424456471836,111.52557373046876,1813408,0.0,0.0,105.70181045532226,0.0417608315702811,2004,11,12,4,111.47901916503906
2004-11-15,111.52557373046876,111.52557373046876,111.52557373046876,111.52557373046876,0,0.0,0.0,106.1734026590983,0.0,2004,11,15,0,111.52557373046876
2004-11-16,111.64118209345712,111.64118209345712,110.33652721089584,110.9795379638672,4005504,0.0,0.0,106.53756739298503,-0.48960587992239457,2004,11,16,1,111.52557373046876
2004-11-17,111.0354268402474,112.75011804015205,111.0354268402474,112.3307647705078,5467936,0.0,0.0,106.93376108805339,1.2175458930821392,2004,11,17,2,110.9795379638672
2004-11-18,112.70912995718412,115.04819884747086,112.43329228355476,114.71643829345705,7472128,0.0,0.0,107.4066884358724,2.1237935376147377,2004,11,18,3,112.3307647705078
2004-11-19,114.90279101198009,115.27554945808544,112.86193624441616,113.42107391357422,6812760,0.0,0.0,107.78841654459636,-1.1291881086554878,2004,11,19,4,114.71643829345705
2004-11-22,112.55445653048568,114.25050350036229,111.36162453746569,113.9206085205078,4738272,0.0,0.0,108.18381932576497,0.4404248608280925,2004,11,22,0,113.42107391357422
2004-11-23,114.6791444286602,115.74150837487112,114.07900873445315,115.14137268066406,4312792,0.0,0.0,108.64705454508463,1.0715920288790537,2004,11,23,1,113.9206085205078
2004-11-24,115.4619362224428,116.02107392812049,114.63814318793634,114.9866714477539,3223304,0.0,0.0,109.1201286315918,-0.13435764166127573,2004,11,24,2,115.14137268066406
2004-11-25,114.99600671544222,115.9279030421476,112.63458460876336,113.39873504638672,6310872,0.0,0.0,109.44193700154622,-1.3809743176092293,2004,11,25,3,114.9866714477539
2004-11-26,113.3987350463867,113.3987350463867,113.3987350463867,113.39873504638672,0,0.0,0.0,109.73338165283204,0.0,2004,11,26,4,113.39873504638672
2004-11-29,113.31858623758578,116.27269285814285,112.34569199370463,115.9185791015625,5281488,0.0,0.0,110.0739382425944,2.2221094919136597,2004,11,29,0,113.39873504638672
2004-11-30,116.31559993926795,119.8418932073934,116.02111745194772,118.78512573242188,10508144,0.0,0.0,110.49164199829102,2.4728966254389917,2004,11,30,1,115.9185791015625
2004-12-01,119.37591675375192,119.37591675375192,117.13936562019217,117.56431579589844,8481864,0.0,0.0,110.89944737752279,-1.0277464699355199,2004,12,1,2,118.78512573242188
2004-12-02,117.8848663987754,119.0031418112539,115.47125302503882,115.79741668701172,9657704,0.0,0.0,111.27221196492513,-1.502921270731672,2004,12,2,3,117.56431579589844
2004-12-03,116.41812092574295,117.03690166173683,113.83677177508096,115.25325012207033,9777216,0.0,0.0,111.62683766682943,-0.4699297968038585,2004,12,3,4,115.79741668701172
2004-12-06,115.55518013852912,116.48707675254953,112.61970580436488,113.18444061279295,11473872,0.0,0.0,111.93790791829427,-1.7950118604778575,2004,12,6,0,115.25325012207033
2004-12-07,113.31853491578045,114.893441171243,113.22534533114576,113.52914428710938,7863224,0.0,0.0,112.19900360107422,0.3045504067963334,2004,12,7,1,113.18444061279295
2004-12-08,113.50495651397782,114.3063849662792,111.46038172314395,111.902099609375,7329408,0.0,0.0,112.39749654134114,-1.4331515382690285,2004,12,8,2,113.52914428710938
2004-12-09,112.2897752051975,113.4117820134055,112.28045851714572,112.8955078125,3801224,0.0,0.0,112.53883539835611,0.8877475995470618,2004,12,9,3,111.902099609375
2004-12-10,113.69140767585068,115.1358476914045,113.1322696053137,114.21886444091795,6216808,0.0,0.0,112.75441563924154,1.1721960014705157,2004,12,10,4,112.8955078125
2004-12-13,114.25050901717188,115.70986209731512,114.18154958736348,115.19731903076172,4996232,0.0,0.0,112.95787989298502,0.8566488509872183,2004,12,13,0,114.21886444091795
2004-12-14,115.74156383849729,115.99317138352176,114.65124930913588,114.9177703857422,3083504,0.0,0.0,113.18607177734376,-0.24266940183292895,2004,12,14,1,115.19731903076172
2004-12-15,115.92794163970764,116.9306633311482,115.36880365752256,116.0677261352539,5772672,0.0,0.0,113.40444768269857,1.0006770455532443,2004,12,15,2,114.9177703857422
2004-12-16,116.34356999790516,117.8849307564761,115.36880970475684,117.6668701171875,4350464,0.0,0.0,113.69103775024413,1.377767993895307,2004,12,16,3,116.0677261352539
2004-12-17,117.4189141998716,118.79812504392204,116.68271397062423,117.0927505493164,5509752,0.0,0.0,113.97383829752604,-0.4879194690054378,2004,12,17,4,117.6668701171875
2004-12-20,117.41889985895628,118.21101148498892,117.09273624823696,117.657470703125,2268424,0.0,0.0,114.21737442016601,0.4822844720611119,2004,12,20,0,117.0927505493164
2004-12-21,117.88114545706225,119.0031521923453,117.7134109559698,118.60243225097656,3458512,0.0,0.0,114.4792376200358,0.8031462364475717,2004,12,21,1,117.657470703125
2004-12-22,118.82613248837768,118.82613248837768,114.62328112236256,115.5700912475586,6001712,0.0,0.0,114.6215092976888,-2.556727502013767,2004,12,22,2,118.60243225097656
2004-12-23,116.2726608509954,116.2726608509954,114.15726145431948,114.4237823486328,3948912,0.0,0.0,114.71966807047527,-0.9918733182189166,2004,12,23,3,115.5700912475586
2004-12-24,114.89908374177824,118.53721057447255,113.8367310494437,118.16072082519533,6661856,0.0,0.0,114.94083964029947,3.2658756771180686,2004,12,24,4,114.4237823486328
2004-12-27,118.35081586047384,119.74866014229046,117.62393228365484,118.40300750732422,4400504,0.0,0.0,115.17008743286132,0.2050484123969909,2004,12,27,0,118.16072082519533
2004-12-28,118.53720522041336,122.45116954372892,117.99670083501412,122.01876831054688,9614448,0.0,0.0,115.53806177775066,3.053774460077796,2004,12,28,1,118.40300750732422
2004-12-29,122.72692423505876,124.58513005157296,122.37281071821894,123.03445434570312,6633224,0.0,0.0,115.89485143025716,0.8324014815255687,2004,12,29,2,122.01876831054688
2004-12-30,122.82392958772628,123.75582586684408,120.3879513490299,120.83526611328124,5626792,0.0,0.0,116.09881235758463,-1.7874572160433977,2004,12,30,3,123.03445434570312
2004-12-31,121.14648894963184,124.7622502470177,120.8352388478298,124.45098876953124,4899312,0.0,0.0,116.46647618611654,2.992274335590328,2004,12,31,4,120.83526611328124
2005-01-03,124.45098460185623,126.4303308757394,124.45098460185623,126.1097640991211,4734168,0.0,0.0,116.8727813720703,1.3328743676450205,2005,1,3,0,124.45098876953124
2005-01-04,125.80602323418704,126.1787818215476,124.23671276659212,124.99154663085938,4979104,0.0,0.0,117.2011205037435,-0.8867017365783103,2005,1,4,1,126.1097640991211
2005-01-05,124.89275055594884,124.89275055594884,119.31070023935078,123.4762725830078,9604320,0.0,0.0,117.48410720825196,-1.2123012225192076,2005,1,5,2,124.99154663085938
2005-01-06,123.01028278276613,125.43321259515396,120.44756855812516,123.05314636230467,8006888,0.0,0.0,117.80592091878255,-0.34267816144083474,2005,1,6,3,123.4762725830078
2005-01-07,123.94218876742832,125.34003300164744,122.32628401786296,124.87035369873048,7623136,0.0,0.0,118.18830820719401,1.4767662511248725,2005,1,7,4,123.05314636230467
2005-01-10,125.68110914305116,126.6819646964396,123.19667082607174,123.70548248291016,7521568,0.0,0.0,118.44787165323893,-0.9328645121249202,2005,1,10,0,124.87035369873048
2005-01-11,123.94224743043368,124.43615717723732,121.2397472984919,122.42884826660156,7986376,0.0,0.0,118.56932907104492,-1.0319948564001313,2005,1,11,1,123.70548248291016
2005-01-12,123.56569458141708,127.47965829473328,119.90706949553388,120.96571350097656,20720032,0.0,0.0,118.68270899454753,-1.195089871660704,2005,1,12,2,122.42884826660156
2005-01-13,122.0783957951126,124.7529331985176,118.81675926623556,120.48485565185548,27757952,0.0,0.0,118.83895696004232,-0.39751582097451443,2005,1,13,3,120.96571350097656
2005-01-14,121.5844715247836,122.81458112032568,119.00312404985674,120.81100463867188,15757776,0.0,0.0,119.02421544392904,0.27069708060141195,2005,1,14,4,120.48485565185548
2005-01-17,122.04115261827518,122.04115261827518,115.57378920263432,117.72274780273438,13651184,0.0,0.0,119.17549235026041,-2.556271132066179,2005,1,17,0,120.81100463867188
2005-01-18,118.78880542485868,119.65547345106376,117.18594849276688,117.77863311767578,6183264,0.0,0.0,119.31714197794597,0.04747197630405875,2005,1,18,1,117.72274780273438
2005-01-19,117.97808809248562,118.69564379364148,116.58956013600658,116.9902801513672,3538488,0.0,0.0,119.48674799601237,-0.6693514311045812,2005,1,19,2,117.77863311767578
2005-01-20,116.95295708522151,116.95295708522151,114.623216904241,115.89990997314452,4536200,0.0,0.0,119.58689473470052,-0.9320177512284866,2005,1,20,3,116.9902801513672
2005-01-24,115.89992689293048,116.24100409041024,113.25893622341454,113.75284576416016,3628192,0.0,0.0,119.5713607788086,-1.852515855691228,2005,1,24,0,115.89990997314452
2005-01-25,113.2068126263072,115.5458710053575,112.48924536116094,115.1321029663086,4465928,0.0,0.0,119.56918690999349,1.2125034700301018,2005,1,25,1,113.75284576416016
2005-01-27,115.8589912894764,116.84121406213931,115.11720514846137,115.60738372802734,5455344,0.0,0.0,119.592174021403,0.4128134112670878,2005,1,27,3,115.1321029663086
2005-01-28,115.82168579284908,120.66196207734257,115.78813888429131,120.1400909423828,8393816,0.0,0.0,119.72791951497396,3.9207765699627695,2005,1,28,4,115.60738372802734
2005-01-31,120.96012712105848,122.24614843117158,120.23884037016036,121.18378448486328,5853384,0.0,0.0,119.84514999389648,0.8687304415151642,2005,1,31,0,120.1400909423828
2005-02-01,121.7988789443423,123.01034445794326,119.93508584649469,122.5686264038086,8019840,0.0,0.0,120.02767918904622,1.1427617356827957,2005,2,1,1,121.18378448486328
2005-02-02,122.91708014897884,123.33270211714866,121.42604657628462,121.98145294189452,4870456,0.0,0.0,120.17181193033854,-0.4790568999114009,2005,2,2,2,122.5686264038086
2005-02-03,122.59255115040402,122.85044492964792,121.65815670566008,122.50845336914062,3327616,0.4375,0.0,120.30201263427735,0.4320332431989815,2005,2,3,3,121.98145294189452
2005-02-04,122.40568471257237,123.52695816032112,121.52362174197802,122.0749053955078,2684040,0.0,0.0,120.51883977254232,-0.35389229209062956,2005,2,4,4,122.50845336914062
2005-02-07,122.64864894964968,124.33990111552444,121.56475335317973,122.75704193115234,5944216,0.0,0.0,120.79661509195964,0.5587852257058934,2005,2,7,0,122.0749053955078
2005-02-08,122.75703561682492,123.62041538319689,122.21882337204954,122.96633911132812,3284432,0.0,0.0,120.95680236816406,0.17049708667074004,2005,2,8,1,122.75704193115234
2005-02-09,123.43354248070531,125.54527226613284,123.41111791992586,124.5361328125,5537936,0.0,0.0,121.16123987833659,1.2766044045197322,2005,2,9,2,122.96633911132812
2005-02-10,124.27447337221956,125.5359059966744,123.62039719657628,124.52302551269533,4376648,0.0,0.0,121.24471511840821,-0.010524897078989515,2005,2,10,3,124.5361328125
2005-02-11,125.02204856132556,129.60058397201684,125.02204856132556,129.1109619140625,10367096,0.0,0.0,121.44726537068685,3.684408070296552,2005,2,11,4,124.52302551269533
2005-02-14,129.97992352785064,132.49717754732774,129.97992352785064,131.7178955078125,8875264,0.0,0.0,121.8100196838379,2.019141949763492,2005,2,14,0,129.1109619140625
2005-02-15,131.74967077883096,132.2168681929403,128.3858493972438,129.0735626220703,3976720,0.0,0.0,121.96410547892252,-2.0075729843294865,2005,2,15,1,131.7178955078125
2005-02-16,130.72179559303663,130.72179559303663,127.17109635605637,127.84012603759766,3126832,0.0,0.0,122.02178421020508,-0.9556074531576808,2005,2,16,2,129.0735626220703
2005-02-17,127.84013844049456,129.50709526079802,126.1993360010386,129.12025451660156,4124976,0.0,0.0,122.15940780639649,1.001351077069046,2005,2,17,3,127.84012603759766
2005-02-18,128.94646062677558,130.0677341974432,126.61047402121804,128.47926330566406,2545144,0.0,0.0,122.32617416381837,-0.49642963711404864,2005,2,18,4,129.12025451660156
2005-02-21,128.10547305059916,128.55398692790982,125.68538925804953,127.59716796875,1777152,0.0,0.0,122.47764155069987,-0.6865663097829877,2005,2,21,0,128.47926330566406
2005-02-22,127.51686502947676,128.0083576500788,126.23674860315587,127.4010009765625,2139040,0.0,0.0,122.56199645996094,-0.15373929947688492,2005,2,22,1,127.59716796875
2005-02-23,127.40094077782466,129.1426533842517,126.6254002356548,128.47549438476562,5166816,0.0,0.0,122.72099685668945,0.8433947927934948,2005,2,23,2,127.4010009765625
2005-02-24,128.47554088387662,130.43216948232669,127.189812755473,127.82146453857422,10806440,0.0,0.0,122.90075073242187,-0.5090697251825205,2005,2,24,3,128.47549438476562
2005-02-25,128.64754912870802,128.85311153169124,126.43863727656448,127.4571304321289,5070896,0.0,0.0,123.11713129679362,-0.2850335878723742,2005,2,25,4,127.82146453857422
2005-02-28,128.85301084665736,129.4136475871069,125.20887203373522,129.03054809570312,6402408,0.0,0.0,123.40198771158855,1.2344681370431987,2005,2,28,0,127.4571304321289
2005-03-01,129.03994724923186,134.55287765307304,126.23676229812617,126.8403778076172,4958152,0.0,0.0,123.60296681722005,-1.6974044677090405,2005,3,1,1,129.03054809570312
2005-03-02,128.4792409305684,128.4792409305684,127.22715004680852,127.82516479492188,2658112,0.0,0.0,123.93971405029296,0.7763986550074264,2005,3,2,2,126.8403778076172
2005-03-03,128.0121309102933,130.3481187006271,127.45149384061318,129.83981323242188,2891160,0.0,0.0,124.34175338745118,1.5760968825913269,2005,3,3,3,127.82516479492188
2005-03-04,130.2547011747249,131.1423766848826,129.13342684610458,130.0921173095703,4017872,0.0,0.0,124.7784812927246,0.19431950098141026,2005,3,4,4,129.83981323242188
2005-03-07,130.34807312937832,131.5627863556736,130.2546336504325,130.83395385742188,3658032,0.0,0.0,125.27628275553386,0.5702394297159907,2005,3,7,0,130.0921173095703
2005-03-08,131.18905147645376,132.76818122916723,130.38173286785604,132.1197052001953,5027680,0.0,0.0,125.8885114034017,0.9827352188519933,2005,3,8,1,130.83395385742188
2005-03-09,131.65625727434988,133.29144854638758,130.35371610176605,131.51609802246094,5422088,0.0,0.0,126.4346445719401,-0.45686385450206535,2005,3,9,2,132.1197052001953
2005-03-10,131.749641916283,131.749641916283,129.90514784194977,130.77413940429688,2302280,0.0,0.0,126.94020309448243,-0.5641580227215615,2005,3,10,3,131.51609802246094
2005-03-11,131.3759562371427,134.07636046379577,131.28251672346053,133.38116455078125,5205744,0.0,0.0,127.38157221476237,1.9935326344795001,2005,3,11,4,130.77413940429688
2005-03-14,133.43159165695067,136.42165533553782,132.68407573730389,135.6610565185547,6534032,0.0,0.0,127.86414794921875,1.7093057895033015,2005,3,14,0,133.38116455078125
2005-03-15,135.5805968677652,136.60843047599772,133.61836907023033,134.8013153076172,4146480,0.0,0.0,128.27190424601238,-0.6337420870815014,2005,3,15,1,135.6610565185547
2005-03-16,134.5528628339519,137.13179042369848,134.5528628339519,135.67974853515625,5473416,0.0,0.0,128.7285140991211,0.6516503385256112,2005,3,16,2,134.8013153076172
2005-03-17,135.3003652851594,137.70175532753885,134.55284945485462,136.51133728027344,6805328,0.0,0.0,129.19527689615884,0.6129055766209035,2005,3,17,3,135.67974853515625
2005-03-18,136.3281845645505,137.5896173895138,133.15124263501335,137.2345428466797,6123464,0.0,0.0,129.70059814453126,0.5297769260888652,2005,3,18,4,136.51133728027344
2005-03-21,137.37097845045128,137.8232223048246,134.98266005201688,136.09085083007812,4354120,0.0,0.0,130.14505844116212,-0.8333849429434936,2005,3,21,0,137.2345428466797
2005-03-22,135.9357261096467,136.15063001625168,134.56215925305264,134.88546752929688,2684432,0.0,0.0,130.54236272176107,-0.8857195714694122,2005,3,22,1,136.09085083007812
2005-03-23,134.55284316825907,135.3003589636383,132.063614200904,132.80178833007812,3439416,0.0,0.0,130.817884572347,-1.5447766445011446,2005,3,23,2,134.88546752929688
2005-03-24,133.6184297022127,134.36594539285443,128.7278114899206,129.35385131835938,5954576,0.0,0.0,130.97891209920246,-2.5963031485305876,2005,3,24,3,132.80178833007812
2005-03-28,129.9743459914798,131.64317411188725,129.32026948397416,130.10516357421875,3699728,0.0,0.0,131.012052154541,0.5808193943992235,2005,3,28,0,129.35385131835938
2005-03-29,130.3480806983679,130.62839915148268,127.28326104850494,128.09619140625,3053400,0.0,0.0,130.89132868448894,-1.5441140941517828,2005,3,29,1,130.10516357421875
2005-03-30,128.1147819228282,130.81518334599193,127.0776066789636,129.93312072753906,4115256,0.0,0.0,130.91998062133788,1.434023370346238,2005,3,30,2,128.09619140625
2005-03-31,131.23573116390014,135.02937123599483,130.5592303365397,133.81092834472656,6914640,0.0,0.0,131.11900736490887,2.984464311696944,2005,3,31,3,129.93312072753906
2005-04-01,133.89878059035203,136.14132820665938,132.12343039410868,135.5769500732422,5562672,0.0,0.0,131.3342305501302,1.3197888620621212,2005,4,1,4,133.81092834472656
2005-04-04,135.6741211896845,136.12263524369516,132.99241275068246,133.40914916992188,5257360,0.0,0.0,131.4985600789388,-1.5989450287450802,2005,4,4,0,135.5769500732422
2005-04-05,133.52497792096645,134.7864105325361,132.31960669978545,133.19419860839844,3367832,0.0,0.0,131.68512776692708,-0.1611213045438542,2005,4,5,1,133.40914916992188
2005-04-06,133.33812692878607,135.30035584644864,133.33812692878607,134.67991638183594,1953408,0.0,0.0,131.9277582804362,1.1154523162120844,2005,4,6,2,133.19419860839844
2005-04-07,134.6463162785204,135.48727175840014,132.87096582099653,133.1699676513672,2483216,0.0,0.0,132.08424072265626,-1.121138749587458,2005,4,7,3,134.67991638183594
2005-04-08,133.6838168613493,134.07626939596562,129.88644764201794,130.21348571777344,4052280,0.0,0.0,132.1639747619629,-2.2200815887660874,2005,4,8,4,133.1699676513672
2005-04-11,130.53501351112308,130.81533207986564,127.08709283435113,127.41413116455078,2822992,0.0,0.0,132.16254145304362,-2.149819227856331,2005,4,11,0,130.21348571777344
2005-04-12,130.72184842850814,130.72184842850814,127.54490572188249,129.1333770751953,4112696,0.0,0.0,132.16596908569335,1.3493369180724413,2005,4,12,1,127.41413116455078
2005-04-13,130.2545993666383,131.46931227321386,129.46597584687575,130.96473693847656,4638600,0.0,0.0,132.30344772338867,1.4181924958214687,2005,4,13,2,129.1333770751953
2005-04-15,130.3480740330995,130.3480740330995,122.87291566560992,123.24667358398438,9862480,0.0,0.0,132.15083134969075,-5.893237779050331,2005,4,15,4,130.96473693847656
2005-04-18,121.47128333140324,126.02177992142194,120.63032829295504,123.2148666381836,6024304,0.0,0.0,131.92999979654948,-0.025807549101197758,2005,4,18,0,123.24667358398438
2005-04-19,124.27446361320868,126.04047143000128,110.0810094350952,112.94025421142578,27235152,0.0,0.0,131.35827102661133,-8.33877656738361,2005,4,19,1,123.2148666381836
2005-04-20,112.1273257282716,112.1273257282716,102.15734224473869,104.2970962524414,47498256,0.0,0.0,130.4737091064453,-7.652858601508239,2005,4,20,2,112.94025421142578
2005-04-21,105.11938289178838,107.26849027535384,103.71779111989788,106.74523162841795,13252336,0.0,0.0,129.6278933207194,2.3472708866707714,2005,4,21,3,104.2970962524414
2005-04-22,108.3898323704151,109.4793402584924,106.5453373424,109.021484375,12958672,0.0,0.0,128.87807286580403,2.132416326104125,2005,4,22,4,106.74523162841795
2005-04-25,108.83830182420624,109.12796190690403,107.26851412814936,108.10572814941406,6880584,0.0,0.0,128.12245915730793,-0.8399777629480965,2005,4,25,0,109.021484375
2005-04-26,108.10946462038784,108.74485756611048,105.96969851909304,106.21263885498048,5539000,0.0,0.0,127.21684163411459,-1.7511461481644397,2005,4,26,1,108.10572814941406
2005-04-27,106.62376802720604,106.62376802720604,103.81124249643334,104.24667358398438,6537368,0.0,0.0,126.16969553629558,-1.8509711200004886,2005,4,27,2,106.21263885498048
2005-04-28,104.1943763225356,105.58662704893172,102.5180772937379,104.16635131835938,8728872,0.0,0.0,125.14853006998698,-0.07705019533337243,2005,4,28,3,104.24667358398438
2005-04-29,105.47448051863682,106.96015899796106,104.37750203024105,105.68938446044922,11065704,0.0,0.0,124.14885126749674,1.4621162427347123,2005,4,29,4,104.16635131835938
2005-05-02,107.4553963262557,110.07170162811236,104.47467479040324,105.48382568359376,5129600,0.0,0.0,123.11460088094076,-0.1944933049850217,2005,5,2,0,105.68938446044922
2005-05-03,105.58662055225422,106.05381798832612,103.2842702185493,103.5870132446289,5503048,0.0,0.0,121.99301656087239,-1.7982021667041992,2005,5,3,1,105.48382568359376
2005-05-04,103.39079242691066,105.07270319390967,103.39079242691066,104.73258209228516,4792144,0.0,0.0,120.9477409362793,1.105900065822829,2005,5,4,2,103.5870132446289
2005-05-05,107.45168580720352,107.45542703725494,105.17177108892965,106.22763061523438,6495064,0.0,0.0,119.99247970581055,1.427491324172503,2005,5,5,3,104.73258209228516
2005-05-06,106.5209610671507,109.48298673786113,105.78839905494604,109.09054565429688,8188664,0.0,0.0,119.20210494995118,2.6950756808576726,2005,5,6,4,106.22763061523438
2005-05-09,109.32419648764558,110.46976547615638,108.97473372931678,109.81568908691406,4739040,0.0,0.0,118.55083287556967,0.6647170277387149,2005,5,9,0,109.09054565429688
2005-05-10,110.0716629922002,110.0716629922002,107.10589600709508,107.68895721435548,7075952,0.0,0.0,117.80362599690756,-1.9366375517394174,2005,5,10,1,109.81568908691406
2005-05-11,107.26846524650377,107.69828434169096,106.3303297227674,107.37124633789062,3213288,0.0,0.0,117.1127944946289,-0.2950264211700526,2005,5,11,2,107.68895721435548
2005-05-12,108.29632400850603,108.54860596443056,106.81624629430397,107.15262603759766,3608944,0.0,0.0,116.35344467163085,-0.20361158852993944,2005,5,12,3,107.37124633789062
2005-05-13,107.361940138199,107.54881905924024,106.53593850092822,107.3245620727539,2388752,0.0,0.0,115.47056579589844,0.16045900274614944,2005,5,13,4,107.15262603759766
2005-05-16,106.98815588599273,108.28696634785368,106.73213273986048,107.85714721679688,5775200,0.0,0.0,114.54657236735027,0.4962378916411936,2005,5,16,0,107.3245620727539
2005-05-17,108.4926036909248,108.82898361750694,106.93216856712444,107.50775909423828,4666576,0.0,0.0,113.68319269816081,-0.32393599457651856,2005,5,17,1,107.85714721679688
2005-05-18,107.82910932680468,107.82910932680468,104.932486805894,106.7732391357422,4588224,0.0,0.0,112.80249404907227,-0.6832250664365769,2005,5,18,2,107.50775909423828
2005-05-19,107.77867854967552,109.51104983093916,107.75438337697938,108.62337493896484,3659448,0.0,0.0,111.93394266764322,1.7327710746608993,2005,5,19,3,106.7732391357422
2005-05-20,108.85699588571316,109.76335429327402,107.19376855348251,109.29242706298828,3265616,0.0,0.0,111.1380246480306,0.6159375221027386,2005,5,20,4,108.62337493896484
2005-05-23,109.32416422037292,115.3883872348594,109.32416422037292,114.35121154785156,10362016,0.0,0.0,110.60928217569987,4.6286688115616315,2005,5,23,0,109.29242706298828
2005-05-24,116.30416149624084,116.30416149624084,112.61891244453476,115.3847198486328,6128856,0.0,0.0,110.2083017985026,0.9038017934324571,2005,5,24,1,114.35121154785156
2005-05-25,114.90254182772262,118.61209660320011,113.52898582100552,117.78609466552734,7894472,0.0,0.0,109.83005905151367,2.0811896237602268,2005,5,25,2,115.3847198486328
2005-05-26,117.54684396932602,121.09754354868562,116.90772123877292,120.54251861572266,9782096,0.0,0.0,109.48265177408854,2.340194704665799,2005,5,26,3,117.78609466552734
2005-05-27,119.8828531791854,121.37788486341532,117.29084290914672,118.5933837890625,7363480,0.0,0.0,109.32754211425781,-1.6169687252626574,2005,5,27,4,120.54251861572266
2005-05-30,118.59335775195586,124.56041168901922,118.1074771237306,123.25598907470705,17893184,0.0,0.0,109.32891286214193,3.9315897199946104,2005,5,30,0,118.5933837890625
2005-05-31,123.3401288423384,125.47989548000746,121.99086805936663,124.67257690429688,10365568,0.0,0.0,109.71999028523763,1.1493054740984832,2005,5,31,1,123.25598907470705
2005-06-01,124.27450663287688,124.27450663287688,121.2433354197482,121.8917999267578,7530088,0.0,0.0,110.30648040771484,-2.230464025519985,2005,6,1,2,124.67257690429688
2005-06-02,122.21881624057788,122.31225570253552,118.21026104135876,118.5335693359375,11076624,0.0,0.0,110.6994249979655,-2.755091476898519,2005,6,2,3,121.8917999267578
2005-06-03,118.5335228506529,121.16289824153635,117.8327271608017,120.8321304321289,6548528,0.0,0.0,111.09311319986979,1.939164667923765,2005,6,3,4,118.5335693359375
2005-06-06,121.00412962720029,121.63016959638752,118.69617897593614,119.6399154663086,5792512,0.0,0.0,111.47758611043294,-0.9866704837170559,2005,6,6,0,120.8321304321289
2005-06-07,120.42477462848628,120.42477462848628,118.58028069220452,119.38385772705078,3698192,0.0,0.0,111.91662673950195,-0.21402367116342136,2005,6,7,1,119.6399154663086
2005-06-08,119.60254638620002,121.09757821602751,119.23813009644203,120.73316192626952,4832512,0.0,0.0,112.46617635091145,1.1302233190551458,2005,6,8,2,119.38385772705078
2005-06-09,120.91064632419574,121.37784356656124,118.79517584202276,119.35021209716795,3598336,0.0,0.0,112.97230504353841,-1.145459795003223,2005,6,9,3,120.73316192626952
2005-06-10,119.60254842112946,121.4713382402096,117.83653976086114,118.3093490600586,6642624,0.0,0.0,113.39297053019206,-0.8721082424738014,2005,6,10,4,119.35021209716795
2005-06-13,119.1353115314618,119.88282721165922,117.75240296062296,118.82322692871094,2590032,0.0,0.0,113.83761723836263,0.43435102359619115,2005,6,13,0,118.3093490600586
2005-06-14,119.32224096095824,119.5932177909719,117.75245280557424,118.30001831054688,3452384,0.0,0.0,114.3280507405599,-0.4403252055071416,2005,6,14,1,118.82322692871094
2005-06-15,118.64571519546764,119.406313932424,118.32241824421632,118.8699722290039,2791072,0.0,0.0,114.79929707845052,0.4817868387482882,2005,6,15,2,118.30001831054688
2005-06-16,119.39696446151048,120.34070086784594,118.18785173651275,119.38761138916016,4593552,0.0,0.0,115.23796310424805,0.43546671245031643,2005,6,16,3,118.8699722290039
2005-06-17,119.8548231392164,120.20615651616788,118.02341150998907,118.44950103759766,3067992,0.0,0.0,115.5499282836914,-0.785768590766589,2005,6,17,4,119.38761138916016
2005-06-20,119.1353088490001,121.65443298456562,118.69614795924592,121.08819580078124,6412672,0.0,0.0,115.92567850748698,2.2276959717593137,2005,6,20,0,118.44950103759766
2005-06-21,121.47132166018994,122.62997347110904,119.91088693672202,121.94786071777344,10463544,0.0,0.0,116.40097529093424,0.7099493978806715,2005,6,21,1,121.08819580078124
2005-06-22,122.3122635011263,125.11544753858529,122.3122635011263,124.58844757080078,11537376,0.0,0.0,116.97488199869791,2.1653408575477373,2005,6,22,2,121.94786071777344
2005-06-23,124.27448748489876,124.99957864016258,121.93850087803978,122.16275787353516,3676944,0.0,0.0,117.4752197265625,-1.9469619732496946,2005,6,23,3,124.58844757080078
2005-06-24,121.4713170078778,125.05005344835348,121.0041196347706,123.8783187866211,6021320,0.0,0.0,118.02701161702474,1.4043239878899216,2005,6,24,4,122.16275787353516
2005-06-27,123.3120584474042,124.5548079049538,122.2188212600747,123.00931549072266,3548128,0.0,0.0,118.53208389282227,-0.70149748915731,2005,6,27,0,123.8783187866211
2005-06-28,123.15326143055673,124.08765643382348,122.78511527424035,123.67279052734376,5776112,0.0,0.0,119.07091827392578,0.5393697493350835,2005,6,28,1,123.00931549072266
2005-06-29,123.80730212881949,126.88706351896523,123.54193721836592,124.51371002197266,6446640,0.0,0.0,119.66226730346679,0.6799551389139014,2005,6,29,2,123.67279052734376
2005-06-30,125.096794055224,127.54490413624308,125.096794055224,126.9001693725586,7189000,0.0,0.0,120.27149378458658,1.9166237598773783,2005,6,30,3,124.51371002197266
2005-07-01,126.14331952761208,126.76935958797743,125.24256141794638,126.3675765991211,4820568,0.0,0.0,120.84066543579101,-0.4196942967616524,2005,7,1,4,126.9001693725586
2005-07-04,126.96555010238885,128.18960481745222,124.367928402728,126.9898452758789,3951648,0.0,0.0,121.26195322672525,0.4924274829862796,2005,7,4,0,126.3675765991211
2005-07-05,127.98966911923374,127.98966911923374,122.64866499490245,123.35880279541016,5187376,0.0,0.0,121.52775599161784,-2.8593171938909756,2005,7,5,1,126.9898452758789
2005-07-06,124.37176122941256,124.99080390489836,123.4488246686965,124.0997543334961,3057216,0.625,0.0,121.73821131388347,0.6006474781656168,2005,7,6,2,123.35880279541016
2005-07-07,124.09976765966962,125.68490040997378,122.23888398186122,122.83917236328124,3488888,0.0,0.0,121.81476643880208,-1.01578119713861,2005,7,7,3,124.0997543334961
2005-07-08,122.92736868807016,124.6907141609063,121.32911430264924,122.9742660522461,6088000,0.0,0.0,121.96079584757487,0.10997606574989494,2005,7,8,4,122.83917236328124
2005-07-11,122.97423432880736,124.74695652726244,122.97423432880736,124.37741088867188,3791264,0.0,0.0,121.99817657470703,1.1410068801139595,2005,7,11,0,122.9742660522461
2005-07-12,123.6776618787098,123.9027713990184,119.33497509531502,120.61058044433594,6150600,0.0,0.0,121.86277669270834,-3.028548686953747,2005,7,12,1,124.37741088867188
2005-07-13,120.52617963108976,121.93310001588848,118.8378751693313,119.19054412841795,6469840,0.0,0.0,121.77273483276367,-1.1773729225798335,2005,7,13,2,120.61058044433594
2005-07-14,119.93148513236598,120.77938108701032,114.0880731385209,114.8984603881836,8860408,0.0,0.0,121.65156453450521,-3.6010270543022194,2005,7,14,3,119.19054412841795
2005-07-15,115.46124842995044,118.35950626533922,113.96616676084734,117.0988998413086,9341720,0.0,0.0,121.5271235148112,1.9151165696135841,2005,7,15,4,114.8984603881836
2005-07-18,117.43098129319938,138.72238125610374,117.43098129319938,124.01536560058594,14475608,0.0,0.0,121.67297185262045,5.9065164306842055,2005,7,18,0,117.0988998413086
2005-07-19,126.47276523415474,127.37319198923544,118.18131215496072,123.73020935058594,4677744,0.0,0.0,121.81785024007162,-0.2299362249339354,2005,7,19,1,124.01536560058594
2005-07-20,125.2159012324132,125.2159012324132,122.41707111036465,122.70783233642578,3494304,0.0,0.0,121.88367258707682,-0.8262953885928348,2005,7,20,2,123.73020935058594
2005-07-21,123.90279274263024,123.90279274263024,120.05721022752968,121.02330017089844,4198984,0.0,0.0,121.9394421895345,-1.3727992202721806,2005,7,21,3,122.70783233642578
2005-07-22,120.52617278743072,121.73237108822934,119.15677264722606,121.36656951904295,5179296,0.0,0.0,122.04134953816732,0.28363905765236286,2005,7,22,4,121.02330017089844
2005-07-25,121.6141790781155,122.15443734768076,119.60697064808932,120.46613311767578,5433024,0.0,0.0,122.09611307779947,-0.7419146845259461,2005,7,25,0,121.36656951904295
2005-07-26,120.6068821548686,121.18278313286724,118.18135197168164,118.67471313476562,5229680,0.0,0.0,122.10860290527344,-1.4870735339037044,2005,7,26,1,120.46613311767578
2005-07-27,118.65028212069538,120.80755997743528,118.65028212069538,120.47927856445312,2597408,0.0,0.0,122.16224644978841,1.5205980971179978,2005,7,27,2,118.67471313476562
2005-07-28,240.95855712890628,240.95855712890628,240.95855712890628,240.95855712890625,0,0.0,0.0,126.21461130777995,100.0,2005,7,28,3,120.47927856445312
2005-07-29,119.58827473107108,120.99519561026014,118.36894330244054,119.00675201416016,8358552,0.0,0.0,126.23318634033203,-50.61111195544934,2005,7,29,4,240.95855712890625
2005-08-01,118.83790391071496,119.58826163075103,116.55494375337922,117.44973754882812,5430792,0.0,0.0,126.11190439860026,-1.3083412823053697,2005,8,1,0,119.00675201416016
2005-08-02,121.18274657341276,121.74551474635432,117.993726926744,121.02330017089844,4821520,0.0,0.0,126.08108571370443,3.042631424003517,2005,8,2,1,117.44973754882812
2005-08-03,121.69863050445362,122.62720037971532,120.33860727338264,122.00440216064452,7274320,0.0,0.0,125.99495086669921,0.8106719849488853,2005,8,3,2,121.02330017089844
2005-08-04,122.40206180253648,123.79022769628416,120.80755218518544,121.4885025024414,6346936,0.0,0.0,125.97247568766277,-0.4228533143614155,2005,8,4,3,122.00440216064452
2005-08-05,121.93309029432773,122.68344777306204,119.79456690011632,120.56369018554688,3162848,0.0,0.0,125.86198806762695,-0.7612344360536927,2005,8,5,4,121.4885025024414
2005-08-08,120.99513734788545,120.99513734788545,118.8622472380422,120.34420776367188,4109360,0.0,0.0,125.77315114339193,-0.18204686795603164,2005,8,8,0,120.56369018554688
2005-08-09,119.58827510465171,120.71381181151904,118.55653312335669,120.4699478149414,4743752,0.0,0.0,125.66638971964518,0.10448367528950175,2005,8,9,1,120.34420776367188
2005-08-10,120.5881038433621,123.49573970335786,120.5881038433621,123.1580810546875,6958080,0.0,0.0,125.62120208740234,2.2313724613506336,2005,8,10,2,120.4699478149414
2005-08-11,123.49574484781468,124.65316835184434,122.55216457880329,123.13932037353516,3645312,0.0,0.0,125.49584045410157,-0.015233008659831793,2005,8,11,3,123.1580810546875
2005-08-12,124.59688436139972,124.59688436139972,119.64451951857616,120.32546997070312,3821832,0.0,0.0,125.29443689982097,-2.28509495934881,2005,8,12,4,123.13932037353516
2005-08-16,120.99513725767449,120.99513725767449,118.65027025655677,119.03108215332033,3653408,0.0,0.0,125.02914479573568,-1.0757388420738812,2005,8,16,1,120.32546997070312
2005-08-17,120.0572071854946,122.12069043399528,118.30325100408804,121.85431671142578,5637488,0.0,0.0,124.97899525960287,2.371846501797692,2005,8,17,2,119.03108215332033
2005-08-18,122.87341384434616,124.56562612376334,122.71359838615416,123.50328826904295,7813656,0.375,0.0,124.95911305745443,1.3532319593751119,2005,8,18,3,121.85431671142578
2005-08-19,123.62552636007187,125.2237270810766,123.25887801710184,124.5994873046875,4966272,0.0,0.0,125.01779022216797,0.8875869225899224,2005,8,19,4,123.50328826904295
2005-08-22,124.56561656248677,126.76549465208296,117.04467367569512,123.89437103271484,4492016,0.0,0.0,125.0484603881836,-0.5659062386415892,2005,8,22,0,124.5994873046875
2005-08-23,124.7536344463826,125.09772078105782,123.437469501206,123.72515106201172,4686416,0.0,0.0,125.02671839396159,-0.13658406696979153,2005,8,23,1,123.89437103271484
2005-08-24,123.72517122081987,123.90754859872094,120.71114749678124,121.8110809326172,4036760,0.0,0.0,125.0667350769043,-1.5470339805325195,2005,8,24,2,123.72515106201172
2005-08-25,122.68540328547545,125.03569836757268,122.215344269056,124.43966674804688,6341224,0.0,0.0,125.24170583089193,2.1579201131001646,2005,8,25,3,121.8110809326172
2005-08-26,124.89085080173474,128.79610272757506,124.5655738058664,128.30348205566406,8198664,0.0,0.0,125.68853988647462,3.10497079314771,2005,8,26,4,124.43966674804688
2005-08-29,128.79618757007609,129.54828209603272,125.03571494029283,127.41985321044922,4081336,0.0,0.0,126.03257166544596,-0.6887021544991878,2005,8,29,0,128.30348205566406
2005-08-30,127.4479852535182,130.77035762503422,127.4479852535182,130.1461181640625,5807592,0.0,0.0,126.23693008422852,2.1395919748161463,2005,8,30,1,127.41985321044922
2005-08-31,129.81147719793495,133.0605185169744,129.73626317958556,132.07339477539062,7408896,0.0,0.0,126.51503626505534,1.4808560090117995,2005,8,31,2,130.1461181640625
2005-09-01,132.54349020245988,134.8129366923853,132.46264142229492,133.8972625732422,7600184,0.0,0.0,126.88801727294921,1.3809501913336186,2005,9,1,3,132.07339477539062
2005-09-02,134.43688266692166,135.3770007275295,133.0323517928778,134.17364501953125,4920864,0.0,0.0,127.32636210123698,0.20641381382826562,2005,9,2,4,133.8972625732422
2005-09-05,135.37704202859035,137.905962678363,132.2144825307404,132.5811309814453,7254784,0.0,0.0,127.70018081665039,-1.1869052509187794,2005,9,5,0,134.17364501953125
2005-09-06,133.0266687188334,133.4873287361081,130.48835065847405,131.47171020507812,5023440,0.0,0.0,128.06703338623046,-0.8367863270999365,2005,9,6,1,132.5811309814453
2005-09-08,131.6165630864612,133.02674054810188,131.17094792666705,132.19003295898438,2878192,0.0,0.0,128.51754404703777,0.5463705863305135,2005,9,8,3,131.47171020507812
2005-09-09,127.00996684099604,132.93271140871087,127.00996684099604,130.86068725585938,3741776,0.0,0.0,128.86359100341798,-1.0056323259541533,2005,9,9,4,132.19003295898438
2005-09-12,134.34290938493868,153.9913824860249,132.22764314199878,134.45571899414062,6631072,0.0,0.0,125.31349639892578,2.747220585241328,2005,9,12,0,130.86068725585938
2005-09-13,134.53091144830535,134.53091144830535,132.61306806745876,133.722412109375,2244984,0.0,0.0,125.80401840209962,-0.5453891364766594,2005,9,13,1,134.45571899414062
2005-09-14,133.49675212384605,134.15483470473825,130.39436281392568,131.63156127929688,3890080,0.0,0.0,126.2767458597819,-1.5635754673404834,2005,9,14,2,133.722412109375
2005-09-15,131.80458556754948,136.76465063295467,131.80458556754948,136.30775451660156,11040736,0.0,0.0,126.78622767130534,3.55248634283285,2005,9,15,3,131.63156127929688
2005-09-16,136.76459541743273,138.9212204169272,135.0197310497993,137.03158569335938,5480184,0.0,0.0,127.2871337890625,0.5310271446586468,2005,9,16,4,136.30775451660156
2005-09-19,138.9212051961837,139.13743688446377,135.65900096235217,136.7081756591797,2877448,0.0,0.0,127.79445622762044,-0.23601130538136728,2005,9,19,0,137.03158569335938
2005-09-20,136.78716659701703,139.13746155572866,133.49675365482074,138.24058532714844,6293424,0.0,0.0,128.38368606567383,1.1209349115952838,2005,9,20,1,136.7081756591797
2005-09-21,138.57340608292495,138.76142970040516,131.61653223615667,136.6612091064453,6215320,0.0,0.0,128.92758611043294,-1.1424837481449512,2005,9,21,2,138.24058532714844
2005-09-22,138.76146012981718,139.79559025273588,131.33452561067386,131.75381469726562,6482408,0.0,0.0,129.30371500651043,-3.5909197944804627,2005,9,22,3,136.6612091064453
2005-09-23,131.6503774798001,134.41809114647256,131.6503774798001,132.7879180908203,3815824,0.0,0.0,129.6247095743815,0.7848754860956264,2005,9,23,4,131.75381469726562
2005-09-26,133.49673127369073,138.47935575080737,133.12068414334232,137.81187438964844,2290048,0.0,0.0,130.11379470825196,3.7834438336415532,2005,9,26,0,132.7879180908203
2005-09-27,138.66739488955906,139.23146564843182,135.96926101670385,137.47344970703125,6404008,0.0,0.0,130.6853940327962,-0.24557004548122485,2005,9,27,1,137.81187438964844
2005-09-28,137.633234325823,138.6579649367095,136.03503420045485,138.15029907226562,5900064,0.0,0.0,131.32270126342775,0.4923491530014035,2005,9,28,2,137.47344970703125
2005-09-29,139.13747799645424,140.49125034784615,137.7273008545983,138.4662322998047,8421888,0.0,0.0,131.87643178304037,0.2286880518252099,2005,9,29,3,138.15029907226562
2005-09-30,139.13740181675897,140.24674515139154,137.6576576641697,139.35926818847656,4982976,0.0,0.0,132.40496444702148,0.6449485003233724,2005,9,30,4,138.4662322998047
2005-10-03,136.82481000737462,141.47839526349125,136.82481000737462,140.8203125,4472520,0.0,0.0,132.94565862019857,1.0484012513236163,2005,10,3,0,139.35926818847656
2005-10-04,140.99888999701275,141.2057113486485,139.44769543159816,140.0550079345703,6350472,0.0,0.0,133.48434651692708,-0.5434617718446555,2005,10,4,1,140.8203125
2005-10-05,139.5135070800781,139.98356606619697,137.72728293282643,138.1973419189453,6577720,0.0,0.0,133.96675287882488,-1.3263831426098327,2005,10,5,2,140.0550079345703
2005-10-06,137.73289234116993,137.73289234116993,133.2297261623758,133.934814453125,8233792,0.0,0.0,134.37087732950846,-3.084377316258624,2005,10,6,3,138.1973419189453
2005-10-07,133.96683902366735,136.69318171257004,133.0455186280312,135.82827758789062,6206624,0.0,0.0,134.7504976908366,1.4137199073272377,2005,10,7,4,133.934814453125
2005-10-10,136.2983521683811,138.6674456321498,135.68727528932416,136.17613220214844,5371728,0.0,0.0,135.01291936238607,0.2560988186224522,2005,10,10,0,135.82827758789062
2005-10-11,137.25726844640127,138.64864808682717,133.68481899368672,137.98680114746094,11565120,0.0,0.0,135.36515096028646,1.3296522055896265,2005,10,11,1,136.17613220214844
2005-10-13,138.1973093800102,139.60748600633684,134.47068123837877,135.49917602539062,13605792,0.0,0.0,135.54358622233073,-1.802799326735527,2005,10,13,3,137.98680114746094
2005-10-14,136.31710905288062,136.50513265157426,133.02669607574214,133.87844848632812,5226192,0.0,0.0,135.60375467936197,-1.196116158491467,2005,10,14,4,135.49917602539062
2005-10-17,134.43692573667468,135.56506777082862,133.86345583119063,134.82801818847656,4388816,0.0,0.0,135.63477986653646,0.7092774922958567,2005,10,17,0,133.87844848632812
2005-10-18,135.84917107634274,137.99713760463743,134.82229224044656,135.75119018554688,10941600,0.375,0.0,135.68736470540364,0.6847033795155388,2005,10,18,1,134.82801818847656
2005-10-19,137.54113252800306,137.54490456158547,129.2696033866212,132.04310607910156,10058832,0.0,0.0,135.6694305419922,-2.7315297209380196,2005,10,19,2,135.75119018554688
2005-10-20,133.31495070580414,135.1897092526033,131.0501776126818,133.43365478515625,6352952,0.0,0.0,135.73482869466145,1.0531020871484609,2005,10,20,3,132.04310607910156
2005-10-21,134.6244927055754,135.3593265870065,132.74031506099072,134.55477905273438,5923416,0.0,0.0,135.81365356445312,0.8402110167657906,2005,10,21,4,133.43365478515625
2005-10-24,134.9259382402627,136.0376074999306,131.99228416537835,132.59898376464844,3149632,0.0,0.0,135.87159678141276,-1.4535308978653405,2005,10,24,0,134.55477905273438
2005-10-25,133.62208536789856,136.69706412421334,132.69318733215334,135.6607666015625,5420312,0.0,0.0,135.9117650349935,2.30905452665342,2005,10,25,1,132.59898376464844
2005-10-26,135.66073540869857,136.13177962886766,133.69176826837116,133.98947143554688,4142808,0.0,0.0,135.92066701253256,-1.231966476294688,2005,10,26,2,135.6607666015625
2005-10-27,134.05917394779368,134.61500838154,130.9502823523775,132.0148468017578,6771944,0.0,0.0,135.93344319661458,-1.473716264892444,2005,10,27,3,133.98947143554688
2005-10-28,132.74028498993846,132.74028498993846,127.6530065020345,128.32754516601562,4501496,0.0,0.0,135.6674362182617,-2.7930961744623173,2005,10,28,4,132.0148468017578
2005-10-31,128.59510907062406,132.64609052852649,128.15797852864227,132.01112365722656,2851968,0.0,0.0,135.50008748372395,2.8704503670241133,2005,10,31,0,128.32754516601562
2005-11-02,132.01484013442666,135.283881986283,130.79954390848502,134.62442016601562,2852888,0.0,0.0,135.43062896728514,1.9796032609908032,2005,11,2,2,132.01112365722656
2005-11-04,134.62442016601562,134.62442016601562,134.62442016601562,134.62442016601562,0,0.0,0.0,135.31009012858073,0.0,2005,11,4,4,134.62442016601562
2005-11-07,132.64612560351367,138.27039209617573,132.64612560351367,137.99342346191406,4188480,0.0,0.0,135.35449727376303,2.502520190425983,2005,11,7,0,134.62442016601562
2005-11-08,138.86382734315492,139.83041094195605,138.52467782605507,139.14645385742188,5782184,0.0,0.0,135.60091857910157,0.8355690920488268,2005,11,8,1,137.99342346191406
2005-11-09,139.14651451478645,139.71742584252897,136.6273700061387,137.24349975585938,5000792,0.0,0.0,135.7494379679362,-1.3675908000590375,2005,11,9,2,139.14645385742188
2005-11-10,137.26231051718588,139.1370691516558,137.26231051718588,138.46441650390625,3095696,0.0,0.0,135.77118937174478,0.8895989611302113,2005,11,10,3,137.24349975585938
2005-11-11,138.01594102223862,140.18274419187102,138.01594102223862,139.67967224121094,5919888,0.0,0.0,135.8447301228841,0.8776664561110481,2005,11,11,4,138.46441650390625
2005-11-14,140.37127644338057,142.69447139300482,140.37127644338057,142.28372192382812,8040360,0.0,0.0,135.98251088460287,1.8643011118470332,2005,11,14,0,139.67967224121094
2005-11-16,142.37409622024882,142.91485420805458,141.5262163996341,142.41554260253906,6742576,0.0,0.0,136.11415456136066,0.09264635260350929,2005,11,16,2,142.28372192382812
2005-11-17,141.31329949085685,143.00905908474715,140.60296095871564,142.03494262695312,4878464,0.0,0.0,136.2033437093099,-0.26724609451380665,2005,11,17,3,142.41554260253906
2005-11-18,142.44387928040743,144.2338486628993,142.44387928040743,143.85324096679688,8707720,0.0,0.0,136.3044413248698,1.2801767693316313,2005,11,18,4,142.03494262695312
2005-11-21,144.08304561261133,144.95918118855604,141.8785557923112,143.0712432861328,6597336,0.0,0.0,136.4049825032552,-0.5436079683769912,2005,11,21,0,143.85324096679688
2005-11-22,142.6322092198873,143.64966947354523,140.18277894266333,141.3000946044922,4751000,0.0,0.0,136.50840759277344,-1.2379487596249183,2005,11,22,1,143.0712432861328
2005-11-23,141.31328967596951,143.38588459121706,141.21908081618554,142.8828125,6054776,0.0,0.0,136.80667419433593,1.120110994927459,2005,11,23,2,141.3000946044922
2005-11-24,142.8205434838146,144.44093027422505,142.8205434838146,143.5987091064453,4544088,0.0,0.0,137.06568857828776,0.5010375943189871,2005,11,24,3,142.8828125
2005-11-25,143.59871152572717,145.08155717056653,142.28920685903816,144.488037109375,3344264,0.0,0.0,137.3427520751953,0.619314761576617,2005,11,25,4,143.5987091064453
2005-11-28,144.96859459355133,146.02372919803722,144.7048051923775,145.80328369140625,2535248,0.0,0.0,137.60330149332682,0.9102806075465208,2005,11,28,0,144.488037109375
2005-11-29,145.53382739634213,146.02370878707043,143.25020592860935,145.58657836914062,3303424,0.0,0.0,137.93954823811848,-0.1486285608795268,2005,11,29,1,145.80328369140625
2005-11-30,144.32790376837025,146.25918446500967,142.72635392237655,143.301025390625,4023376,0.0,0.0,138.25363413492838,-1.5698926399111524,2005,11,30,2,145.58657836914062
2005-12-01,143.19748781324668,146.4627705909128,143.08066973003915,146.03317260742188,4161968,0.0,0.0,138.62713928222655,1.9065789720271065,2005,12,1,3,143.301025390625
2005-12-02,146.46272860317222,148.32241031413358,145.18149059006285,146.02371215820312,4784360,0.0,0.0,138.9695566813151,-0.006478287809430494,2005,12,2,4,146.03317260742188
2005-12-05,146.2121418096484,146.409978103571,143.78720682103537,144.26766967773438,1913080,0.0,0.0,139.37704213460287,-1.2025735098188939,2005,12,5,0,146.02371215820312
2005-12-06,144.61062039801206,147.9079309608332,143.7910078010106,146.4005889892578,3233064,0.0,0.0,139.80927327473958,1.4784458058329841,2005,12,6,1,144.26766967773438
2005-12-07,147.15418791755198,150.7341233470443,146.9940375115361,150.3158416748047,5618952,0.0,0.0,140.3346420288086,2.6743421680046398,2005,12,7,2,146.4005889892578
2005-12-08,150.2630872881689,153.06108500314932,150.00495600807068,152.2942352294922,9585192,0.0,0.0,140.99115041097005,1.3161577200675678,2005,12,8,3,150.3158416748047
2005-12-09,152.4299443012017,159.64634109479738,151.79874950271608,158.52525329589844,6194224,0.0,0.0,141.75329996744793,4.091433964665003,2005,12,9,4,152.2942352294922
2005-12-12,155.47848605692394,160.6260579994523,154.69090160416462,155.46340942382812,6191488,0.0,0.0,142.46909790039064,-1.9314549627971078,2005,12,12,0,158.52525329589844
2005-12-13,155.63305085967852,158.08248144221582,154.9735887797646,157.1027069091797,6027072,0.0,0.0,143.30535990397135,1.0544587253213278,2005,12,13,1,155.46340942382812
2005-12-14,156.3867265953431,160.15508145306222,154.50254916648356,158.63832092285156,4819208,0.0,0.0,144.3157190958659,0.9774586599323287,2005,12,14,2,157.1027069091797
2005-12-15,159.20353322523644,160.01372701134918,157.1780430099029,158.53465270996094,4249016,0.0,0.0,145.19983673095703,-0.06534878350170636,2005,12,15,3,158.63832092285156
2005-12-16,159.21297447410402,162.60449345698433,158.55351244965507,161.5116729736328,7907432,0.0,0.0,146.09607849121093,1.8778356736418589,2005,12,16,4,158.53465270996094
2005-12-19,162.60447067655224,165.14810955735578,161.75659104961773,163.41090393066406,4701168,0.0,0.0,147.05562795003254,1.175909407700404,2005,12,19,0,161.5116729736328
2005-12-20,164.86547856968625,164.86547856968625,158.93032134117755,159.5426788330078,4628568,0.0,0.0,147.77393646240233,-2.3671768557730677,2005,12,20,1,163.41090393066406
2005-12-21,160.6260693641158,161.53047191212792,157.42296886066717,158.84552001953125,3282432,0.0,0.0,148.43057200113932,-0.4369732403743054,2005,12,21,2,159.5426788330078
2005-12-22,159.21298040324723,160.1268017854012,158.17291086306446,158.7136688232422,2519208,0.0,0.0,149.14624430338543,-0.08300592693634146,2005,12,22,3,158.84552001953125
2005-12-23,158.930309641624,160.6260687249371,156.85771520646352,157.49456787109375,2455032,0.0,0.0,149.78058268229168,-0.7681133963994835,2005,12,23,4,158.7136688232422
2005-12-26,157.70562813209375,157.70562813209375,156.0343639128767,156.659912109375,1625280,0.0,0.0,150.34659067789713,-0.5299584442822858,2005,12,26,0,157.49456787109375
2005-12-27,156.64669416501638,160.43765702581788,154.78512653753305,159.981689453125,1565208,0.0,0.0,150.9365229288737,2.120374829159122,2005,12,27,1,156.659912109375
2005-12-28,159.68403052786073,161.0971635413816,157.95624311669218,158.8041229248047,2582056,0.0,0.0,151.4828089396159,-0.7360633159617547,2005,12,28,2,159.981689453125
2005-12-29,159.21296332979557,162.02981036565126,158.42726470712032,161.10279846191406,3461784,0.0,0.0,152.11840413411457,1.4474910945466046,2005,12,29,3,158.8041229248047
2005-12-30,158.27090138524278,162.0298375931635,158.27090138524278,160.4245147705078,2380248,0.0,0.0,152.6707799275716,-0.4210253936504982,2005,12,30,4,161.10279846191406
2006-01-02,160.9087714638434,161.18197952337616,158.39904545163094,158.98690795898438,1653504,0.0,0.0,153.20130208333333,-0.8961266384878708,2006,1,2,0,160.4245147705078
2006-01-03,158.76645359427255,163.91967458629398,158.45933173404222,163.28282165527344,3396936,0.0,0.0,153.9340596516927,2.7020550002754495,2006,1,3,1,158.98690795898438
2006-01-04,163.92343941216325,164.85610955711584,162.24651686870882,164.21548461914062,3545616,0.0,0.0,154.64514872233073,0.5711947860848721,2006,1,4,2,163.28282165527344
2006-01-05,164.3944143156749,164.48862314909363,162.2181925637227,163.20361328125,1431824,0.0,0.0,155.29864552815755,-0.616185093773236,2006,1,5,3,164.21548461914062
2006-01-06,163.45234424064802,163.91396987598802,159.40136395111034,160.68260192871094,2965744,0.0,0.0,155.83846435546874,-1.544703148327109,2006,1,6,4,163.20361328125
2006-01-09,161.1121940372904,162.98129421449613,158.36506102576186,159.11495971679688,3883272,0.0,0.0,156.28218688964844,-0.9756141567894061,2006,1,9,0,160.68260192871094
2006-01-10,159.21295540072637,160.13620672439333,156.48089876958963,157.56430053710938,3972648,0.0,0.0,156.6814442952474,-0.9745527274415022,2006,1,10,1,159.11495971679688
2006-01-12,155.7272493153283,159.11876835667843,152.14731254945863,157.6773681640625,13919696,0.0,0.0,157.16065572102863,0.07175967307804232,2006,1,12,3,157.56430053710938
2006-01-13,158.27088514869837,159.21297375077395,154.87936618122626,155.6104278564453,3608568,0.0,0.0,157.47989756266276,-1.3108668236183063,2006,1,13,4,157.6773681640625
2006-01-16,155.5388452728675,155.5388452728675,150.97537310362856,151.55946350097656,4804912,0.0,0.0,157.66442260742187,-2.603273065482392,2006,1,16,0,155.6104278564453
2006-01-17,151.77048269167966,154.50253979786137,151.67627382594927,152.9386749267578,3753056,0.0,0.0,157.95345611572264,0.9100133993100057,2006,1,17,1,151.55946350097656
2006-01-18,152.73106459727603,153.2596203398889,151.2114956407638,152.85943603515625,3165120,0.375,0.0,158.16875101725262,-0.05181089194051802,2006,1,18,2,152.9386749267578
2006-01-19,153.25952898471243,156.17596225018403,153.25952898471243,155.76634216308594,3574728,0.0,0.0,158.35043436686198,1.9016857600214765,2006,1,19,3,152.85943603515625
2006-01-20,156.2043078624419,157.60684183627083,154.31664251062992,155.1660919189453,3294240,0.0,0.0,158.44616292317707,-0.3853529817835488,2006,1,20,4,155.76634216308594
2006-01-23,154.31669093220685,154.31669093220685,152.07981139697836,153.1048126220703,2280272,0.0,0.0,158.2654815673828,-1.3284341130095356,2006,1,23,0,155.1660919189453
2006-01-24,154.3166402865925,155.63800601381715,153.88247956621194,155.03395080566406,1890064,0.0,0.0,158.25116628011068,1.260011459179733,2006,1,24,1,153.1048126220703
2006-01-25,155.637988277568,156.6724250707234,155.11888037245788,155.8456268310547,6365736,0.0,0.0,158.20926361083986,0.5235472754016701,2006,1,25,2,155.03395080566406
2006-01-27,158.56386762674276,158.56386762674276,155.7889976389961,156.596923828125,3003816,0.0,0.0,158.14121704101564,0.4820776895361645,2006,1,27,4,155.8456268310547
2006-01-30,157.18595546008328,158.52619375701917,155.93065291891145,156.5724639892578,1383144,0.0,0.0,158.07581075032553,-0.015619616445361473,2006,1,30,0,156.596923828125
2006-01-31,158.5261891875277,158.5261891875277,155.95518900407362,157.65786743164062,1503160,0.0,0.0,157.94735056559244,0.6932275412471434,2006,1,31,1,156.5724639892578
2006-02-01,156.2987111008279,158.37514325313356,155.7701670390657,157.30484008789062,3896696,0.0,0.0,157.74381510416666,-0.22391990295255182,2006,2,1,2,157.65786743164062
2006-02-02,157.6200305832064,158.1863300942838,153.8126134297195,154.48651123046875,3135736,0.0,0.0,157.57527618408204,-1.791635181630269,2006,2,2,3,157.30484008789062
2006-02-03,154.7790663920511,155.5246962384315,152.18352747967003,153.92018127441406,4357520,0.0,0.0,157.41109822591145,-0.3665886112282135,2006,2,3,4,154.48651123046875
2006-02-06,153.83531893872717,158.84706908140106,153.5011984220832,158.47520446777344,2894976,0.0,0.0,157.4031494140625,2.9593411050098384,2006,2,6,0,153.92018127441406
2006-02-07,158.56394385188463,159.8381184006944,155.1906856347475,158.007080078125,7002784,0.0,0.0,157.42023315429688,-0.2953928289416652,2006,2,7,1,158.47520446777344
2006-02-08,157.24255769428453,157.81829344638868,155.95516826432785,156.91221618652344,3332648,0.0,0.0,157.42864329020182,-0.6929207799170833,2006,2,8,2,158.007080078125
2006-02-10,157.63524238941872,158.37520436139627,155.26622346040267,157.58238220214844,2728200,0.0,0.0,157.34866638183593,0.4270961381543259,2006,2,10,4,156.91221618652344
2006-02-13,157.58227792183905,157.62003352756142,155.5436019481564,155.82675170898438,2020544,0.0,0.0,157.24942067464193,-1.1141032827590602,2006,2,13,0,157.58238220214844
2006-02-14,157.6200537903971,157.6200537903971,152.33459090880294,152.76498413085938,6962064,0.0,0.0,156.97149353027345,-1.9648536240061243,2006,2,14,1,155.82675170898438
2006-02-15,155.53417119646818,155.53417119646818,151.48512717517085,152.84046936035156,4209320,0.0,0.0,156.71869201660155,0.04941265167646147,2006,2,15,2,152.76498413085938
2006-02-16,153.3728195093855,154.7696965663985,152.1458369533104,153.7654571533203,5284488,0.0,0.0,156.54464365641277,0.6051982153940649,2006,2,16,3,152.84046936035156
2006-02-17,155.73238431490384,156.33643950379812,152.9008864182692,153.372802734375,2923448,0.0,0.0,156.2143096923828,-0.2553593155540712,2006,2,17,4,153.7654571533203
2006-02-20,154.69416117926377,156.204293320123,153.59931768141965,155.7191619873047,2643608,0.0,0.0,155.93109893798828,1.5298405004656068,2006,2,20,0,153.372802734375
2006-02-21,156.2042769378259,157.71440892030645,155.83617996281777,157.24249267578125,2301240,0.0,0.0,155.73239491780598,0.9782551286788621,2006,2,21,1,155.7191619873047
2006-02-22,157.62007263942436,157.62007263942436,155.8551099675294,156.85179138183594,1156592,0.0,0.0,155.60470123291014,-0.24847055480792246,2006,2,22,2,157.24249267578125
2006-02-23,156.67621978968856,159.49828171548054,156.67621978968856,157.67291259765625,4141584,0.0,0.0,155.55663299560547,0.5235013311524206,2006,2,23,3,156.85179138183594
2006-02-24,157.64460446767552,158.56389661323345,156.32701768028355,157.625732421875,1097336,0.0,0.0,155.55868072509764,-0.02992281616668313,2006,2,24,4,157.67291259765625
2006-02-27,157.33692552242007,159.97965732483624,157.2802978595047,159.54171752929688,2521112,0.0,0.0,155.6208257039388,1.2155281234753401,2006,2,27,0,157.625732421875
2006-02-28,159.97964152110168,160.82909094510754,157.6200597877521,160.52706909179688,2821744,0.0,0.0,155.7847137451172,0.6176137362436718,2006,2,28,1,159.54171752929688
2006-03-01,160.45158511132166,164.73658857092695,159.2491429775521,164.24578857421875,4506152,0.0,0.0,156.20759124755858,2.3165684787375795,2006,3,1,2,160.52706909179688
2006-03-02,164.73656702936583,165.54826087303888,162.37320618615612,164.39678955078125,3277696,0.0,0.0,156.58952840169272,0.09193598074770382,2006,3,2,3,164.24578857421875
2006-03-03,164.41567313143528,164.41567313143528,160.20240214577512,160.99522399902344,2124440,0.0,0.0,156.8607213338216,-2.069119209111492,2006,3,3,4,164.39678955078125
2006-03-06,161.9616551356658,165.45383534546744,161.39535564218446,164.63270568847656,3631584,0.0,0.0,157.15626678466796,2.259372420560246,2006,3,6,0,160.99522399902344
2006-03-07,164.24201024402558,165.17073848471435,162.33924011069067,162.7828369140625,1985168,0.0,0.0,157.4101582845052,-1.1236338288179826,2006,3,7,1,164.63270568847656
2006-03-08,163.47176752074873,164.2268334215374,160.92342010558696,162.58079528808594,3813488,0.0,0.0,157.72602437337238,-0.12411727784498172,2006,3,8,2,162.7828369140625
2006-03-09,162.33927218815103,163.0943385704215,159.50777325463676,162.7979736328125,4662712,0.0,0.0,157.98482513427734,0.13358179503411005,2006,3,9,3,162.58079528808594
2006-03-10,159.69654205181195,167.53035587586655,159.50777545364195,166.46005249023438,6434944,0.0,0.0,158.33863932291666,2.2494621866004483,2006,3,10,4,162.7979736328125
2006-03-13,167.41706707249776,174.38254624029958,167.41706707249776,172.58926391601562,7178552,0.0,0.0,158.87171732584636,3.6820914892723655,2006,3,13,0,166.46005249023438
2006-03-14,172.24003224337727,172.50429848733197,169.0498730992602,170.18814086914062,3477456,0.0,0.0,159.32557322184246,-1.3912354641267943,2006,3,14,1,172.58926391601562
2006-03-16,171.49439418667578,173.6557732806492,170.48449784983055,173.23104858398438,4600064,0.0,0.0,159.8446792602539,1.7879669519296648,2006,3,16,3,170.18814086914062
2006-03-17,173.66519884932495,177.48772088921498,173.66519884932495,175.64724731445312,5932240,0.0,0.0,160.45609283447266,1.3947838740336227,2006,3,17,4,173.23104858398438
2006-03-20,176.87422125794353,180.74393474330944,176.07196358414816,180.083251953125,7012872,0.0,0.0,161.30931752522787,2.525519019794431,2006,3,20,0,175.64724731445312
2006-03-21,180.0832625101996,182.63161056458924,179.20172607589373,180.7628173828125,5301384,0.0,0.0,162.20407206217448,0.37736181589189677,2006,3,21,1,180.083251953125
2006-03-22,181.21587927587964,181.21587927587964,177.55380377362144,178.70150756835938,5121168,0.0,0.0,162.87828216552734,-1.140339503609178,2006,3,22,2,180.7628173828125
2006-03-23,179.32826692457184,181.1215495938176,176.3325419556596,176.89317321777344,2644488,0.0,0.0,163.50781860351563,-1.0119301035522499,2006,3,23,3,178.70150756835938
2006-03-24,178.10128622657606,179.80018561824454,176.4080553631513,178.52223205566406,2917384,0.0,0.0,164.2281524658203,0.9209280427600719,2006,3,24,4,176.89317321777344
2006-03-27,178.8563182472062,180.27206746816037,177.96534560108947,178.47500610351562,2928432,0.0,0.0,164.92457326253256,-0.026453821243799247,2006,3,27,0,178.52223205566406
2006-03-28,179.32817626782625,180.3663920251663,177.53489450514795,178.15782165527344,3751272,0.0,0.0,165.6689422607422,-0.17771925333803784,2006,3,28,1,178.47500610351562
2006-03-29,177.346184646843,179.60194736254306,176.21358527709202,179.15457153320312,4284296,0.0,0.0,166.54859517415363,0.5594757887522617,2006,3,29,2,178.15782165527344
2006-03-30,179.6019961103636,189.71044592476125,179.6019961103636,185.7557830810547,5784168,0.0,0.0,167.6457722981771,3.68464588503572,2006,3,30,3,179.15457153320312
2006-03-31,184.79302148674785,184.79302148674785,180.2720601861765,180.79116821289065,2920168,0.0,0.0,168.5466293334961,-2.672656961639641,2006,3,31,4,185.7557830810547
2006-04-03,181.87657774639115,184.61369282404831,181.21589479661185,184.1191253662109,3105672,0.0,0.0,169.5715067545573,1.840774185053906,2006,4,3,0,180.79116821289065
2006-04-04,184.08516104153807,184.9912382716504,183.10924110236147,183.9114990234375,2971608,0.0,0.0,170.5112513224284,-0.11276739576100425,2006,4,4,1,184.1191253662109
2006-04-05,184.0568383480853,185.47825612399689,181.21590382674745,182.3541717529297,2776928,0.0,0.0,171.34830729166666,-0.8467808042330938,2006,4,5,2,183.9114990234375
2006-04-07,183.85863298902916,188.48341379830143,176.96865341603163,178.31455993652344,7385560,0.0,0.0,172.06373291015626,-2.215256046831482,2006,4,7,4,182.3541717529297
2006-04-10,179.32821063583611,181.21209699335355,177.44054526072205,178.77134704589844,7034440,0.0,0.0,172.767014058431,0.2561692716161801,2006,4,10,0,178.31455993652344
2006-04-12,179.15833098286083,179.3282254892512,166.39771659871045,168.07774353027344,13157376,0.0,0.0,173.11541442871095,-5.981721171950161,2006,4,12,2,178.77134704589844
2006-04-13,170.36177239378128,172.6930341442968,167.0583585246498,169.62181091308594,8601672,0.0,0.0,173.4514175415039,0.9186626083746763,2006,4,13,3,168.07774353027344
2006-04-17,172.2494236016939,180.36638274128055,171.3301317092242,179.94732666015625,9688752,0.0,0.0,174.09875946044923,6.087375020634056,2006,4,17,0,169.62181091308594
2006-04-18,186.69008952167147,197.07224819072292,186.69008952167147,189.6631622314453,14778488,0.0,0.0,174.94600524902344,5.399266414020221,2006,4,18,1,179.94732666015625
2006-04-19,191.5036543509337,193.48570301597536,188.57777298825303,189.9708709716797,9803312,0.0,0.0,175.79847462972006,0.16223959181851377,2006,4,19,2,189.6631622314453
2006-04-20,190.6448073802488,191.12238083052236,186.406995408208,187.8133087158203,6296944,0.0,0.0,176.69241078694662,-1.1357332020555,2006,4,20,3,189.9708709716797
2006-04-21,188.76649487368945,191.5942132800517,185.46308121339987,188.6777801513672,4973000,0.0,0.0,177.49391326904296,0.46028230984147545,2006,4,21,4,187.8133087158203
2006-04-24,188.5777162411378,188.73439564778832,185.4630692761941,186.80897521972656,5234808,0.0,0.0,178.29478454589844,-0.9904743049983789,2006,4,24,0,188.6777801513672
2006-04-25,186.8694282454625,186.8694282454625,179.2338198203483,181.87277221679688,5702208,0.0,0.0,178.93785044352214,-2.642380001883571,2006,4,25,1,186.80897521972656
2006-04-26,181.97095151884955,184.61368317991167,180.27205259388103,183.3262939453125,7071136,0.0,0.0,179.62212778727215,0.7991969940299715,2006,4,26,2,181.87277221679688
2006-04-27,183.32629001916845,189.04969299083436,182.15971416490777,183.65663146972656,7164848,0.0,0.0,180.19534708658855,0.1801910229596526,2006,4,27,3,183.3262939453125
2006-04-28,179.98894863686527,187.91714564027205,172.75541132166538,186.69583129882807,5292360,0.0,0.0,180.66556599934896,1.654827165662387,2006,4,28,4,183.65663146972656
2006-05-02,187.25640192126917,191.06948821628364,186.8788688528795,190.0086212158203,6239280,0.0,0.0,181.3262486775716,1.7744316484976874,2006,5,2,1,186.69583129882807
2006-05-03,191.0317419696753,192.53243829436835,190.18796105073125,191.7452850341797,3148160,0.0,0.0,181.94338989257812,0.913992116382345,2006,5,3,2,190.0086212158203
2006-05-04,191.40923976182043,194.23128984888643,190.7768765664309,192.89105224609372,3929824,0.0,0.0,182.51818339029947,0.5975464855418888,2006,5,4,3,191.7452850341797
2006-05-05,193.95761016065944,193.95761016065944,188.29461424355992,189.39512634277344,2710520,0.0,0.0,182.82857920328777,-1.812383655235661,2006,5,5,4,192.89105224609372
2006-05-08,190.74854908291007,197.44975986217116,189.71033332837663,190.6031951904297,1484712,0.0,0.0,183.156591796875,0.6378563540594184,2006,5,8,0,189.39512634277344
2006-05-09,191.7867670610182,192.95712168397625,189.2384192703452,191.1128692626953,1800392,0.0,0.0,183.57030385335287,0.267400591976652,2006,5,9,1,190.6031951904297
2006-05-10,192.9572049117793,193.2025991672627,188.98367061374245,190.814697265625,1978192,0.0,0.0,184.03435465494792,-0.15601879570991128,2006,5,10,2,191.1128692626953
2006-05-11,191.53204267019535,191.53204267019535,189.2762794090964,190.5315704345703,1964024,0.0,0.0,184.4346659342448,-0.1483778949482928,2006,5,11,3,190.814697265625
2006-05-12,189.8047429152151,191.11289356487296,185.9633486989846,188.4040985107422,2777136,0.0,0.0,184.76563568115233,-1.1165981149348192,2006,5,12,4,190.5315704345703
2006-05-15,186.8788747705773,188.8609234423865,181.21587856540836,185.0761566162109,4034504,0.0,0.0,184.99624684651693,-1.7663850844208295,2006,5,15,0,188.4040985107422
2006-05-16,184.987483746036,188.2946781712906,181.19705882071167,186.37869262695312,2671568,0.0,0.0,185.23705088297527,0.7037838015208298,2006,5,16,1,185.0761566162109
2006-05-17,188.29460492074293,190.65418643604045,187.8226886176834,190.3295135498047,1343368,0.0,0.0,185.38950856526694,2.1197814337926113,2006,5,17,2,186.37869262695312
2006-05-18,187.82269217059616,188.75708877260817,179.32819855484058,181.7500762939453,4542360,0.0,0.0,185.42147216796874,-4.507675712424042,2006,5,18,3,190.3295135498047
2006-05-19,184.04736955943,184.97233017910716,174.75061781501776,178.60711669921875,4868216,0.0,0.0,185.23773854573568,-1.7292755297903861,2006,5,19,4,181.7500762939453
2006-05-22,181.21584088037068,181.21584088037068,164.60438879967003,168.04937744140625,4699416,0.0,0.0,184.70900115966796,-5.911152619742543,2006,5,22,0,178.60711669921875
2006-05-23,169.88992461681113,176.87428818439116,160.5459787628865,172.74029541015625,5388136,0.0,0.0,184.38853861490887,2.7913926490954033,2006,5,23,1,168.04937744140625
2006-05-24,176.49672777862725,177.44056054749691,166.11456732106095,169.00836181640625,5705568,0.0,0.0,184.07833201090494,-2.1604302487088223,2006,5,24,2,172.74029541015625
2006-05-25,168.00225591009814,179.17723973109432,164.69884076579845,177.15365600585938,5839048,0.0,0.0,184.02440897623697,4.819462245484263,2006,5,25,3,169.00836181640625
2006-05-26,178.38443608408826,179.32826907924218,173.75965440783412,176.15321350097656,2208184,0.0,0.0,184.29359130859376,-0.5647315033959655,2006,5,26,4,177.15365600585938
2006-05-29,176.0247845319473,176.0247845319473,173.69352255715967,174.66189575195312,2802688,0.0,0.0,184.461594136556,-0.8466026360712253,2006,5,29,0,176.15321350097656
2006-05-30,176.0247927683267,178.8657267977349,173.19329476132947,175.58685302734375,4516056,0.0,0.0,184.31624501546224,0.5295701569071554,2006,5,30,1,174.66189575195312
2006-05-31,173.7690575850419,173.7690575850419,163.2830772953809,168.2759552001953,5769856,0.0,0.0,183.60333811442058,-4.163693181521921,2006,5,31,2,175.58685302734375
2006-06-01,172.24944203334738,172.24944203334738,159.5077024856751,161.3349609375,5942760,0.0,0.0,182.64880777994793,-4.124768897872377,2006,6,1,3,168.2759552001953
2006-06-02,161.85787848888512,169.88989278225597,159.31896612024892,169.32359313964844,4213560,0.0,0.0,182.03248392740886,4.951581576446529,2006,6,2,4,161.3349609375
2006-06-05,169.32359948727154,170.30518787553495,165.57280896883597,166.83187866210938,3211680,0.0,0.0,181.30428721110027,-1.4715695735821321,2006,6,5,0,169.32359313964844
2006-06-06,164.67995589490369,168.7384370419193,159.50774740596228,165.06692504882812,2971136,0.0,0.0,180.57955220540364,-1.0579234780757174,2006,6,6,1,166.83187866210938
2006-06-07,169.88987444515445,169.88987444515445,159.81540581226835,160.82530212402344,5410536,0.0,0.0,179.87796986897786,-2.5696382988596778,2006,6,7,2,165.06692504882812
2006-06-08,162.8111109076071,162.8111109076071,152.07029214178277,155.53416442871094,5360992,0.0,0.0,178.95156555175782,-3.28999083193523,2006,6,8,3,160.82530212402344
2006-06-09,158.04102639863137,159.69651284869707,153.3728329663905,157.7295684814453,4061912,0.0,0.0,178.08733011881512,1.4115252817914703,2006,6,9,4,155.53416442871094
2006-06-12,160.35723442727527,160.35723442727527,152.99533667252103,154.6715850830078,3591904,0.0,0.0,177.0198552449544,-1.9387508809403875,2006,6,12,0,157.7295684814453
2006-06-13,152.99531527498118,153.7881372265833,147.33231779410588,148.2157440185547,2736984,0.0,0.0,175.62675933837892,-4.173902440444033,2006,6,13,1,154.6715850830078
2006-06-14,147.42287132334596,153.36901663157542,136.9746491760146,140.0326690673828,12786016,0.0,0.0,173.90300547281902,-5.5210564878637065,2006,6,14,2,148.2157440185547
2006-06-15,149.6918300610887,149.6918300610887,141.66925404898748,146.34689331054688,5967360,0.0,0.0,172.35153350830078,4.509107971173276,2006,6,15,3,140.0326690673828
2006-06-16,150.12760567594353,162.33848911364638,149.59752312451823,159.49874877929688,8390168,0.5625,0.0,171.35498758951823,8.986767789352301,2006,6,16,4,146.34689331054688
2006-06-19,159.02543497371994,159.4987249587608,154.88509510897725,157.92361450195312,4294088,0.0,0.0,170.2656682332357,-0.9875527484690894,2006,6,19,0,159.49874877929688
2006-06-20,159.78274535631044,159.78274535631044,151.45283920029425,152.14952087402344,3687920,0.0,0.0,168.96688995361328,-3.6562572647159564,2006,6,20,1,157.92361450195312
2006-06-21,153.34594750076792,155.90171329244737,150.9794976936573,155.36216735839844,5963496,0.0,0.0,167.78513895670574,2.1115061460068585,2006,6,21,2,152.14952087402344
2006-06-22,156.18570097971624,159.97202100346695,156.18570097971624,158.71875,3668104,0.0,0.0,166.7247116088867,2.1604890680099853,2006,6,22,3,155.36216735839844
2006-06-23,156.18568136670694,160.9185808020617,153.81923164902958,160.43203735351562,3304720,0.0,0.0,165.7923095703125,1.0794486180842666,2006,6,23,4,158.71875
2006-06-26,162.81178932435148,162.81178932435148,153.16235661274035,154.62387084960938,6575056,0.0,0.0,164.77723337809246,-3.620328333241707,2006,6,26,0,160.43203735351562
2006-06-27,156.94297442532925,156.94297442532925,151.45281006063138,155.6707763671875,5002632,0.0,0.0,163.7536361694336,0.6770659095686193,2006,6,27,1,154.62387084960938
2006-06-28,153.34589729550223,162.10744373919536,152.02068583739296,160.7860107421875,4785400,0.0,0.0,162.76885274251302,3.285931049084301,2006,6,28,2,155.6707763671875
2006-06-29,161.8650970389235,162.811676553771,158.07877897953347,159.10108947753906,6318576,0.0,0.0,162.01388651529948,-1.0479277748548177,2006,6,29,3,160.7860107421875
2006-06-30,164.23157900260898,167.2606340620231,161.45431738038852,164.58749389648438,5449760,0.0,0.0,161.54656575520832,3.4483763982771753,2006,6,30,4,159.10108947753906
2006-07-03,164.89418525353696,171.09428234544663,163.98547104418162,170.4032745361328,4285520,0.0,0.0,161.62502899169922,3.533549543749781,2006,7,3,0,164.58749389648438
2006-07-04,171.42559479434772,173.3187543172008,170.8576469374918,171.81369018554688,3584768,0.0,0.0,161.5941421508789,0.8276928088696955,2006,7,4,1,170.4032745361328
2006-07-05,171.99353676906128,176.253145549803,170.38435122966996,174.41677856445312,4245072,0.0,0.0,161.77442270914713,1.5150645889131953,2006,7,5,2,171.81369018554688
2006-07-06,173.03481750613938,173.4134494919296,169.64227814883955,170.7914276123047,2310920,0.0,0.0,161.56234842936198,-2.0785563074763203,2006,7,6,3,174.41677856445312
2006-07-07,172.2491447994464,173.39451575576075,164.70490739861987,165.339111328125,2928672,0.0,0.0,161.2018783569336,-3.19238287331165,2006,7,7,4,170.7914276123047
2006-07-10,164.70487280722148,172.05032919154638,164.70487280722148,170.22911071777344,3859312,0.0,0.0,161.05411885579426,2.9575575617700967,2006,7,10,0,165.339111328125
2006-07-11,170.38437741904693,171.8042472308723,166.89718039658422,167.5408477783203,3618984,0.0,0.0,160.78591868082682,-1.5792028332392904,2006,7,11,1,170.22911071777344
2006-07-12,168.49122570007836,180.7021066637357,168.49122570007836,178.9320068359375,9521616,0.0,0.0,161.14112040201823,6.799033912427888,2006,7,12,2,167.5408477783203
2006-07-13,179.0928562561526,179.73274497562684,175.1418340198005,176.76048278808594,5383576,0.0,0.0,161.65530446370443,-1.2136029133360315,2006,7,13,3,178.9320068359375
2006-07-14,174.1707066948039,179.47155428986315,172.7603002915609,177.41748046875,4949808,0.0,0.0,161.92510070800782,0.37168810036105615,2006,7,14,4,176.76048278808594
2006-07-17,178.4113885880663,181.17539734247876,175.21194382493633,175.96920776367188,8996832,0.0,0.0,162.22967834472655,-0.8163077850343092,2006,7,17,0,177.41748046875
2006-07-18,176.0638642330591,184.58308347014255,171.8515836102789,173.65008544921875,11043936,0.0,0.0,162.51578369140626,-1.3179137099757376,2006,7,18,1,175.96920776367188
2006-07-19,178.14639557264195,179.37694984599176,165.23126073009897,166.36715698242188,14046384,0.0,0.0,162.7005121866862,-4.194025270967494,2006,7,19,2,173.65008544921875
2006-07-20,168.1031767432665,172.27759303268715,167.54469212519575,170.967529296875,6312720,0.0,0.0,163.21495768229167,2.7651926004476968,2006,7,20,3,166.36715698242188
2006-07-21,170.1951050328415,170.8387841343605,165.8976289907698,167.313720703125,4391664,0.0,0.0,163.53442942301433,-2.1371359864511885,2006,7,21,4,170.967529296875
2006-07-24,169.91109896211435,173.41344473459247,164.23161933106874,172.0939178466797,6825088,0.0,0.0,164.11517384847005,2.857026383410899,2006,7,24,0,167.313720703125
2006-07-25,174.1707016455736,175.5905714959451,172.75651682097015,174.86170959472656,4636600,0.0,0.0,165.0033727010091,1.6083030607233484,2006,7,25,1,172.0939178466797
2006-07-26,175.87456797463977,179.3769140537903,173.4607889200901,178.7900390625,5908720,0.0,0.0,166.2952850341797,2.2465349771988663,2006,7,26,2,174.86170959472656
2006-07-27,179.3768741957348,181.7395337065614,177.5310435641692,179.82176208496094,7399848,0.0,0.0,167.41111399332684,0.5770584468076878,2006,7,27,3,178.7900390625
2006-07-28,178.25745945023468,184.8655640679929,175.20465568500612,176.04844665527344,3019608,0.375,2.0,167.9627705891927,-2.098364172354572,2006,7,28,4,179.82176208496094
2006-07-31,177.29048247991477,182.9789471584147,176.34240503349812,177.508544921875,1724700,0.0,0.0,168.6156016031901,0.8293729904136127,2006,7,31,0,176.04844665527344
2006-08-01,163.63812291877974,178.19110777859012,163.63812291877974,176.72158813476562,1762508,0.0,0.0,169.4346705118815,-0.4433345940927702,2006,8,1,1,177.508544921875
2006-08-02,175.39425638218887,178.7125260975276,174.44617932066353,178.2764129638672,1784732,0.0,0.0,170.19847869873047,0.8798160120176535,2006,8,2,2,176.72158813476562
2006-08-03,178.7124977750628,180.51384390648252,177.6885700816056,179.12965393066406,3010272,0.0,0.0,170.87884216308595,0.4786056397543703,2006,8,3,3,178.2764129638672
2006-08-04,182.03077875789933,182.7513149425083,178.8073170507282,179.85968017578125,2674200,0.0,0.0,171.52643025716145,0.4075406997658515,2006,8,4,4,179.12965393066406
2006-08-07,180.32425185149543,180.51386725827933,176.53194371581728,177.4989776611328,1719964,0.0,0.0,172.28893381754557,-1.3125245815745146,2006,8,7,0,179.85968017578125
2006-08-08,178.23847889495937,181.65155615039475,177.29040187956065,181.04478454589844,1178400,0.0,0.0,173.13473409016927,1.9976491873294089,2006,8,8,1,177.4989776611328
2006-08-09,180.13465056440307,184.87503610557155,178.90215032369926,183.1874542236328,2052120,0.0,0.0,173.8814488728841,1.1835025698799795,2006,8,9,2,181.04478454589844
2006-08-10,182.22037494451064,184.8749901882392,182.0307595699586,183.1210479736328,2279124,0.0,0.0,174.68211415608724,-0.03625043553415752,2006,8,10,3,183.1874542236328
2006-08-11,183.90800278176445,184.65697444154335,181.46195920396428,183.4718780517578,1893972,0.0,0.0,175.31159362792968,0.19158369942025022,2006,8,11,4,183.1210479736328
2006-08-14,184.6380016695533,184.87502092715224,181.84117442988617,182.9125061035156,1721428,0.0,0.0,175.72856801350912,-0.30488157323185217,2006,8,14,0,183.4718780517578
2006-08-16,185.63356023235045,186.6764454021951,183.54778989266111,184.34417724609372,3804268,0.0,0.0,176.14625091552733,0.7827081773008393,2006,8,16,2,182.9125061035156
2006-08-17,184.87500324198604,186.39192634551,181.65154164699757,182.0592193603516,2497168,0.0,0.0,176.4009989420573,-1.2395064058311922,2006,8,17,3,184.34417724609372
2006-08-18,182.97887664031583,184.40099226187272,182.030799559278,183.8700714111328,1803640,0.0,0.0,176.83695373535156,0.9946500139589087,2006,8,18,4,182.0592193603516
2006-08-21,185.06463020521807,185.06463020521807,181.4619376090099,183.7942047119141,2414088,0.0,0.0,177.4521235148112,-0.04126103755573984,2006,8,21,0,183.8700714111328
2006-08-22,184.30613929556395,186.391908361666,183.92690855627265,184.95083618164065,2178096,0.0,0.0,177.9428476969401,0.6293079107360988,2006,8,22,1,183.7942047119141
2006-08-23,185.0646655804424,185.5861080295676,182.0497755180353,182.61862182617188,2497736,0.0,0.0,178.44544016520183,-1.2609915173231845,2006,8,23,2,184.95083618164065
2006-08-24,183.92695682014391,184.85607700449745,180.75089854515687,184.0028076171875,2369852,0.0,0.0,178.61446685791014,0.757965303414232,2006,8,24,3,182.61862182617188
2006-08-25,184.11657916561484,185.23531481145503,183.48137211600505,184.7612762451172,2611752,0.0,0.0,178.88115997314452,0.41220492108340334,2006,8,25,4,184.0028076171875
2006-08-28,184.87501269103268,186.82804897199944,183.6045872122584,186.0316619873047,2300316,0.0,0.0,179.16829935709634,0.6875822510026941,2006,8,28,0,184.7612762451172
2006-08-29,186.7712317555674,188.09854000154607,186.39200082814492,187.7382659912109,2679596,0.0,0.0,179.56060129801432,0.9173728738835152,2006,8,29,1,186.0316619873047
2006-08-30,187.92783033061065,188.6673350671917,186.0221977533672,186.54364013671875,2744772,0.0,0.0,179.99038645426432,-0.6363251776002277,2006,8,30,2,187.7382659912109
2006-08-31,186.5815571392237,190.3738652111591,186.5815571392237,189.2456512451172,6076856,0.0,0.0,180.7530029296875,1.4484605888563706,2006,8,31,3,186.54364013671875
2006-09-01,188.85698587905773,189.8050631174064,187.9278655561926,189.4732360839844,1728728,0.0,0.0,181.36985982259114,0.12025895304321743,2006,9,1,4,189.2456512451172
2006-09-04,189.42581538922383,193.4077394364448,189.42581538922383,192.86734008789065,2010492,0.0,0.0,182.22164713541667,1.7913369054412653,2006,9,4,0,189.4732360839844
2006-09-05,193.97659789015455,195.3039059891097,189.80505815058132,190.7152099609375,3945288,0.0,0.0,182.84235687255858,-1.1158603244968313,2006,9,5,1,192.86734008789065
2006-09-06,192.9336837515761,192.9336837515761,187.9278321925229,188.40187072753903,2800432,0.0,0.0,183.29369557698567,-1.2129809855607632,2006,9,6,2,190.7152099609375
2006-09-07,185.8800082250108,188.66735742829144,185.8800082250108,187.0935516357422,1583584,0.0,0.0,183.5704793294271,-0.6944299898640094,2006,9,7,3,188.40187072753903
2006-09-08,190.7531057101807,190.7531057101807,186.771182032334,187.90887451171875,1570564,0.0,0.0,183.84004974365234,0.43578352586086666,2006,9,8,4,187.0935516357422
2006-09-11,189.42579813172057,189.42579813172057,179.9450274544573,180.788818359375,4073480,0.0,0.0,183.99806213378906,-3.7891005259039656,2006,9,11,0,187.90887451171875
2006-09-12,181.0827289423723,185.82311451677995,180.5138826734434,185.4249267578125,1835256,0.0,0.0,184.2619415283203,2.564377841787624,2006,9,12,1,180.788818359375
2006-09-13,186.3919730850804,191.13235897228995,186.0127422141036,189.60595703125,2307632,0.0,0.0,184.69142049153646,2.2548372252552795,2006,9,13,2,185.4249267578125
2006-09-14,191.3219831926264,192.64929130199053,189.97571816812612,192.1562957763672,2388728,0.0,0.0,185.15408325195312,1.3450731111242842,2006,9,14,3,189.60595703125
2006-09-15,192.270032262135,192.270032262135,188.98968787250124,190.12738037109372,2359700,0.0,0.0,185.5206741333008,-1.0558672548698245,2006,9,15,4,192.1562957763672
2006-09-18,190.9427137602888,191.7011753839642,188.11743958281545,188.8853912353516,1390388,0.0,0.0,185.8215311686198,-0.6532405450061951,2006,9,18,0,190.12738037109372
2006-09-19,189.04657815476168,193.40773291660676,187.79512098281936,191.52105712890625,3973944,0.0,0.0,186.28893381754557,1.3953783700882516,2006,9,19,1,188.8853912353516
2006-09-20,191.7011718180601,196.06232607307032,188.4966668883572,195.3133544921875,2695896,0.0,0.0,186.7645528157552,1.980094210073613,2006,9,20,2,191.52105712890625
2006-09-21,195.6831750244836,200.59422057734736,193.0285583090352,199.66510009765625,5107184,0.0,0.0,187.31380767822264,2.22808400213248,2006,9,21,3,195.3133544921875
2006-09-22,198.14812567681471,199.8262176142684,195.3228511216135,197.1147308349609,2488644,0.0,0.0,187.78026377360027,-1.2773235089396984,2006,9,22,4,199.66510009765625
2006-09-25,198.5273175179115,199.09616369991127,193.83433651641363,194.46954345703125,1349580,0.0,0.0,188.1468526204427,-1.3419531694688014,2006,9,25,0,197.1147308349609
2006-09-26,195.3038712523551,199.0961794320125,194.3368372958249,198.015380859375,3717008,0.0,0.0,188.65028177897136,1.823338163555266,2006,9,26,1,194.46954345703125
2006-09-27,199.09618330227084,200.044260365615,196.4700144660901,197.7025146484375,3352740,0.0,0.0,189.0955596923828,-0.15800096415726772,2006,9,27,2,198.015380859375
2006-09-28,198.15754101065997,198.90651242328136,192.08035947071883,193.4929962158203,6121572,0.0,0.0,189.4766855875651,-2.129218457389237,2006,9,28,3,197.7025146484375
2006-09-29,193.8058956916861,196.270895891444,193.4077079810074,193.79641723632807,1752804,0.0,0.0,189.80756378173828,0.1568124048114461,2006,9,29,4,193.4929962158203
2006-10-03,196.25200780272772,196.25200780272772,191.32200567435004,192.32696533203125,1632712,0.0,0.0,190.09198913574218,-0.7582451343797869,2006,10,3,1,193.79641723632807
2006-10-04,192.6493004322901,192.6493004322901,186.45835125663427,187.22630310058597,6947628,0.0,0.0,190.16783803304037,-2.6520785697624616,2006,10,4,2,192.32696533203125
2006-10-05,189.2362271476072,191.3219971863083,188.28814985728852,189.56805419921875,5849400,0.0,0.0,190.39948577880858,1.2507596741760718,2006,10,5,3,187.22630310058597
2006-10-06,189.80502271383224,190.9427151576714,187.3400224188474,188.51564025878903,2766944,0.0,0.0,190.54991353352864,-0.5551641835832344,2006,10,6,4,189.56805419921875
2006-10-09,186.77114766250247,191.3219167426041,185.92735691425943,190.02305603027344,1546832,0.0,0.0,190.72530619303384,0.7996237179127785,2006,10,9,0,188.51564025878903
2006-10-10,190.1843043736049,192.99061083735725,190.1843043736049,191.7960357666016,2769780,0.0,0.0,190.91745198567708,0.933034008276179,2006,10,10,1,190.02305603027344
2006-10-11,195.3038956349362,204.67090263739,195.3038956349362,198.1007232666016,6773716,0.0,0.0,191.26286722819012,3.287183426289486,2006,10,11,2,191.7960357666016
2006-10-12,199.0962415076255,205.73278289121305,197.389702294703,205.2682342529297,5052848,0.0,0.0,191.88702036539715,3.6181144965746315,2006,10,12,3,198.1007232666016
2006-10-13,206.5670677525556,212.36929566556364,205.18286576331172,209.2595977783203,4874112,0.0,0.0,192.5541519165039,1.9444623469954347,2006,10,13,4,205.2682342529297
2006-10-16,213.3174193895036,218.0578064870481,211.4212645504858,214.20860290527344,9727060,0.0,0.0,193.3786641438802,2.365007473729297,2006,10,16,0,209.2595977783203
2006-10-17,216.54077475137012,221.8026018085948,210.47308228898495,211.78143310546875,8749216,0.0,0.0,194.0091339111328,-1.133086984782783,2006,10,17,1,214.20860290527344
2006-10-18,210.49205385550096,211.80040476308704,208.76655832064355,209.7620391845703,4995084,0.0,0.0,194.64402821858724,-0.9535273660617682,2006,10,18,2,211.78143310546875
2006-10-19,209.71465992456532,210.99456404254985,205.2871443827464,207.13589477539065,3103620,0.0,0.0,195.26849568684895,-1.2519636152416025,2006,10,19,3,209.7620391845703
2006-10-20,208.57698569001155,208.95621657308428,205.9413264233727,206.60498046875,2129404,0.0,0.0,195.91887664794922,-0.25631207339333884,2006,10,20,4,207.13589477539065
2006-10-23,208.18308352190925,208.18308352190925,201.81343045544213,205.3690185546875,1327904,0.75,0.0,196.50088144938152,-0.5982246465009333,2006,10,23,0,206.60498046875
2006-10-26,205.5402475038501,207.61276712999668,204.3994135676585,205.2075042724609,5140212,0.0,0.0,197.31483764648436,-0.07864588503332381,2006,10,26,3,205.3690185546875
2006-10-27,205.5686971644292,207.25142195752545,202.00359242892128,204.33279418945312,3126408,0.0,0.0,197.94509989420573,-0.4262563818555054,2006,10,27,4,205.2075042724609
2006-10-30,204.58946447282776,206.87113136285933,201.58526045015992,205.22642517089844,4154172,0.0,0.0,198.46578216552734,0.4373409491071456,2006,10,30,0,204.33279418945312
2006-10-31,205.350076014626,208.92469773308352,204.4183904721248,206.70005798339844,3430936,0.0,0.0,198.95057423909506,0.7180521764060588,2006,10,31,1,205.22642517089844
2006-11-01,208.58242282083864,210.27466407466704,205.4071117210944,205.95849609375,1910904,0.0,0.0,199.47827809651693,-0.3587623036409582,2006,11,1,2,206.70005798339844
2006-11-02,207.25141575221775,207.25141575221775,203.8289153086032,205.3595428466797,2204376,0.0,0.0,200.0274164835612,-0.2908125949791729,2006,11,2,3,205.95849609375
2006-11-03,206.3006681346301,206.8710847285507,201.16691878934435,202.86865234375,3144440,0.0,0.0,200.40566965738932,-1.2129411998104134,2006,11,3,4,205.3595428466797
2006-11-06,202.78313276586505,203.4296096549077,200.7866743560745,201.4331512451172,2536892,0.0,0.0,200.609662882487,-0.707601239545097,2006,11,6,0,202.86865234375
2006-11-07,204.20924494502395,206.28176427042249,201.585317988417,202.52651977539065,3219180,0.0,0.0,200.70504353841145,0.5427947304180281,2006,11,7,1,201.4331512451172
2006-11-08,202.4980164149146,203.61984105402,199.86459614867292,202.1747894287109,2436760,0.0,0.0,200.87371215820312,-0.17367125405098882,2006,11,8,2,202.52651977539065
2006-11-09,203.25852063368225,204.3993542387356,200.28284167177077,202.2317657470703,3365420,0.0,0.0,201.13245290120443,0.02818171272511716,2006,11,9,3,202.1747894287109
2006-11-10,203.4486364036145,208.14505825889844,202.51695109017012,203.20144653320312,3313476,0.0,0.0,201.3053217569987,0.47948984797254735,2006,11,10,4,202.2317657470703
2006-11-13,203.6007376492834,205.35000619571372,202.70707091835425,204.5419158935547,2023316,0.0,0.0,201.5333017985026,0.6596751072500462,2006,11,13,0,203.20144653320312
2006-11-14,205.5401935607565,211.05422280521717,205.5401935607565,210.34120178222656,6003860,0.0,0.0,202.09490865071615,2.8352554845970435,2006,11,14,1,204.5419158935547
2006-11-15,212.0049225730569,213.3358951811388,207.3560346760987,208.54440307617188,2698040,0.0,0.0,202.58650817871094,-0.8542305030257324,2006,11,15,2,210.34120178222656
2006-11-16,209.15278980094573,210.29362319986,206.01549795393157,206.74752807617188,2101688,0.0,0.0,203.06719360351562,-0.8616270556748962,2006,11,16,3,208.54440307617188
2006-11-17,208.0120331742773,208.67751956925892,205.57824507421483,208.23069763183597,2221684,0.0,0.0,203.76734008789063,0.7173820018383292,2006,11,17,4,206.74752807617188
2006-11-20,206.3102409040458,213.14572567709249,202.60253202741484,212.5467834472656,5174936,0.0,0.0,204.53329772949218,2.0727423307493,2006,11,20,0,208.23069763183597
2006-11-21,212.2330956374552,219.04007961804763,211.81479921398008,218.3841094970703,4158152,0.0,0.0,205.52891337076824,2.7463723304253174,2006,11,21,1,212.5467834472656
2006-11-22,219.42036272884195,222.65272509139857,215.87426643609035,218.2985382080078,5591464,0.0,0.0,206.47142944335937,-0.039183844126555734,2006,11,22,2,218.3841094970703
2006-11-23,219.80058102757565,222.3484470760139,216.7583584527995,217.5474395751953,3870324,0.0,0.0,207.3298095703125,-0.3440694742979922,2006,11,23,3,218.2985382080078
2006-11-24,218.6598358154297,219.9717994723874,216.0264154783264,218.6598358154297,3205304,0.0,0.0,208.0151133219401,0.5113350184247301,2006,11,24,4,217.5474395751953
2006-11-27,218.65976243296808,221.32170736693465,218.65976243296808,220.71327209472656,2933708,0.0,0.0,208.52994791666666,0.9391008054310257,2006,11,27,0,218.6598358154297
2006-11-28,218.65973580431637,219.8005692085128,211.27284415420743,218.63121032714844,2682960,0.0,0.0,208.84233500162762,-0.943333288396242,2006,11,28,1,220.71327209472656
2006-11-29,220.5612650280493,222.2344977020492,218.65987481229024,221.4264068603516,2603156,0.0,0.0,209.0829284667969,1.27849840332519,2006,11,29,2,218.63121032714844
2006-11-30,222.99495572817327,229.11742024648265,221.70200166589103,227.9385681152344,6254552,0.0,0.0,209.62149963378906,2.9410048002946,2006,11,30,3,221.4264068603516
2006-12-01,228.1667693883552,228.1667693883552,224.6016636166621,226.14178466796875,3762140,0.0,0.0,210.16749114990233,-0.7882753068613191,2006,12,1,4,227.9385681152344
2006-12-04,228.16674636453345,230.258274872875,226.26535681149565,226.72169494628903,2234092,0.0,0.0,210.82035115559896,0.2564365887408826,2006,12,4,0,226.14178466796875
2006-12-05,230.01107678982973,230.01107678982973,225.3146540445072,226.62661743164065,2116476,0.0,0.0,211.48773905436198,-0.041935781518798176,2006,12,5,1,226.72169494628903
2006-12-06,222.8808403928895,229.49768432021776,222.8808403928895,227.9005126953125,3180856,0.0,0.0,212.2387888590495,0.562111934647791,2006,12,6,2,226.62661743164065
2006-12-07,229.11748574619884,234.717069785907,225.71399314159672,227.0830078125,2872872,0.0,0.0,212.9679723103841,-0.358711296058134,2006,12,7,3,227.9005126953125
2006-12-08,227.9765245823508,227.9765245823508,223.09945750864733,223.7744598388672,1887268,0.0,0.0,213.61602783203125,-1.456977343000776,2006,12,8,4,227.0830078125
2006-12-11,223.413270194058,226.07521554105097,215.6175731064355,223.11854553222656,4279432,0.0,0.0,214.21243184407552,-0.2931140162791279,2006,12,11,0,223.7744598388672
2006-12-12,222.46255162250563,224.36394095261247,210.10352097681087,213.05067443847656,5118300,0.0,0.0,214.4241190592448,-4.512341665608355,2006,12,12,1,223.11854553222656
2006-12-13,213.05067403321476,216.94852215251944,205.41659124529323,213.11721801757807,3617220,0.0,0.0,214.6627431233724,0.031233686200193844,2006,12,13,2,213.05067443847656
2006-12-14,210.1130636297353,220.5611900284183,210.1130636297353,218.583740234375,2916024,0.0,0.0,215.10354970296223,2.56503076928587,2006,12,14,3,213.11721801757807
2006-12-15,222.1584275150257,222.1584275150257,218.2795870062975,220.59927368164065,2305716,0.0,0.0,215.69457041422527,0.9220875464499345,2006,12,15,4,218.583740234375
2006-12-18,219.6104763454861,225.9611216022161,213.7161691881614,224.60162353515625,2351424,0.0,0.0,216.46685282389322,1.8143078110454791,2006,12,18,0,220.59927368164065
2006-12-19,224.55403452894927,225.08643271797004,213.9062564310482,217.11009216308597,3623628,0.0,0.0,216.95297190348307,-3.335475164496149,2006,12,19,1,224.60162353515625
2006-12-20,218.6597605691532,222.05373568896732,212.0144145212003,214.6193084716797,3755660,0.0,0.0,217.36778920491537,-1.1472445461150116,2006,12,20,2,217.11009216308597
2006-12-21,216.1879525094445,218.65975847481195,211.24434057870965,216.17843627929688,2255816,0.0,0.0,217.83267822265626,0.7264620404938693,2006,12,21,3,214.6193084716797
2006-12-22,215.80774891575916,220.56122356148072,214.4957852714749,219.41087341308597,1750016,0.0,0.0,218.37299245198568,1.4952634450611235,2006,12,22,4,216.17843627929688
2006-12-26,219.2301999093438,227.10195674242848,219.2301999093438,226.5315399169922,1797392,0.0,0.0,219.1059799194336,3.245357166278673,2006,12,26,1,219.41087341308597
2006-12-27,227.21597378070535,229.30750157282904,224.56354554663773,227.40611267089844,2394400,0.0,0.0,219.67481028238933,0.386071076118899,2006,12,27,2,226.5315399169922
2006-12-28,229.19357029577748,231.96959523604477,225.8851468364108,230.42947387695312,2418308,0.0,0.0,220.40431264241536,1.3294986535520747,2006,12,28,3,227.40611267089844
2006-12-29,230.7241709648972,233.7569020817257,228.64215810248191,232.3498687744141,1874468,0.0,0.0,221.25772399902343,0.8333981175022931,2006,12,29,4,230.42947387695312
2007-01-02,233.75683931828524,239.1948088682982,231.2089726421706,237.38848876953125,1545060,0.0,0.0,222.22965037027996,2.1685486726093606,2007,1,2,1,232.3498687744141
2007-01-03,238.2440652650632,244.8989274233052,235.6106458816509,243.4063415527344,4384972,0.0,0.0,223.2583023071289,2.535022997280034,2007,1,3,2,237.38848876953125
2007-01-04,244.32862930474656,244.32862930474656,237.6927731741706,239.39453125,3970700,0.0,0.0,223.95864969889323,-1.6481946514385393,2007,1,4,3,243.4063415527344
2007-01-05,240.5257093198509,241.21020472012103,238.26305176007543,240.1454315185547,2718740,0.0,0.0,224.68687947591147,0.31366642530799016,2007,1,5,4,239.39453125
2007-01-08,239.38496081884665,239.38496081884665,231.0188462231125,236.49485778808597,4951892,0.0,0.0,225.3184600830078,-1.5201512297712272,2007,1,8,0,240.1454315185547
2007-01-09,237.27441331906385,239.926842532446,232.9677612240512,238.89059448242188,4020568,0.0,0.0,225.9928187052409,1.0130185141203452,2007,1,9,1,236.49485778808597
2007-01-10,236.63749679264936,238.624440017027,233.87096511628943,234.8977203369141,2931428,0.0,0.0,226.46563364664715,-1.6714237553632882,2007,1,10,2,238.89059448242188
2007-01-11,227.95758819738327,246.80035320277275,227.95758819738327,242.9310302734375,7400664,0.0,0.0,227.27562764485677,3.4199182201518186,2007,1,11,3,234.8977203369141
2007-01-12,245.30775389896505,252.69464694990629,245.30775389896505,251.73443603515625,6175748,0.0,0.0,228.28589528401693,3.623829262078959,2007,1,12,4,242.9310302734375
2007-01-15,256.6876489065027,260.1101508919228,247.19021518109287,252.19085693359372,12255832,0.0,0.0,229.09430491129558,0.18131047369844833,2007,1,15,0,251.73443603515625
2007-01-16,264.0934757913216,264.0934757913216,250.79326600274896,251.76296997070312,7625964,0.0,0.0,229.9483444213867,-0.16966791266476156,2007,1,16,1,252.19085693359372
2007-01-17,252.86581291916423,253.83551699370483,247.18065325229685,248.06480407714844,2633828,0.0,0.0,230.65978139241537,-1.4689077960849617,2007,1,17,2,251.76296997070312
2007-01-18,248.13131300594296,252.1147144555121,248.13131300594296,250.1182556152344,2719816,0.0,0.0,231.44283599853514,0.8277883457611823,2007,1,18,3,248.06480407714844
2007-01-19,250.11827791962295,252.21932264683304,245.68805421470304,246.82888793945312,2882056,0.0,0.0,232.07378184000652,-1.3151249866548809,2007,1,19,4,250.1182556152344
2007-01-22,247.77225242102523,252.02218198875187,245.85694357077523,250.3164825439453,3180956,0.75,0.0,232.84823099772134,1.4129604656922146,2007,1,22,0,246.82888793945312
2007-01-23,250.2497761521576,250.4117639703515,247.7531909576321,248.2677459716797,3124152,0.0,0.0,233.6646738688151,-0.81845851757123,2007,1,23,1,250.3164825439453
2007-01-24,249.94476853100895,250.42121681261597,247.4005393600431,249.11575317382807,2355148,0.0,0.0,234.5312474568685,0.3415696222759168,2007,1,24,2,248.2677459716797
2007-01-25,252.517551232971,260.90303972674513,248.30575371050352,250.697509765625,5553976,0.0,0.0,235.78614196777343,0.6349484412947692,2007,1,25,3,249.11575317382807
2007-01-29,250.6118808511915,250.6118808511915,246.03797580143592,247.3243865966797,2982324,0.0,0.0,236.92638092041017,-1.345495283179643,2007,1,29,0,250.697509765625
2007-01-31,247.20055839039816,250.4023019178564,242.41701965227875,243.54144287109372,4865928,0.0,0.0,237.7583043416341,-1.5295474003357956,2007,1,31,2,247.3243865966797
2007-02-01,245.837908535747,246.80034389285663,242.98875557018704,246.23814392089844,1859904,0.0,0.0,238.61293334960936,1.1072863074200079,2007,2,1,3,243.54144287109372
2007-02-02,247.5625959174168,249.08723084223536,246.80981672892077,247.8484649658203,4274616,0.0,0.0,239.38782806396483,0.6539689664974091,2007,2,2,4,246.23814392089844
2007-02-05,248.70607822352832,250.40223927189243,246.60970515037985,248.85855102539065,3010736,0.0,0.0,240.44611002604168,0.4075417855461172,2007,2,5,0,247.8484649658203
2007-02-06,250.2305264174009,250.40205237545072,245.8567424394939,247.4480743408203,3411964,0.0,0.0,241.5404022216797,-0.5667784686355537,2007,2,6,1,248.85855102539065
2007-02-07,247.75328911403477,250.116478986095,246.8384984332071,248.95394897460935,2599984,0.0,0.0,242.63291931152344,0.6085618721424879,2007,2,7,2,247.4480743408203
2007-02-08,249.9258424229163,250.59287035657144,247.24819241217972,248.61083984375,2650024,0.0,0.0,243.60625152587892,-0.13782032069487027,2007,2,8,3,248.95394897460935
2007-02-09,249.5446135096365,251.0787633676664,244.5419054124229,245.35186767578125,1993360,0.0,0.0,244.2335957845052,-1.3108729168917144,2007,2,9,4,248.61083984375
2007-02-12,238.22426572153387,247.50547380840945,238.22426572153387,239.3296356201172,1786388,0.0,0.0,244.63104654947918,-2.454528719390925,2007,2,12,0,245.35186767578125
2007-02-13,239.3676620559119,244.87540988819924,235.36549573172863,238.77687072753903,4130352,0.0,0.0,244.90929311116537,-0.2309638299268335,2007,2,13,1,239.3296356201172
2007-02-14,238.79588322409697,241.46399365118185,236.31835211323244,240.2728729248047,3137876,0.0,0.0,245.17339324951172,0.6265272648508402,2007,2,14,2,238.77687072753903
2007-02-15,241.08300095209648,247.7532816108501,233.4788763482988,246.2762908935547,3673556,0.0,0.0,245.4696533203125,2.4985833380486655,2007,2,15,3,240.2728729248047
2007-02-19,248.0199935282768,251.31700262772267,246.8383874912748,249.6208648681641,4738696,0.0,0.0,245.6768040974935,1.358057636191612,2007,2,19,0,246.2762908935547
2007-02-20,250.40229033725956,252.28903114067916,246.80033485147445,247.66748046875,5400148,0.0,0.0,245.95256907145182,-0.7825405141696606,2007,2,20,1,249.6208648681641
2007-02-21,247.75313866231244,249.9924458771449,243.9415519136615,244.6752777099609,3938188,0.0,0.0,246.1035639444987,-1.2081532678920426,2007,2,21,2,247.66748046875
2007-02-22,247.75317846824257,250.1163672849101,245.08506731550764,246.66688537597656,6939112,0.0,0.0,246.44263153076173,0.8139799348165111,2007,2,22,3,244.6752777099609
2007-02-23,246.80025355381008,247.65786061249128,242.6075079335909,243.4365234375,3167688,0.0,0.0,246.594162495931,-1.3096050301007134,2007,2,23,4,246.66688537597656
2007-02-26,242.41702184689416,246.58117751432368,234.88913476910145,245.10418701171875,4677684,0.0,0.0,246.93437805175782,0.6850506861789452,2007,2,26,0,243.4365234375
2007-02-27,238.986498177805,246.64777852667677,238.986498177805,240.9208831787109,4709968,0.0,0.0,246.86737314860025,-1.7067451535651812,2007,2,27,1,245.10418701171875
2007-02-28,234.98433053835217,237.2617443875728,223.35899058471105,227.43739318847656,9347956,0.0,0.0,246.0574717203776,-5.596646422814466,2007,2,28,2,240.9208831787109
2007-03-01,228.6952015320352,241.6545962855172,226.86564457259468,239.11036682128903,7858564,0.0,0.0,245.62145538330077,5.132389827885131,2007,3,1,3,227.43739318847656
2007-03-02,239.13901874076825,240.13002222527035,228.88583864488072,230.32472229003903,5311752,0.0,0.0,244.90684712727864,-3.674305153743662,2007,3,2,4,239.11036682128903
2007-03-05,226.78943326228105,228.50464746342436,219.1662590349775,220.22398376464844,5120880,0.0,0.0,243.97881978352865,-4.385433932129579,2007,3,5,0,230.32472229003903
2007-03-06,230.60104488007187,254.4234668718148,221.2817087440852,228.1711578369141,3623920,0.0,0.0,243.24724985758465,3.6086778271883,2007,3,6,1,220.22398376464844
2007-03-07,229.0763614659745,233.40250307987492,220.57652774825576,227.1324615478516,4440632,0.0,0.0,242.59070231119793,-0.45522681258641784,2007,3,7,2,228.1711578369141
2007-03-08,226.78949035645556,234.3554833761578,226.78949035645556,232.2019500732422,2274988,0.0,0.0,241.98688456217448,2.2319524434522897,2007,3,8,3,227.1324615478516
2007-03-09,234.08872675216895,234.98444078122176,228.3141606292812,231.0108642578125,3232148,0.0,0.0,241.41165517171223,-0.512952546287393,2007,3,9,4,232.2019500732422
2007-03-12,233.4025474558264,238.92934924082053,230.79161936647975,235.3655242919922,3636936,0.0,0.0,240.95331420898438,1.8850455575629477,2007,3,12,0,231.0108642578125
2007-03-13,233.5549977923352,241.8261463898168,228.7142775590005,241.15911865234372,2032088,0.0,0.0,240.63536783854167,2.4615305821782396,2007,3,13,1,235.3655242919922
2007-03-14,233.45972762443364,236.68052362162004,229.64814023464697,231.2776031494141,3824948,0.0,0.0,240.10047505696613,-4.097508548774753,2007,3,14,2,241.15911865234372
2007-03-15,234.41264654519173,238.41481368132915,234.0314877703215,235.23214721679688,3823288,0.0,0.0,239.82349853515626,1.7098690117555382,2007,3,15,3,231.2776031494141
2007-03-16,236.58512518793745,239.7201450693576,231.58241903839095,235.87045288085935,4224284,0.0,0.0,239.4779088338216,0.2713513742125473,2007,3,16,4,235.23214721679688
2007-03-19,231.801723238282,241.03528545286207,229.03832206092167,240.3015594482422,1213696,0.0,0.0,239.22634531656902,1.8786187558731848,2007,3,19,0,235.87045288085935
2007-03-20,240.12993839199984,243.27449710903792,237.84298659779031,238.7958831787109,2775592,0.0,0.0,238.89092305501302,-0.6265778187159787,2007,3,20,1,240.3015594482422
2007-03-21,240.32055894088447,241.92143012431396,236.3183926143511,241.4640350341797,1970036,0.0,0.0,238.691455078125,1.117335784835105,2007,3,21,2,238.7958831787109
2007-03-22,243.3699003642858,249.0872825184977,243.3699003642858,248.33450317382807,4125592,0.0,0.0,238.67080688476562,2.8453380805451456,2007,3,22,3,241.4640350341797
2007-03-23,250.04022502178063,251.56486054020613,243.9416829480787,245.50442504882807,5265296,0.0,0.0,238.5672597249349,-1.139623406667345,2007,3,23,4,248.33450317382807
2007-03-26,244.8944745266588,247.5054024202597,239.224738637812,240.38726806640625,6098736,0.0,0.0,238.40177307128906,-2.084344093351509,2007,3,26,0,245.50442504882807
2007-03-28,242.01674144681104,242.01674144681104,227.5613011938677,228.8858184814453,8818048,0.0,0.0,238.05364583333332,-4.784550229084383,2007,3,28,2,240.38726806640625
2007-03-29,226.58933992738227,239.52016920811425,226.58933992738227,237.9097595214844,10266624,0.0,0.0,238.02474212646484,3.942551399605665,2007,3,29,3,228.8858184814453
2007-03-30,237.90974786417564,239.1389987383418,232.55447231053773,235.14634704589844,2807056,0.0,0.0,237.8538579305013,-1.1615380895445893,2007,3,30,4,237.9097595214844
2007-04-02,230.60100731108,232.50680075993188,225.83652368895025,226.63694763183597,3875896,0.0,0.0,237.19921315511067,-3.6187674275890425,2007,4,2,0,235.14634704589844
2007-04-03,227.74230452840095,231.89694332250045,226.4082491880673,229.2002410888672,3256852,0.0,0.0,236.51852569580078,1.13101305140908,2007,4,3,1,226.63694763183597
2007-04-04,232.12567079336435,233.40254325646308,226.8656848764791,228.39031982421875,2402496,0.0,0.0,235.8759536743164,-0.35336841741558933,2007,4,4,2,229.2002410888672
2007-04-05,228.59046193733445,229.83876636710272,226.0462314898197,227.5899200439453,2533992,0.0,0.0,235.3064417521159,-0.3504525852450646,2007,4,5,3,228.39031982421875
2007-04-09,228.7905995124809,233.7933094143573,228.7905995124809,231.9732666015625,2284524,0.0,0.0,234.81665445963543,1.9259844885796351,2007,4,9,0,227.5899200439453
2007-04-10,231.97313454710155,233.45966252020784,227.80898113782172,228.1901397705078,3480240,0.0,0.0,234.30844167073568,-1.63084603949325,2007,4,10,1,231.9732666015625
2007-04-11,229.7243553132191,230.4961877295628,226.21769058727244,226.89425659179688,3826336,0.0,0.0,233.70144399007162,-0.5678962202373072,2007,4,11,2,228.1901397705078
2007-04-12,226.4082882386197,230.41045494990843,223.3590183633521,228.87628173828125,3694956,0.0,0.0,233.29995727539062,0.8735457548624481,2007,4,12,3,226.89425659179688
2007-04-13,230.60105663849697,241.7308974133704,227.5517864680706,240.5111846923828,9778848,0.0,0.0,233.73575032552083,5.08349002602464,2007,4,13,4,228.87628173828125
2007-04-16,244.7038692928017,248.877561435892,242.08340340278923,243.98919677734372,9986220,0.0,0.0,233.89837799072265,1.4460916191524786,2007,4,16,0,240.5111846923828
2007-04-17,245.0278483723443,250.61183234544495,235.9372231510729,238.27182006835935,10464964,0.0,0.0,234.16328125,-2.3432909261969725,2007,4,17,1,243.98919677734372
2007-04-18,238.9865688408066,241.08294225169087,236.50903662794337,237.747802734375,2853584,0.0,0.0,234.74740854899088,-0.21992417476561776,2007,4,18,2,238.27182006835935
2007-04-19,234.41261532668415,237.84304384366004,229.66718455871776,236.87109375,3164652,0.0,0.0,235.03740641276042,-0.3687558725219864,2007,4,19,3,237.747802734375
2007-04-20,238.6053053339868,241.64503614023872,238.24319997818853,239.6820831298828,2870752,0.0,0.0,235.45572713216146,1.1867169334091932,2007,4,20,4,236.87109375
2007-04-23,239.17712440292863,241.9977085620792,237.271330582985,237.80496215820312,2265224,0.0,0.0,235.64249420166016,-0.783171168727903,2007,4,23,0,239.6820831298828
2007-04-24,237.08078317148812,240.5112125099824,232.3162979791351,233.43118286132807,6922516,0.0,0.0,235.72317148844402,-1.8392296179107204,2007,4,24,1,237.80496215820312
2007-04-25,233.45968783641547,233.82179322954903,230.21983910725703,232.7640686035156,21752404,0.0,0.0,235.63645629882814,-0.2857862645577969,2007,4,25,2,233.43118286132807
2007-04-26,233.8408851298109,238.14797420473164,232.50682955042325,236.3946533203125,5941756,0.0,0.0,235.4776407877604,1.559770259464388,2007,4,26,3,232.7640686035156
2007-04-27,235.36552283965707,235.6513918957376,231.9827390093705,235.27023315429688,4805284,0.0,0.0,235.61072845458983,-0.4756538061341242,2007,4,27,4,236.3946533203125
2007-04-30,236.5186419901372,242.01685461538767,229.64824333010125,241.27359008789065,3888052,0.0,0.0,235.8121098836263,2.551685716083174,2007,4,30,0,235.27023315429688
2007-05-03,242.950669693563,246.76225834100455,242.52186597072583,245.8855743408203,6643028,0.0,0.0,236.145947265625,1.9115164039502197,2007,5,3,3,241.27359008789065
2007-05-04,247.56262169394716,253.45152935703587,241.8452401305765,242.6170959472656,7101200,0.0,0.0,236.22313181559244,-1.3292680558088743,2007,5,4,4,245.8855743408203
2007-05-07,244.3227687069226,244.875453569763,241.1115107601205,242.5885009765625,5553328,0.0,0.0,236.34955240885418,-0.011786049367812357,2007,5,7,0,242.6170959472656
2007-05-08,242.0358312809176,243.94162522801145,239.6059439983729,241.3783416748047,8191004,0.0,0.0,236.34669596354166,-0.49885270607890053,2007,5,8,1,242.5885009765625
2007-05-09,247.7530691401523,247.7530691401523,233.45962284360505,236.2230224609375,4699828,0.0,0.0,235.94297993977864,-2.1357836739191227,2007,5,9,2,241.3783416748047
2007-05-10,237.27121916054296,245.82823404653715,233.6502126030728,234.3553466796875,3044200,0.0,0.0,235.57134399414062,-0.7906408790272934,2007,5,10,3,236.2230224609375
2007-05-11,238.2242183670228,239.93943273926533,230.601043379278,238.710205078125,3867656,0.0,0.0,235.51544189453125,1.8582287368888784,2007,5,11,4,234.3553466796875
2007-05-14,243.65568642863224,243.65568642863224,237.4809111537689,238.27182006835935,1260376,0.0,0.0,235.82830861409505,-0.18364736841568474,2007,5,14,0,238.710205078125
2007-05-15,240.13007801338304,240.13007801338304,233.45979806856684,235.9468688964844,4203120,0.0,0.0,235.76287892659505,-0.9757558284516965,2007,5,15,1,238.27182006835935
2007-05-16,241.08291419649277,241.08291419649277,230.70587632584264,233.3072662353516,6523616,0.0,0.0,235.70157623291016,-1.118727565014166,2007,5,16,2,235.9468688964844
2007-05-17,235.00337148121744,238.9293010984212,234.4125802001953,238.2241668701172,2931260,0.0,0.0,236.0878168741862,2.1074785685438524,2007,5,17,3,233.3072662353516
2007-05-18,240.12048875228496,243.1792972117185,238.22423316195,238.7673797607422,2921004,0.0,0.0,236.40672149658204,0.22802593782231817,2007,5,18,4,238.2241668701172
2007-05-21,242.03580669818197,242.03580669818197,234.412631684066,235.7562255859375,2856844,0.0,0.0,236.65225168863932,-1.261124604969921,2007,5,21,0,238.7673797607422
2007-05-22,235.84190163949063,237.08066718345563,232.7068812223175,234.53643798828125,6160224,0.0,0.0,236.88380228678386,-0.5173935893419745,2007,5,22,1,235.7562255859375
2007-05-23,236.6044344398112,236.6044344398112,233.47892618263168,235.0607452392578,1271812,0.0,0.0,236.9867182413737,0.22355044507103017,2007,5,23,2,234.53643798828125
2007-05-24,238.2241299892596,238.2241299892596,232.6973301735088,233.41200256347656,4552804,0.0,0.0,237.16078033447266,-0.7014113199135252,2007,5,24,3,235.0607452392578
2007-05-25,232.68793765550845,235.36558785946457,230.2199434285289,234.4031524658203,5244168,0.0,0.0,237.41107686360678,0.4246353621314869,2007,5,25,4,233.41200256347656
2007-05-28,238.224140044282,238.224140044282,233.18332654657544,233.5549468994141,2585172,0.0,0.0,237.56703236897786,-0.3618575763523091,2007,5,28,0,234.4031524658203
2007-05-29,233.44074503505283,235.36559259699564,232.50690118893496,234.63186645507807,2967280,0.0,0.0,237.37105509440104,0.46109901329889347,2007,5,29,1,233.5549468994141
2007-05-30,238.22420723083204,238.22420723083204,230.63913916696924,231.6778106689453,2600056,0.0,0.0,236.96067555745444,-1.2590172983593106,2007,5,30,2,234.63186645507807
2007-05-31,234.2220284109099,234.2220284109099,228.6952270895784,230.28656005859372,5176492,0.0,0.0,236.6945002237956,-0.6005109450639701,2007,5,31,3,231.6778106689453
2007-06-01,234.241062999201,234.241062999201,230.82017313930223,232.259033203125,1728988,0.0,0.0,236.51154123942058,0.8565298574217284,2007,6,1,4,230.28656005859372
2007-06-04,234.03148708844463,238.22423359980115,229.0764230295688,230.23895263671875,1853384,0.0,0.0,236.29046986897785,-0.8697532830249766,2007,6,4,0,232.259033203125
2007-06-05,232.0875339763539,232.0875339763539,228.69521235413555,230.22938537597656,1751600,0.0,0.0,235.97537994384766,-0.004155361476687602,2007,6,5,1,230.23895263671875
2007-06-06,231.5538628972446,231.9350215192977,224.5405349458376,228.76187133789065,3832020,0.0,0.0,235.67394358317057,-0.6374138712525235,2007,6,6,2,230.22938537597656
2007-06-07,228.6952413007457,231.4395888491712,222.0821465454323,230.029296875,2008940,0.0,0.0,235.5605473836263,0.5540370559555807,2007,6,7,3,228.76187133789065
2007-06-08,229.93403436888167,234.5079397355233,226.78947442931556,232.52590942382807,6019076,0.0,0.0,235.5526087443034,1.085345468053478,2007,6,8,4,230.029296875
2007-06-11,235.6608884845048,236.2040349421655,232.1351707498324,232.7640686035156,2648136,0.0,0.0,235.43158925374348,0.1024226419660712,2007,6,11,0,232.52590942382807
2007-06-12,230.6010467653597,234.4126343152004,228.69525299043943,232.00180053710935,1402072,0.0,0.0,235.32264149983723,-0.32748528197652504,2007,6,12,1,232.7640686035156
2007-06-13,232.31615321977503,232.50673250871665,227.418274799606,229.3145294189453,1768488,0.0,0.0,234.92400614420572,-1.1582975269772477,2007,6,13,2,232.00180053710935
2007-06-14,230.60104146630707,232.5068351974336,228.94301022586043,229.56239318847656,4176068,0.0,0.0,234.37990010579426,0.10808899469183508,2007,6,14,3,229.3145294189453
2007-06-15,233.28149965911217,233.28149965911217,225.63292589979704,226.47427368164065,4983152,1.0,0.0,233.84180603027343,-1.345220122487778,2007,6,15,4,229.56239318847656
2007-06-18,228.11869105626525,228.501119708497,221.80861829444063,222.30577087402344,2874456,0.0,0.0,233.16571502685548,-1.840607650419912,2007,6,18,0,226.47427368164065
2007-06-19,222.783720733463,222.86021110271588,218.6152640373928,221.80853271484372,3495436,0.0,0.0,232.51338806152344,-0.22367307750256193,2007,6,19,1,222.30577087402344
2007-06-20,221.99984618821347,224.2944182418384,218.1755594321719,219.3228454589844,4024968,0.0,0.0,231.950048828125,-1.120645461847447,2007,6,20,2,221.80853271484372
2007-06-21,218.9403908253332,220.0494431897312,216.07217609836377,219.05511474609372,3043728,0.0,0.0,231.4400410970052,-0.12207151167056285,2007,6,21,3,219.3228454589844
2007-06-22,218.94038832110613,220.8525314505481,216.93263803519204,217.9747467041016,2677304,0.0,0.0,230.7488591512044,-0.49319462056131025,2007,6,22,4,219.05511474609372
2007-06-25,217.97467824482808,219.89639082300167,213.9209454202027,215.2594451904297,2803776,0.0,0.0,229.98177998860677,-1.245695455427176,2007,6,25,0,217.9747467041016
2007-06-26,216.26348415822795,217.9844137403889,213.74901015597248,214.4947509765625,2832744,0.0,0.0,229.26670939127604,-0.3552430478442892,2007,6,26,1,215.2594451904297
2007-06-27,216.05308343579807,217.73575559170013,214.9249141823584,216.67453002929688,2956696,0.0,0.0,228.71228485107423,1.0162388789516585,2007,6,27,2,214.4947509765625
2007-06-28,218.7396669048279,218.7396669048279,215.1161639683993,217.38204956054688,4342792,0.0,0.0,228.01754760742188,0.32653562518600854,2007,6,28,3,216.67453002929688
2007-06-29,218.175627026252,221.0438429818995,217.9939826857015,219.7722625732422,3004456,0.0,0.0,227.3843770345052,1.099544795684504,2007,6,29,4,217.38204956054688
2007-07-02,220.4701309981456,220.4701309981456,216.26341557580452,216.923095703125,1477152,0.0,0.0,226.75660603841146,-1.2964178630902823,2007,7,2,0,219.7722625732422
2007-07-03,219.89651818134288,219.89651818134288,214.92494472680812,215.61331176757807,1829368,0.0,0.0,226.125835164388,-0.6038010527654736,2007,7,3,1,216.923095703125
2007-07-04,215.68980313984957,217.98437551367772,213.39523076602137,213.7107391357422,2415464,0.0,0.0,225.41416829427084,-0.882400356563684,2007,7,4,2,215.61331176757807
2007-07-05,215.72799869750315,215.72799869750315,210.4887447062364,212.56341552734372,3179204,0.0,0.0,224.71921539306638,-0.5368581911411208,2007,7,5,3,213.7107391357422
2007-07-06,213.20395167136712,222.74555023062797,210.35485383721647,221.5504608154297,7605684,0.0,0.0,224.29079233805336,4.227936056536441,2007,7,6,4,212.56341552734372
2007-07-09,223.41483953859185,226.0918402987629,222.76470611423144,225.011474609375,5359768,0.0,0.0,224.0060099283854,1.5621785579713388,2007,7,9,0,221.5504608154297
2007-07-10,226.589001884473,229.4572170982005,223.33835797558183,226.2352600097656,7492968,0.0,0.0,223.72612304687496,0.5438768856188769,2007,7,10,1,225.011474609375
2007-07-11,226.01531573859128,226.58895867193792,210.33574222711536,219.6861267089844,6062124,0.0,0.0,223.3264002482096,-2.894833148687126,2007,7,11,2,226.2352600097656
2007-07-12,220.8524656091545,223.5294651922958,216.83696623444263,222.296142578125,5763944,0.0,0.0,223.06005299886064,1.1880658593421467,2007,7,12,3,219.6861267089844
2007-07-13,236.36004910198807,241.21689817267404,216.12001518800224,217.2194976806641,5784648,0.0,0.0,222.558735148112,-2.2837305400730257,2007,7,13,4,222.296142578125
2007-07-16,217.0282272844609,217.6018701759617,213.01272704395544,215.74710083007807,3990240,0.0,0.0,222.07567342122394,-0.6778382540735817,2007,7,16,0,217.2194976806641
2007-07-17,224.82971983802813,224.82971983802813,219.89638295339708,220.9958648681641,6164688,0.0,0.0,221.76788940429685,2.4328317821614487,2007,7,17,1,215.74710083007807
2007-07-18,221.23499239630613,223.72077882772533,219.38976933851075,223.0802154541016,4371180,0.0,0.0,221.57850087483723,0.9431627090311867,2007,7,18,2,220.9958648681641
2007-07-19,223.1471401656778,226.58899836874733,222.8603186487553,226.0535888671875,4075512,0.0,0.0,221.44597727457682,1.3328718582386712,2007,7,19,3,223.0802154541016
2007-07-20,227.3538410727405,227.53548535176265,223.2236161639597,224.84893798828125,3744932,0.0,0.0,221.19007822672526,-0.5329050005103086,2007,7,20,4,226.0535888671875
2007-07-23,223.68252038441295,228.5011119012589,222.2101561186716,227.7266845703125,4716456,0.0,0.0,221.02216542561848,1.279857760405001,2007,7,23,0,224.84893798828125
2007-07-24,227.52593383597696,227.92747925695335,223.1471210510609,224.0840759277344,3127176,0.0,0.0,220.75824127197265,-1.5995528365290945,2007,7,24,1,227.7266845703125
2007-07-25,223.3383450701006,223.91198807969843,218.9404153298503,219.5522918701172,2670172,0.0,0.0,220.43283335367838,-2.022358812805014,2007,7,25,2,224.0840759277344
2007-07-26,220.8525809746264,231.36937054484667,218.95955418366748,227.37298583984372,6002804,0.0,0.0,220.35985310872397,3.5621099206530227,2007,7,26,3,219.5522918701172
2007-07-27,222.36958009929936,225.24504880748,215.85185102742332,221.02769470214844,3203236,0.75,0.0,220.1783004760742,-2.7906970189346736,2007,7,27,4,227.37298583984372
2007-07-30,220.45266516523773,224.2866245594158,216.6666302634869,217.8551483154297,1835848,0.0,0.0,220.02994639078776,-1.4353614785667435,2007,7,30,0,221.02769470214844
2007-07-31,220.64440684841557,222.75308493297905,216.61874868697612,221.6604156494141,3218540,0.0,0.0,220.02500915527344,1.7466960792107633,2007,7,31,1,217.8551483154297
2007-08-01,219.4941987594508,219.4941987594508,212.9764670932313,213.7720184326172,4382172,0.0,0.0,219.83998158772786,-3.558775793903346,2007,8,1,2,221.6604156494141
2007-08-02,214.70175508604,215.5643960662964,208.95081521766392,209.9380645751953,1912008,0.0,0.0,219.53607991536458,-1.793477876820615,2007,8,2,3,213.7720184326172
2007-08-03,213.55155998822585,213.55155998822585,207.704771317094,210.2735290527344,1993184,0.0,0.0,219.279372660319,0.1597921168883243,2007,8,3,4,209.9380645751953
2007-08-06,208.95082285464568,214.31836692797603,205.8836548127426,210.76235961914065,2737548,0.0,0.0,219.1294698079427,0.2324736587664633,2007,8,6,0,210.2735290527344
2007-08-07,213.37898137538025,214.27997577193452,209.7367203610468,212.65054321289065,2985212,0.0,0.0,219.0679962158203,0.8958827359695887,2007,8,7,1,210.76235961914065
2007-08-08,220.4527159427157,224.0949782061171,214.31837949909232,220.9511260986328,4055164,0.0,0.0,219.2105494181315,3.9033913388277552,2007,8,8,2,212.65054321289065
2007-08-09,222.36969363834328,227.90017659741105,217.61557358651044,219.6284027099609,5074436,0.0,0.0,219.28542785644532,-0.598649761160952,2007,8,9,3,220.9511260986328
2007-08-10,213.7431958733088,221.12356631377733,207.1104520536884,219.39828491210935,6290560,0.0,0.0,219.27296193440756,-0.10477597387777982,2007,8,10,4,219.6284027099609
2007-08-13,220.45267238759843,220.45267238759843,215.6889823643928,217.4813537597656,1205524,0.0,0.0,219.29157053629558,-0.8737220316520133,2007,8,13,0,219.39828491210935
2007-08-14,217.5771759917477,218.5356657538259,214.7017067055132,216.66661071777344,1222796,0.0,0.0,219.3266805013021,-0.3746266187454994,2007,8,14,1,217.4813537597656
2007-08-16,210.8678354936488,214.6251122459533,207.9923650096445,208.5674591064453,6663120,0.0,0.0,219.15523783365884,-3.738070939724969,2007,8,16,3,216.66661071777344
2007-08-17,208.56733550385744,209.5258250971656,199.2124677129198,202.46176147460935,6901104,0.0,0.0,218.81851603190105,-2.927444989738226,2007,8,17,4,208.5674591064453
2007-08-20,207.70473500057707,210.75273717632743,201.4937165557824,202.34678649902344,4386844,0.0,0.0,218.1783935546875,-0.056788489218162486,2007,8,20,0,202.46176147460935
2007-08-21,206.36290169278848,206.36290169278848,192.56064537891876,194.62139892578125,4363364,0.0,0.0,217.16539103190104,-3.8178948659901124,2007,8,21,1,202.34678649902344
2007-08-22,195.53197143847467,197.96652682064044,190.9312191693341,196.6629943847656,3826620,0.0,0.0,216.17964884440104,1.0490087268167914,2007,8,22,2,194.62139892578125
2007-08-23,197.83228782093417,200.8994550739719,192.46474512811807,193.21237182617188,3113748,0.0,0.0,215.29719034830728,-1.7545866060814097,2007,8,23,3,196.6629943847656
2007-08-24,194.5734419404289,196.77796862251256,191.6021233689248,195.2252197265625,1926972,0.0,0.0,214.39482625325522,1.0417800275240863,2007,8,24,4,193.21237182617188
2007-08-27,196.4808890848256,199.1359255559238,195.54157574560367,196.7780303955078,2666856,0.0,0.0,213.71344401041668,0.7953945044191668,2007,8,27,0,195.2252197265625
2007-08-28,198.59909985381228,199.17419377230783,193.80665053301564,197.20928955078125,2263504,0.0,0.0,213.09551696777345,0.21916021539938324,2007,8,28,1,196.7780303955078
2007-08-29,195.53196879089447,199.3275987217956,191.8897066271425,197.7556610107422,3196688,0.0,0.0,212.3208435058594,0.2770515837288823,2007,8,29,2,197.20928955078125
2007-08-30,199.74926045930175,203.0081255531676,196.49039536543603,200.51605224609372,7003172,0.0,0.0,211.5687047322591,1.3958595274810248,2007,8,30,3,197.7556610107422
2007-08-31,201.6663020097704,205.0593473506312,200.70781198120687,204.0337677001953,2377496,0.0,0.0,210.83471069335937,1.7543310945421497,2007,8,31,4,200.51605224609372
2007-09-03,205.1168256025011,206.07531544176516,201.9346440162707,203.43946838378903,2496264,0.0,0.0,210.12106170654297,-0.2912749801687431,2007,9,3,0,204.0337677001953
2007-09-04,204.158353815788,208.50988871057555,203.39156187657372,204.3692169189453,2182756,0.0,0.0,209.34247945149738,0.45701482733051524,2007,9,4,1,203.43946838378903
2007-09-05,204.5416967284336,207.59926943268007,204.17746597165964,205.56727600097656,3516964,0.0,0.0,208.7252527872721,0.5862228666787983,2007,9,5,2,204.3692169189453
2007-09-06,204.1583323434465,207.22549977771425,203.3915404848796,206.65040588378903,1871860,0.0,0.0,208.29518992106117,0.5268980082254515,2007,9,6,3,205.56727600097656
2007-09-07,206.45873015400423,207.8964650436561,205.11684425699585,206.31495666503903,1691576,0.0,0.0,207.59325561523437,-0.1623269101821423,2007,9,7,4,206.65040588378903
2007-09-10,206.3149481304621,206.3149481304621,200.13268836069915,200.75570678710935,2201060,0.0,0.0,206.9175226847331,-2.6945452563361005,2007,9,10,0,206.31495666503903
2007-09-11,209.80387202264205,209.80387202264205,195.531964923527,196.1741485595703,3386556,0.0,0.0,206.1948226928711,-2.2821559102165545,2007,9,11,1,200.75570678710935
2007-09-12,197.44894781061316,198.9346073693823,194.28593068549165,194.68849182128903,2344104,0.0,0.0,205.2957585652669,-0.7573152472891365,2007,9,12,2,196.1741485595703
2007-09-13,196.471226600876,198.4073711464306,193.69160642539464,197.6022491455078,2153072,0.0,0.0,204.7567662556966,1.4966253510728444,2007,9,13,3,194.68849182128903
2007-09-14,201.2828635167484,201.2828635167484,195.16769374501823,196.0015869140625,1900228,0.0,0.0,204.29221700032548,-0.8100425164020431,2007,9,14,4,197.6022491455078
2007-09-17,196.4903856860158,197.79394101959824,190.87363846451728,191.24745178222656,5086176,0.0,0.0,203.6580144246419,-2.4255595103525374,2007,9,17,0,196.0015869140625
2007-09-18,191.12292230382096,193.17409341886045,190.35613023840943,192.1676788330078,4942808,0.0,0.0,203.0381917317708,0.4811708821245375,2007,9,18,1,191.24745178222656
2007-09-19,196.490482202499,198.1582457155721,194.9952398975097,196.11666870117188,4642668,0.0,0.0,202.48706258138017,2.0549708942447564,2007,9,19,2,192.1676788330078
2007-09-20,195.53193870694884,195.93449978298372,191.1612271229744,192.0909576416016,2355156,0.0,0.0,201.5250569661458,-2.052712340175611,2007,9,20,3,196.11666870117188
2007-09-21,189.9727103795448,196.49044211809624,187.4806364795104,195.11021423339844,7928660,0.0,0.0,200.70778401692706,1.5717848611229712,2007,9,21,4,192.0909576416016
2007-09-24,195.53190207179588,197.44888150387231,191.73628513634733,193.08775329589844,3595068,0.0,0.0,199.83076629638668,-1.03657358249869,2007,9,24,0,195.11021423339844
2007-09-25,193.6149709907833,194.38176295510328,190.9695410539429,192.0238800048828,5400496,0.0,0.0,198.9821838378906,-0.550979165097687,2007,9,25,1,193.08775329589844
2007-09-26,193.6150055701361,201.05289831268956,192.65651544355129,199.5097198486328,8340892,0.0,0.0,198.4102874755859,3.898390056257406,2007,9,26,2,192.0238800048828
2007-09-27,201.28291302849263,204.6376282456342,200.7078189912684,203.67913818359372,8602140,0.0,0.0,198.2473434448242,2.089832183677176,2007,9,27,3,199.5097198486328
2007-09-28,196.49043361817365,207.03382273914883,196.49043361817365,203.22862243652344,6249532,0.0,0.0,198.272905476888,-0.22118894997689154,2007,9,28,4,203.67913818359372
2007-10-01,203.39155642662416,203.39155642662416,196.10703319928044,199.6822052001953,2176580,0.0,0.0,198.18408610026043,-1.745038269614707,2007,10,1,0,203.22862243652344
2007-10-03,201.28295005002937,209.90936219503064,201.2637849253908,206.88052368164065,5122872,0.0,0.0,198.59272359212238,3.6048873129323367,2007,10,3,2,199.6822052001953
2007-10-04,207.99222005375483,207.99222005375483,202.04958519507613,206.8995513916016,4359804,0.0,0.0,198.93394215901694,0.009197438996344509,2007,10,4,3,206.88052368164065
2007-10-05,206.8997239037141,206.8997239037141,202.68236661662425,205.6536865234375,1744048,0.0,0.0,199.3486526489258,-0.6021592892707761,2007,10,5,4,206.8995513916016
2007-10-08,207.23512792643152,210.63776735527352,203.62160198149184,206.717529296875,2662144,0.0,0.0,199.73172963460286,0.5172981780301011,2007,10,8,0,205.6536865234375
2007-10-09,207.0337982994104,211.7879171020933,206.1328272411372,209.8996734619141,3707640,0.0,0.0,200.16911773681642,1.539368323461865,2007,10,9,1,206.717529296875
2007-10-10,211.76880562551045,216.66669968105535,210.5611220697948,215.75613403320312,3983236,0.0,0.0,200.78734588623047,2.7901237170584237,2007,10,10,2,209.8996734619141
2007-10-11,217.57726591024823,217.6539498030316,203.1999135373244,205.5002899169922,5598340,0.0,0.0,201.04550018310547,-4.753442659772833,2007,10,11,3,215.75613403320312
2007-10-12,201.6662770402673,206.0753306257484,197.50644019160984,203.8708038330078,4912920,0.0,0.0,201.1573252360026,-0.7929361484806496,2007,10,12,4,205.5002899169922
2007-10-15,205.1168631584044,209.2671296024374,203.1519586281486,205.91241455078125,6871600,0.0,0.0,201.2199467976888,1.0014237837830509,2007,10,15,0,203.8708038330078
2007-10-16,210.8677237829045,213.7431927435805,203.39150448514695,204.81007385253903,7060528,0.0,0.0,201.26563364664713,-0.5353444573252597,2007,10,16,1,205.91241455078125
2007-10-17,203.199865362472,213.7432546029777,191.69798619101132,209.85177612304688,6924440,0.0,0.0,201.4483856201172,2.461647601444561,2007,10,17,2,204.81007385253903
2007-10-18,217.57719534041908,220.43349976554285,206.5162318626608,215.43975830078125,13645436,0.0,0.0,201.777468363444,2.662823389427915,2007,10,18,3,209.85177612304688
2007-10-19,220.0405533513532,220.45270874783495,207.4939281137416,212.5643310546875,8094132,0.0,0.0,201.97459920247397,-1.334678087634733,2007,10,19,4,215.43975830078125
2007-10-22,214.7075427288817,214.7075427288817,204.73142212949736,206.0481109619141,3836808,0.75,0.0,201.96570434570313,-3.06552847339987,2007,10,22,0,212.5643310546875
2007-10-23,205.2888180676003,211.43979388985048,203.55885611759243,204.44305419921875,5862364,0.0,0.0,202.08861592610677,-0.7789718407037571,2007,10,23,1,206.0481109619141
2007-10-24,211.43984175820387,211.43984175820387,200.54108839140463,201.4445037841797,4100988,0.0,0.0,202.26429443359376,-1.4666922418979045,2007,10,24,2,204.44305419921875
2007-10-25,203.55888350263183,203.7511015229365,199.5511424721025,201.7520294189453,4925272,0.0,0.0,202.49974568684897,0.15266022601196916,2007,10,25,3,201.4445037841797
2007-10-26,201.82888891864144,208.3643005598165,200.3295792153161,205.9231414794922,2960060,0.0,0.0,202.77710876464843,2.067444908762428,2007,10,26,4,201.7520294189453
2007-10-29,209.3253806896424,209.51759867007365,204.0201691225614,205.28880310058597,3536052,0.0,0.0,203.08668263753256,-0.3080461838085302,2007,10,29,0,205.9231414794922
2007-10-30,206.05777412672865,206.63442834536687,199.9644706020994,201.5406494140625,3145804,0.0,0.0,203.4297892252604,-1.825795479301895,2007,10,30,1,205.28880310058597
2007-10-31,201.25228595182384,204.4623178034224,195.48574480707245,199.52232360839844,47216528,0.0,0.0,203.67494405110676,-1.0014484976266225,2007,10,31,2,201.5406494140625
2007-11-01,202.7900509323336,202.7900509323336,195.96630988200388,196.648681640625,5518404,0.0,0.0,203.69267781575522,-1.4402608769801262,2007,11,1,3,199.52232360839844
2007-11-02,194.1402310490235,197.98459205989528,192.7947046952184,196.29307556152344,3494680,0.0,0.0,203.83274841308594,-0.1808331874563196,2007,11,2,4,196.648681640625
2007-11-05,196.25463898576743,198.1383853567827,193.2272045449978,194.3901214599609,1876468,0.0,0.0,203.80874532063802,-0.9694453541567172,2007,11,5,0,196.29307556152344
2007-11-06,195.1012908300617,196.02393498215704,192.21802052222827,193.0445556640625,2198988,0.0,0.0,203.80730539957682,-0.6921986497012145,2007,11,6,1,194.3901214599609
2007-11-07,193.1983231409903,193.9768154912431,189.54618083789367,191.6509704589844,3504016,0.0,0.0,203.7948750813802,-0.7218982168568533,2007,11,7,2,193.0445556640625
2007-11-08,190.3150959188168,192.1796134414057,188.3736982117036,190.2286071777344,2686964,0.0,0.0,203.48550465901693,-0.7421633596968458,2007,11,8,3,191.6509704589844
2007-11-12,189.38281878197168,189.38281878197168,184.52931340339285,185.26934814453125,5280988,0.0,0.0,202.87184499104816,-2.6069996026252817,2007,11,12,0,190.2286071777344
2007-11-13,185.2693298040991,186.9704662828701,178.1188290032159,182.0977325439453,4697988,0.0,0.0,202.1674819946289,-1.7118944025817595,2007,11,13,1,185.26934814453125
2007-11-14,184.5292910290693,200.88703911392776,184.5292910290693,189.66151428222656,3588368,0.0,0.0,201.83345896402994,4.153693531826863,2007,11,14,2,182.0977325439453
2007-11-15,190.48807711364117,191.8143862787995,186.45149828479504,188.41212463378903,2295396,0.0,0.0,201.21784566243488,-0.6587470595528222,2007,11,15,3,189.66151428222656
2007-11-16,188.37365437323808,191.83357863723637,185.90365757759528,188.93109130859372,3666816,0.0,0.0,200.6188969930013,0.27544229216318605,2007,11,16,4,188.41212463378903
2007-11-19,184.5485405263945,193.56357154020665,184.5485405263945,190.9686279296875,2943548,0.0,0.0,200.1293950398763,1.0784549048974412,2007,11,19,0,188.93109130859372
2007-11-20,190.1036475442857,190.1036475442857,184.1641052284912,184.7792053222656,4111392,0.0,0.0,199.398117574056,-3.241067747368842,2007,11,20,1,190.9686279296875
2007-11-21,184.77917164467885,188.3736507971167,179.9160583123482,181.60757446289065,3337028,0.0,0.0,198.45504760742188,-1.7164436083830115,2007,11,21,2,184.7792053222656
2007-11-22,186.39377360184596,186.39377360184596,179.72380749080315,182.64552307128903,2402356,0.0,0.0,197.3513605753581,0.5715337653003472,2007,11,22,3,181.60757446289065
2007-11-23,183.0876845242424,185.68262808442853,182.5590849101304,184.71192932128903,2273540,0.0,0.0,196.65841522216797,1.1313752536893373,2007,11,23,4,182.64552307128903
2007-11-26,188.3736813252244,191.06473391558472,186.45150090353843,189.3539886474609,2234300,0.0,0.0,196.17452138264974,2.5131345567277696,2007,11,26,0,184.71192932128903
2007-11-27,190.39195409325305,192.0065901988809,186.47070168361807,191.4395446777344,1503964,0.0,0.0,195.6920923868815,1.1014059144834665,2007,11,27,1,189.3539886474609
2007-11-28,192.2180675813252,192.94849389172228,186.45152555388543,187.7009429931641,2927688,0.0,0.0,195.12178802490234,-1.9528889346575706,2007,11,28,2,191.4395446777344
2007-11-29,192.21801905929476,192.3141280688244,183.56820820162648,185.6922149658203,5029688,0.0,0.0,194.31646931966145,-1.0701747126635075,2007,11,29,3,187.7009429931641
2007-11-30,185.6922718779328,195.6780033749631,185.6922718779328,194.56314086914065,5334612,0.0,0.0,193.6205820719401,4.777220146225947,2007,11,30,4,185.6922149658203
2007-12-03,195.293600546276,204.90450608497068,194.21718381876715,201.80979919433597,6516348,0.0,0.0,193.26209767659506,3.724579225450153,2007,12,3,0,194.56314086914065
2007-12-04,201.80968229090945,201.82889939802985,197.0330696979783,197.92686462402344,1783824,0.0,0.0,192.99138946533202,-1.9240565055879122,2007,12,4,1,201.80979919433597
2007-12-05,197.984627699707,200.8678989768872,196.15855589082625,198.59971618652344,2069240,0.0,0.0,192.7966115315755,0.3399495888434023,2007,12,5,2,197.92686462402344
2007-12-06,199.9067677791444,202.155709531013,198.21523958921256,199.0514068603516,4163452,0.0,0.0,192.7168416341146,0.22743772372963988,2007,12,6,3,198.59971618652344
2007-12-07,199.90667238457223,206.06726720283527,197.2636755141032,204.25079345703125,4805808,0.0,0.0,192.80013376871744,2.6120823151616346,2007,12,7,4,199.0514068603516
2007-12-10,205.69255878969253,206.4422139802101,197.9846186216168,199.06103515625,3864020,0.0,0.0,192.57139689127604,-2.5408754663530986,2007,12,10,0,204.25079345703125
2007-12-11,201.6367008222425,201.6367008222425,197.07152289609547,200.15663146972656,2907456,0.0,0.0,192.40032450358072,0.55038210396956,2007,12,11,1,199.06103515625
2007-12-12,197.63848498358396,203.75102512291332,197.2348319851237,202.48239135742188,3718608,0.0,0.0,192.4317159016927,1.1619699385513993,2007,12,12,2,200.15663146972656
2007-12-13,201.7713088104402,204.15481769077653,197.5425110584025,197.90773010253903,4645736,0.0,0.0,192.37789611816407,-2.2592884369918576,2007,12,13,3,202.48239135742188
2007-12-14,195.1589629985973,202.79002111591083,195.1589629985973,199.983642578125,2720436,0.0,0.0,192.4890614827474,1.0489294554135942,2007,12,14,4,197.90773010253903
2007-12-17,206.13467806250625,206.13467806250625,193.179174502546,194.60159301757807,3203328,0.0,0.0,192.43267873128255,-2.691244889413591,2007,12,17,0,199.983642578125
2007-12-18,194.14025008803904,199.906792169862,192.85238667668665,193.15994262695312,3845860,0.0,0.0,192.39167277018228,-0.7408214744134778,2007,12,18,1,194.60159301757807
2007-12-19,194.5246579052472,197.753930386554,193.75578573961383,196.9273834228516,2671020,0.0,0.0,192.52110036214194,1.9504255098969914,2007,12,19,2,193.15994262695312
2007-12-20,197.8884534177995,202.58817466456304,196.63903627625925,200.9351043701172,3036020,0.0,0.0,192.83057149251303,2.035126287470157,2007,12,20,3,196.9273834228516
2007-12-24,207.5954407940808,215.2841608234912,201.828900772023,213.30430603027344,4655664,0.0,0.0,193.59976145426432,6.155819163072929,2007,12,24,0,200.9351043701172
2007-12-26,214.32315492777735,215.22657050012063,208.7776681231429,211.49755859375,2905996,0.0,0.0,194.47403513590496,-0.8470281121596313,2007,12,26,2,213.30430603027344
2007-12-27,212.4201280508805,215.284181226086,208.85449787779163,213.50616455078125,4008568,0.0,0.0,195.52098286946614,0.9497064506968744,2007,12,27,3,211.49755859375
2007-12-28,211.43987691784287,211.43987691784287,203.7511541208304,208.0087890625,2196596,0.0,0.0,196.13255869547527,-2.574808788236993,2007,12,28,4,213.50616455078125
2007-12-31,208.172150039525,210.68060500044055,202.21339043543887,207.09573364257807,2156168,0.0,0.0,196.7553456624349,-0.43895040398873597,2007,12,31,0,208.0087890625
2008-01-01,207.0188692125849,207.0188692125849,202.2134172810021,202.70358276367188,928388,0.0,0.0,197.2144287109375,-2.120831173898785,2008,1,1,1,207.09573364257807
2008-01-02,203.7510986328125,203.9433166503906,198.27288513183595,201.82891845703125,2864924,0.0,0.0,197.5764383951823,-0.43149918453112557,2008,1,2,2,202.70358276367188
2008-01-03,198.0038699499997,200.8679244750527,193.24647173874848,194.3421173095703,5168280,0.0,0.0,197.89520212809245,-3.7094789015850838,2008,1,3,3,201.82891845703125
2008-01-04,194.3420459081269,196.6198367086161,192.66013806753816,193.2175750732422,2318868,0.0,0.0,198.2822021484375,-0.5786405190475685,2008,1,4,4,194.3421173095703
2008-01-07,192.21804866421465,193.909565146048,186.93205232594875,187.5279235839844,3647344,0.0,0.0,198.444948832194,-2.944686313913747,2008,1,7,0,193.2175750732422
2008-01-08,188.3736161667388,190.6802318749029,186.31688148054823,189.8825225830078,3207732,0.0,0.0,198.61730194091797,1.2555991417293688,2008,1,8,1,187.5279235839844
2008-01-09,191.2185088699241,193.3713533209025,190.2766474884112,191.5068359375,2450128,0.0,0.0,198.6890635172526,0.8554306801891842,2008,1,9,2,189.8825225830078
2008-01-10,191.8336484417367,194.04415641476277,184.9137973957422,188.69088745117188,3342376,0.0,0.0,198.59744160970052,-1.4704166942882013,2008,1,10,3,191.5068359375
2008-01-11,175.9467478190695,192.98687881350247,175.9467478190695,190.24777221679688,2149188,0.0,0.0,198.68233591715494,0.8250980143531761,2008,1,11,4,188.69088745117188
2008-01-14,192.17960198334717,192.17960198334717,183.6835619180163,184.75038146972656,4158864,0.0,0.0,198.65094146728515,-2.889595332977546,2008,1,14,0,190.24777221679688
2008-01-15,185.49038696289065,186.067041015625,179.53162841796876,180.6849365234375,2935588,0.0,0.0,198.1883346557617,-2.200506929375534,2008,1,15,1,184.75038146972656
2008-01-16,180.6849624219928,185.8171865733696,177.8016917450461,181.63644409179688,3131956,0.0,0.0,197.5158894856771,0.5266114523254428,2008,1,16,2,180.6849365234375
2008-01-17,185.6442134332031,185.68265939439655,176.64840992075617,177.359619140625,6302096,0.0,0.0,196.83031463623047,-2.354607288507815,2008,1,17,3,181.63644409179688
2008-01-18,178.66665999911206,180.6849493266975,172.43879109545392,173.611328125,4333816,0.0,0.0,195.99736836751302,-2.1133846778578436,2008,1,18,4,177.359619140625
2008-01-21,173.7651226435402,173.89967762916714,154.7835896114057,159.74281311035156,4840032,0.0,0.0,194.68708190917968,-7.988254663119177,2008,1,21,0,173.611328125
2008-01-22,156.60003214133033,190.29585061614048,139.35807242091096,153.82247924804688,6376872,0.0,0.0,193.00613810221355,-3.7061660221389015,2008,1,22,1,159.74281311035156
2008-01-23,165.7366063375624,171.71778770713684,155.31777427443274,168.23519897460938,5359120,0.75,0.0,191.97861022949218,9.369709678987315,2008,1,23,2,153.82247924804688
2008-01-24,167.85901248048614,171.3319575662893,159.32135581122003,162.6978302001953,2013336,0.0,0.0,190.7299835205078,-3.2914448392275975,2008,1,24,3,168.23519897460938
2008-01-25,164.57893230700066,173.2034109507792,164.01939781493658,170.67587280273438,2243116,0.0,0.0,189.66976623535157,4.903594960499658,2008,1,25,4,162.6978302001953
2008-01-28,167.85893859268776,167.85893859268776,159.17657969996253,164.8297576904297,2485660,0.0,0.0,188.56716715494792,-3.425273306826193,2008,1,28,0,170.67587280273438
2008-01-29,165.15779082421517,170.67590856416834,164.96484947979437,167.4152069091797,3258712,0.0,0.0,187.48155263264974,1.5685573133012776,2008,1,29,1,164.8297576904297
2008-01-30,170.17421262646454,172.10362546803444,165.92950437501077,167.82997131347656,3032856,0.0,0.0,186.58916524251302,0.24774595567167434,2008,1,30,2,167.4152069091797
2008-01-31,167.85897421120572,171.71780120456677,161.17355173472555,168.58250427246094,5966956,0.0,0.0,185.7699172973633,0.4483900897407578,2008,1,31,3,167.82997131347656
2008-02-01,170.75308444231925,181.5770888134352,168.49566842834932,179.33897399902344,4169520,0.0,0.0,185.1836369832357,6.380537395018182,2008,2,1,4,168.58250427246094
2008-02-04,182.32953869396715,190.8189563686069,181.17189082924355,188.24319458007807,3730520,0.0,0.0,184.7605733235677,4.965022595201818,2008,2,4,0,179.33897399902344
2008-02-05,185.22364699011132,188.11776647433183,180.52553107120767,184.26858520507807,1722872,0.0,0.0,183.79271596272787,-2.111422611513969,2008,2,5,1,188.24319458007807
2008-02-06,179.43549214976454,179.43549214976454,172.58607282576816,174.82418823242188,4007952,0.0,0.0,182.5702702840169,-5.125342967248181,2008,2,6,2,184.26858520507807
2008-02-07,174.82413258859202,174.82413258859202,168.0615413974996,169.60507202148438,2574652,0.0,0.0,181.10690053304037,-2.985351319920837,2008,2,7,3,174.82418823242188
2008-02-08,170.56012601340842,178.47072009321585,169.78836073732967,173.33848571777344,2576820,0.0,0.0,179.95122375488282,2.201239415656242,2008,2,8,4,169.60507202148438
2008-02-11,173.33854895494386,179.82137492858124,165.9488843196378,174.82418823242188,3200988,0.0,0.0,178.87550557454426,0.8571105882783758,2008,2,11,0,173.33848571777344
2008-02-12,174.61191490711914,178.47074175589526,165.9295544973729,166.8267364501953,5161328,0.0,0.0,177.6796106974284,-4.5745682351427615,2008,2,12,1,174.82418823242188
2008-02-13,168.82366476861463,173.06837405422553,164.25095286478387,167.6563720703125,2185376,0.0,0.0,176.5405258178711,0.4973037522465029,2008,2,13,2,166.8267364501953
2008-02-14,170.75301601198464,173.647134927442,166.12242574725283,168.59207153320312,2246480,0.0,0.0,175.68219095865885,0.558105517455787,2008,2,14,3,167.6563720703125
2008-02-15,165.92957094181082,171.14863241677423,165.92957094181082,168.3799285888672,2213044,0.0,0.0,174.8542694091797,-0.12583210017331758,2008,2,15,4,168.59207153320312
2008-02-18,168.37994105754615,168.8237038667545,164.0001694705615,164.61758422851562,1723160,0.0,0.0,174.09059143066406,-2.2344375555224727,2008,2,18,0,168.3799285888672
2008-02-19,165.1577955896427,170.56015338930388,164.96485423965478,168.91050720214844,1947288,0.0,0.0,173.3915242513021,2.607815558557558,2008,2,19,1,164.61758422851562
2008-02-20,169.76915049276204,172.6150362755653,168.4860854124044,170.9653778076172,3060624,0.0,0.0,172.706808980306,1.2165439791199661,2008,2,20,2,168.91050720214844
2008-02-21,173.26130766909571,179.6283713139511,170.17424650795368,176.47378540039062,3562052,0.0,0.0,172.29957224527996,3.221943333446098,2008,2,21,3,170.9653778076172
2008-02-22,177.50597558959703,177.67962745011076,170.75303086607977,173.75326538085938,2401516,0.0,0.0,171.7497553507487,-1.5416000814845288,2008,2,22,4,176.47378540039062
2008-02-25,179.04953608538025,179.24247739581708,171.76600161638984,173.79188537597656,3255460,0.0,0.0,171.3844721476237,0.022226917596368523,2008,2,25,0,173.75326538085938
2008-02-26,178.27777877419615,178.27777877419615,172.68248052262504,173.33848571777344,4999584,0.0,0.0,171.13959045410155,-0.2608865524545312,2008,2,26,1,173.79188537597656
2008-02-27,175.19074009970524,176.5123835937199,168.6403791250975,169.315673828125,2364056,0.0,0.0,170.72889811197916,-2.3207840272692293,2008,2,27,2,173.33848571777344
2008-02-28,170.75307560987,171.71778225173367,168.24483834102446,169.96202087402344,5579004,0.0,0.0,170.48231150309246,0.3817408225032626,2008,2,28,3,169.315673828125
2008-02-29,169.78838595754587,172.04580208063155,166.60485372084187,169.2867431640625,3416480,0.0,0.0,170.3381586710612,-0.39731094422644775,2008,2,29,4,169.96202087402344
2008-03-03,167.0872260448513,167.608170097923,162.07075043611442,163.73004150390625,3141328,0.0,0.0,170.4710662841797,-3.282419849480489,2008,3,3,0,169.2867431640625
2008-03-04,165.54363210639733,167.85892766033294,163.44056726775827,165.69798278808594,3010532,0.0,0.0,170.86691640218098,1.2019427015980577,2008,3,4,1,163.73004150390625
2008-03-05,163.0354701914069,170.32865218318926,163.0354701914069,168.881591796875,2209348,0.0,0.0,170.88846282958986,1.921332387528607,2008,3,5,2,165.69798278808594
2008-03-07,166.4311999315222,167.1064946408278,162.50484826075598,163.25732421875,1996828,0.0,0.0,170.90711263020833,-3.3303023250098707,2008,3,7,4,168.881591796875
2008-03-10,163.25731725315669,164.77190204035253,160.14130994554168,160.84555053710938,2494168,0.0,0.0,170.57943522135417,-1.4772836031595515,2008,3,10,0,163.25732421875
2008-03-11,162.0707238480476,162.0707238480476,158.21189708976075,158.88719177246094,4043520,0.0,0.0,170.3813496907552,-1.2175399058966252,2008,3,11,1,160.84555053710938
2008-03-12,161.87776578641302,164.00012028420866,156.33070289444714,158.89682006835938,1884412,0.0,0.0,170.09740346272787,0.006059831375337943,2008,3,12,2,158.88719177246094
2008-03-13,157.2471502054271,157.2471502054271,146.82832062126383,150.4363250732422,3408600,0.0,0.0,169.51761525472006,-5.324521278322236,2008,3,13,3,158.89682006835938
2008-03-14,150.49422533070296,156.84199928910752,144.7059858949067,155.0958709716797,2216056,0.0,0.0,169.06806081136068,3.0973542435106305,2008,3,14,4,150.4363250732422
2008-03-17,149.52955196948898,153.90932313725585,148.32366848586406,152.78060913085938,1958904,0.0,0.0,168.1827819824219,-1.4927939901398624,2008,3,17,0,155.0958709716797
2008-03-18,152.4236355186835,159.90975602182883,148.56480930302064,157.7681121826172,3596080,0.0,0.0,167.1669459025065,3.264486952978385,2008,3,18,1,152.78060913085938
2008-03-19,159.75543274560718,162.07072887235512,155.42389721990858,156.562255859375,4361924,0.0,0.0,166.24340159098307,-0.7643219574348437,2008,3,19,2,157.7681121826172
2008-03-24,156.56227994130504,161.58840036764843,156.56227994130504,158.92581176757812,3301984,0.0,0.0,165.7134557088216,1.5096588224470242,2008,3,24,0,156.562255859375
2008-03-25,162.07069479664327,173.61822709042306,161.10598827999658,169.11305236816406,2928896,0.0,0.0,165.69705505371093,6.410060447250898,2008,3,25,1,158.92581176757812
2008-03-26,181.36485446413795,181.36485446413795,164.2991910691598,169.4700164794922,2171768,0.0,0.0,165.56810607910157,0.21108016579998168,2008,3,26,2,169.11305236816406
2008-03-27,168.24490125549852,169.01666685758798,162.28300726887417,164.4825439453125,6151152,0.0,0.0,165.22338460286457,-2.9429822677707884,2008,3,27,3,169.4700164794922
2008-03-28,164.57893519454416,168.76576391991557,164.38599388716486,168.0615234375,3633696,0.0,0.0,165.26454416910806,2.175902321511658,2008,3,28,4,164.4825439453125
2008-03-31,168.0615979485748,168.0615979485748,153.77429015801815,156.36935424804688,4051860,0.0,0.0,164.88831024169923,-6.9570767599291035,2008,3,31,0,168.0615234375
2008-04-01,158.2119056212475,164.5596806914114,156.28249213806154,160.5947265625,2086728,0.0,0.0,164.62173207600912,2.702174179059713,2008,4,1,1,156.36935424804688
2008-04-02,164.00018678012574,167.66607330815208,163.8554807329668,164.24136352539062,1428844,0.0,0.0,164.48377990722656,2.2707077878247883,2008,4,2,2,160.5947265625
2008-04-03,164.00011867180774,172.1036539473559,164.00011867180774,170.8302459716797,3287172,0.0,0.0,164.6908686319987,4.011707102803297,2008,4,3,3,164.24136352539062
2008-04-04,170.94601419953608,171.69849007861606,165.93918445323663,168.41848754882812,2020844,0.0,0.0,164.67446797688802,-1.4117865423265763,2008,4,4,4,170.8302459716797
2008-04-07,172.6825014342351,177.52532441760707,169.44108923741445,174.43826293945312,3659528,0.0,0.0,164.79023081461588,3.5742960753520236,2008,4,7,0,168.41848754882812
2008-04-08,174.6119010682236,174.99778372251802,168.82366125380736,171.20648193359375,4055352,0.0,0.0,164.61465403238932,-1.8526789658419807,2008,4,8,1,174.43826293945312
2008-04-09,169.7884565018723,172.10375363598877,167.6661007955989,169.06492614746094,1482600,0.0,0.0,164.4583760579427,-1.2508613937663116,2008,4,9,2,171.20648193359375
2008-04-10,169.78836328141776,177.4384914056586,169.20953931568565,173.56036376953125,2925932,0.0,0.0,164.4506586710612,2.659000730967298,2008,4,10,3,169.06492614746094
2008-04-11,174.2356273583475,178.4706909751052,172.3448050956894,175.19068908691406,2189264,0.0,0.0,164.51239878336588,0.9393419568696659,2008,4,11,4,173.56036376953125
2008-04-15,177.89190158136907,190.04720505167955,169.8655471749472,187.95379638671875,5703772,0.0,0.0,165.133669535319,7.285265767447702,2008,4,15,1,175.19068908691406
2008-04-16,190.0471796282376,193.32718171319192,185.60952974859345,187.5196533203125,6438768,0.0,0.0,165.71892395019532,-0.23098393049374444,2008,4,16,2,187.95379638671875
2008-04-17,192.8834582731508,194.8707517025997,188.99568559553285,193.114990234375,3999556,0.0,0.0,166.51319885253906,2.9838669254069083,2008,4,17,3,187.5196533203125
2008-04-21,194.6777720306864,199.6942458392076,190.35588219286416,191.6678924560547,3399296,0.0,0.0,167.444460550944,-0.7493451319154687,2008,4,21,0,193.114990234375
2008-04-22,190.03758332038356,190.03758332038356,170.17426916214595,171.1775665283203,13785196,0.0,0.0,167.62711334228516,-10.690536461359779,2008,4,22,1,191.6678924560547
2008-04-23,171.13897388589135,174.74697941099276,169.7980291760765,171.55380249023438,6326156,0.0,0.0,167.7161870320638,0.21979279735340196,2008,4,23,2,171.1775665283203
2008-04-24,174.41903781596443,174.59268979861005,166.701381275435,171.86256408691406,15290096,0.0,0.0,168.0030283610026,0.17997945379104596,2008,4,24,3,171.55380249023438
2008-04-25,175.96251962297802,175.96251962297802,170.75310292361354,171.58274841308594,6828568,0.0,0.0,168.36093495686848,-0.1628136268737479,2008,4,25,4,171.86256408691406
2008-04-28,156.08954126234713,172.87543754148706,138.91776231012352,170.1163787841797,6598136,0.0,0.0,168.73524119059246,-0.8546136732674126,2008,4,28,0,171.58274841308594
2008-04-29,170.1838961465205,179.4354351869373,167.8879014071628,175.68272399902344,16209848,0.0,0.0,169.29477132161458,3.2720807100564686,2008,4,29,1,170.1163787841797
2008-04-30,176.75352697518133,180.54482837556887,174.9012951348685,177.69894409179688,9487980,0.0,0.0,170.20352528889973,1.1476484692852562,2008,4,30,2,175.68272399902344
2008-05-02,178.4707289942053,185.60955815397352,178.27778766556293,182.08837890625,5298780,0.0,0.0,171.10327555338543,2.4701524462551694,2008,5,2,4,177.69894409179688
2008-05-05,182.32955359474985,183.1977895642487,177.72790766688777,178.9434356689453,3613764,0.0,0.0,171.97536977132162,-1.7271520874618251,2008,5,5,0,182.08837890625
2008-05-06,175.57660897382578,183.29426211553243,168.36059857584843,180.7956695556641,3982796,0.0,0.0,172.74295501708986,1.0350946262960514,2008,5,6,1,178.9434356689453
2008-05-07,183.2942941930518,189.0632456365577,183.2942941930518,186.52606201171875,12585540,0.0,0.0,173.7417485555013,3.169540769498558,2008,5,7,2,180.7956695556641
2008-05-08,186.1691088948513,186.18839831891003,177.1201550847248,182.7154541015625,10845832,0.0,0.0,174.53473663330078,-2.0429359141870718,2008,5,8,3,186.52606201171875
2008-05-09,185.03075216744693,185.03075216744693,175.5766261442927,176.92721557617188,4492296,0.0,0.0,174.7952087402344,-3.1678976219347232,2008,5,9,4,182.7154541015625
2008-05-12,176.92723233658165,180.37123100364323,175.63452283122575,178.8373565673828,3898508,0.0,0.0,175.10745340983073,1.079619653194941,2008,5,12,0,176.92721557617188
2008-05-13,179.43547149819003,181.63500779477948,171.5248754428935,174.62158203125,4462876,0.0,0.0,175.44542134602864,-2.3573232220888807,2008,5,13,1,178.8373565673828
2008-05-14,174.61188210822456,188.87989405672835,171.93964972787816,187.3749542236328,9373188,0.0,0.0,176.08920237223307,7.303434113946183,2008,5,14,2,174.62158203125
2008-05-15,187.73193207523127,193.3272311812762,185.2429839693016,189.99899291992188,7177896,0.0,0.0,177.21019032796224,1.4004212607610533,2008,5,15,3,187.3749542236328
2008-05-16,191.7837187902117,191.7837187902117,186.86371393191152,189.28512573242188,3838648,0.0,0.0,178.16653696695963,-0.37572156385106137,2008,5,16,4,189.99899291992188
2008-05-20,188.11783374727776,191.0119542664667,182.76371078677835,184.4712371826172,4946904,0.0,0.0,178.8408660888672,-2.543194311321495,2008,5,20,1,189.28512573242188
2008-05-21,179.04953884336638,186.7671913797184,176.54130176905198,186.2076568603516,3140184,0.0,0.0,179.35344645182292,0.9412956210704149,2008,5,21,2,184.4712371826172
2008-05-22,184.5483899664086,190.14368877354488,183.4872126064345,185.4455718994141,5445200,0.0,0.0,179.92101593017577,-0.40926617830169265,2008,5,22,3,186.2076568603516
2008-05-23,188.09853686541743,189.0246530396087,178.68298906188943,179.89852905273438,5401384,0.0,0.0,180.1030248006185,-2.9911972498801065,2008,5,23,4,185.4455718994141
2008-05-26,177.50602222690256,185.7832099303561,176.73425691287255,184.3457946777344,5457272,0.0,0.0,180.54100189208984,2.472096713862726,2008,5,26,0,179.89852905273438
2008-05-27,189.08245465766453,191.78363258134544,182.52245112872515,186.94081115722656,5682072,0.0,0.0,181.1368647257487,1.4076895456327954,2008,5,27,1,184.3457946777344
2008-05-28,187.1723992366171,195.8837059141249,187.1723992366171,194.7646484375,5469588,0.0,0.0,181.843674214681,4.185194892351896,2008,5,28,2,186.94081115722656
2008-05-29,194.677853274593,198.41126428349887,189.85431875341877,191.90914916992188,8258940,0.0,0.0,182.4009562174479,-1.4661281143607874,2008,5,29,3,194.7646484375
2008-05-30,191.2048650272293,202.39546257675423,188.69662764543915,200.4949951171875,15485284,0.0,0.0,182.8189961751302,4.473911736049363,2008,5,30,4,191.90914916992188
2008-06-02,195.8354443509615,204.0161612195522,186.1883781267762,189.8253173828125,7054764,0.0,0.0,182.8958516438802,-5.321667869134927,2008,6,2,0,200.4949951171875
2008-06-03,185.22373798402663,191.01197979602748,181.00797324143596,188.1468048095703,4900256,0.0,0.0,182.7302454630534,-0.884240625215027,2008,6,3,1,189.8253173828125
2008-06-04,190.9733746518535,190.9733746518535,182.59006937586213,184.5966644287109,3787856,0.0,0.0,182.49453786214193,-1.886899107562634,2008,6,4,2,188.1468048095703
2008-06-05,186.0147742488145,192.32395954355283,185.9954848218676,189.43948364257807,5905256,0.0,0.0,183.1032684326172,2.623459762317326,2008,6,5,3,184.5966644287109
2008-06-06,191.01189206392,192.6808390636465,184.7991796839742,186.41989135742188,4137784,0.0,0.0,183.59880472819012,-1.5939614208690278,2008,6,6,4,189.43948364257807
2008-06-09,174.0812954700575,186.16907314944876,171.717764442617,176.36764526367188,6140140,0.0,0.0,183.7489741007487,-5.392260461345765,2008,6,9,0,186.41989135742188
2008-06-10,175.5766254724496,177.31309759250678,167.28014756550968,169.59544372558594,6155372,0.0,0.0,183.68273061116537,-3.839820806112937,2008,6,10,1,176.36764526367188
2008-06-11,171.71786034667778,175.57668866907505,169.78844618547913,171.78538513183594,4113368,0.0,0.0,183.73836415608724,1.2912737265474261,2008,6,11,2,169.59544372558594
2008-06-12,172.4895702547803,174.11028233678397,165.35074016593592,171.38015747070312,2464004,0.0,0.0,183.5949452718099,-0.23589181397580816,2008,6,12,3,171.78538513183594
2008-06-13,169.78836179784238,177.87260782574384,169.78836179784238,175.49942016601562,6732432,0.0,0.0,183.5216278076172,2.403582045965069,2008,6,13,4,171.38015747070312
2008-06-16,177.31312444517684,179.04959682820902,174.2742977748705,175.7310028076172,6541784,0.0,0.0,183.3097152709961,0.13195635711074072,2008,6,16,0,175.49942016601562
2008-06-17,174.61190976243856,178.8566191710282,174.61190976243856,177.75685119628906,3504824,0.0,0.0,183.2701624552409,1.152812171048545,2008,6,17,1,175.7310028076172
2008-06-18,178.6298093314434,178.66861052918406,172.84878608197937,174.7693328857422,6431336,1.25,0.0,183.06928456624348,-1.6806768855552545,2008,6,18,2,177.75685119628906
2008-06-19,170.76333018466158,174.20672593675218,170.714831652942,172.26678466796875,3289068,0.0,0.0,182.59397532145184,-1.4319149569618772,2008,6,19,3,174.7693328857422
2008-06-20,174.57534699161985,174.57534699161985,163.25578080232708,167.58184814453125,8157760,0.0,0.0,182.0895217895508,-2.719582032292156,2008,6,20,4,172.26678466796875
2008-06-23,167.5818939072039,170.60821069353176,163.53711935680772,166.53433227539062,3572312,0.0,0.0,181.74309234619142,-0.625077167210375,2008,6,23,0,167.58184814453125
2008-06-24,164.89507866118768,168.32877854963755,159.73483740633023,163.8087158203125,9287176,0.0,0.0,181.24213765462238,-1.6366693989386505,2008,6,24,1,166.53433227539062
2008-06-25,162.9551464687145,171.68488645810993,161.26739436933786,170.09413146972656,5914196,0.0,0.0,181.09122263590496,3.837045921481219,2008,6,25,2,163.8087158203125
2008-06-26,171.4908348579138,174.20675305702102,166.9125774870328,170.97674560546875,7028316,0.0,0.0,180.54461568196615,0.5188974646660682,2008,6,26,3,170.09413146972656
2008-06-27,170.97674974952818,170.97674974952818,165.1181355361121,167.90194702148438,6260948,0.0,0.0,179.80804748535155,-1.7983723886519143,2008,6,27,4,170.97674560546875
2008-06-30,168.96890151442145,170.32686053922163,164.89502444002093,166.48577880859375,3258044,0.0,0.0,179.0480692545573,-0.8434495477943504,2008,6,30,0,167.90194702148438
2008-07-01,167.80494915405072,169.16290828015286,161.9948216678495,164.4488525390625,5059616,0.0,0.0,178.38065643310546,-1.2234836417307937,2008,7,1,1,166.48577880859375
2008-07-02,164.89505800463715,172.26683706837386,162.95511614575906,170.03590393066406,8141112,0.0,0.0,177.8415980021159,3.3974401799334197,2008,7,2,2,164.4488525390625
2008-07-03,170.9089045776829,170.9089045776829,159.1819518330617,166.18515014648438,4172528,0.0,0.0,177.1995839436849,-2.26467098722275,2008,7,3,3,170.03590393066406
2008-07-04,168.7555988286928,168.78469086122465,162.08219204999205,163.82814025878906,3939584,0.0,0.0,176.66390431722004,-1.4183035521631915,2008,7,4,4,166.18515014648438
2008-07-07,163.92507000870285,167.61095915682753,161.4031458547228,165.33152770996094,1794132,0.0,0.0,176.03009541829428,0.9176613058031746,2008,7,7,0,163.82814025878906
2008-07-08,161.04422722241225,163.92503523563488,158.68719387307613,161.05392456054688,3947624,0.0,0.0,175.16719919840494,-2.587288225460671,2008,7,8,1,165.33152770996094
2008-07-09,164.8950520763718,172.64512189205428,164.8950520763718,170.0843963623047,3578548,0.0,0.0,174.34452412923176,5.607110678239247,2008,7,9,2,161.05392456054688
2008-07-10,168.77492450378716,172.460813659617,165.35092273600165,168.46453857421875,3504368,0.0,0.0,173.563037109375,-0.9523847117847373,2008,7,10,3,170.0843963623047
2008-07-11,177.8926681344351,182.9365169583122,152.36303805438172,154.9237518310547,5523784,0.0,0.0,172.04399566650392,-8.037766795175427,2008,7,11,4,168.46453857421875
2008-07-14,155.19535304528756,155.19535304528756,147.62957958432978,148.95843505859375,4559896,0.0,0.0,170.6817662556966,-3.850485611119303,2008,7,14,0,154.9237518310547
2008-07-15,148.95844062062096,152.56673981793531,143.00282819750134,145.6217498779297,4509844,0.0,0.0,169.26426442464194,-2.240010899249545,2008,7,15,1,148.95843505859375
2008-07-16,146.39766952210053,150.0835578556756,138.88039726283566,141.2471160888672,5739900,0.0,0.0,167.81927947998048,-3.0041074171472504,2008,7,16,2,145.6217498779297
2008-07-17,142.58570481442507,152.65400625791483,141.62543137309234,151.9459228515625,10350716,0.0,0.0,166.56949412027996,7.574531118896632,2008,7,17,3,141.2471160888672
2008-07-18,151.31544393630293,155.58331543194225,145.30162501062935,154.00225830078125,8339496,0.0,0.0,165.48890635172526,1.3533337457350525,2008,7,18,4,151.9459228515625
2008-07-21,155.0013644864445,158.1052716601405,151.8974573127485,157.67848205566406,3582068,0.0,0.0,164.86593424479167,2.3871232769215656,2008,7,21,0,154.00225830078125
2008-07-22,158.29926590520384,163.72140611894713,156.36902126289883,161.3740692138672,4241164,0.0,0.0,164.59188842773438,2.3437485635474875,2008,7,22,1,157.67848205566406
2008-07-23,161.0151319385689,168.77489733319877,158.8618017777441,166.941650390625,5971420,0.0,0.0,164.43043060302733,3.4501089325442713,2008,7,23,2,161.3740692138672
2008-07-24,169.6479005042901,169.6479005042901,153.71127481164075,155.6900177001953,11742336,0.0,0.0,163.9074259440104,-6.739859504265178,2008,7,24,3,166.941650390625
2008-07-25,155.04013061523438,164.79803421665022,151.70342879037136,155.04013061523438,8842536,0.0,0.0,163.22544962565104,-0.41742373375047714,2008,7,25,4,155.6900177001953
2008-07-28,155.19528221899225,158.48348462909922,152.28537067738614,156.40774536132812,1969372,0.0,0.0,162.5813410441081,0.8821037112563879,2008,7,28,0,155.04013061523438
2008-07-29,156.49503186030609,157.87238513750367,153.64331642225568,156.9315185546875,2472192,0.0,0.0,161.887163289388,0.33487676211263473,2008,7,29,1,156.40774536132812
2008-07-30,164.1190295021075,164.1190295021075,155.1952997655863,162.75137329101562,4420076,0.0,0.0,161.48656463623047,3.7085314600457497,2008,7,30,2,156.9315185546875
2008-07-31,163.5399197373969,163.92930049867644,159.93814769556138,162.32310485839844,5195580,0.75,0.0,161.1551086425781,-0.26314274586881625,2008,7,31,3,162.75137329101562
2008-08-01,160.61953422622614,166.83989311012382,157.94254198912236,163.66644287109375,4011724,0.0,0.0,161.02459513346355,0.8275704274306239,2008,8,1,4,162.32310485839844
2008-08-04,158.67267732160045,163.53993736214034,157.89391571511408,158.74081420898438,5238928,0.0,0.0,160.76481119791666,-3.0095531959406507,2008,8,4,0,163.66644287109375
2008-08-05,158.75052194465323,162.56644819092227,156.77441006675468,161.5345916748047,4768200,0.0,0.0,160.6890070597331,1.7599616580914468,2008,8,5,1,158.74081420898438
2008-08-06,163.52040815794416,169.37085002746963,162.8389920227892,167.54075622558594,5009932,0.0,0.0,160.60389455159506,3.7181909388625867,2008,8,6,2,161.5345916748047
2008-08-07,167.23907425254015,169.361204627788,164.51340831594462,166.13906860351562,3072320,0.0,0.0,160.44263865152996,-0.836624862897839,2008,8,7,3,167.54075622558594
2008-08-08,164.5036404865658,166.8496572107792,162.25496895325713,164.5328369140625,2086672,0.0,0.0,160.33033498128256,-0.9667995029431276,2008,8,8,4,166.13906860351562
2008-08-11,165.87620428154352,167.00540611250236,160.52221881470965,162.36204528808594,3405100,0.0,0.0,160.19287719726563,-1.319366800385502,2008,8,11,0,164.5328369140625
2008-08-12,162.56646499424255,164.26027365281,158.67265744947025,159.50009155273438,3323504,0.0,0.0,160.02791849772134,-1.762698745432456,2008,8,12,1,162.36204528808594
2008-08-13,155.7522743388466,163.09210264365583,155.7522743388466,161.2620086669922,3697968,0.0,0.0,159.73545532226564,1.1046495943077828,2008,8,13,2,159.50009155273438
2008-08-14,161.39831674608487,164.4452257900714,157.89389008573562,162.2160186767578,3741508,0.0,0.0,159.6031509399414,0.5915900574794852,2008,8,14,3,161.2620086669922
2008-08-18,163.53990711457936,165.95407240135827,162.5664552865164,163.8416748046875,1956648,0.0,0.0,159.60360209147134,1.0021551146370378,2008,8,18,0,162.2160186767578
2008-08-19,164.41603846103615,165.68152602763976,162.58594399614904,163.78329467773438,1953300,0.0,0.0,159.55199432373047,-0.03563203746709265,2008,8,19,1,163.8416748046875
2008-08-20,164.06553061173335,165.29207721803257,162.56641281161038,163.8513641357422,1127256,0.0,0.0,159.6452423095703,0.041560684282093696,2008,8,20,2,163.78329467773438
2008-08-21,162.76111218991178,163.9292541434279,158.71155579431348,159.22747802734375,1976516,0.0,0.0,159.2833450317383,-2.8220003738069543,2008,8,21,3,163.8513641357422
2008-08-22,159.4514617919922,160.5709317618383,156.43376013414618,159.4514617919922,2645284,0.0,0.0,158.9829091389974,0.14066903993164015,2008,8,22,4,159.22747802734375
2008-08-25,160.42487137075994,162.56646552740844,158.86734834774285,159.29566955566406,942244,0.0,0.0,159.1286397298177,-0.09770511638919066,2008,8,25,0,159.4514617919922
2008-08-26,157.68945227624417,162.94609175681782,157.68945227624417,162.38148498535156,2205004,0.0,0.0,159.5760747273763,1.9371621578257558,2008,8,26,1,159.29566955566406
2008-08-27,159.6655618028782,162.76114332504193,158.3027292630752,159.34432983398438,2131788,0.0,0.0,160.0334940592448,-1.8703826680986246,2008,8,27,2,162.38148498535156
2008-08-28,159.64611817626778,160.4735523253521,152.3744369369101,154.26292419433594,6580688,0.0,0.0,160.46735432942708,-3.1889466320782045,2008,8,28,3,159.34432983398438
2008-08-29,155.75227782793905,159.6363526328644,155.75227782793905,158.12750244140625,1998500,0.0,0.0,160.67340698242188,2.5051892846279955,2008,8,29,4,154.26292419433594
2008-09-01,158.67261971319806,159.64607136788024,157.11509706570652,158.6628875732422,1527432,0.0,0.0,160.8287612915039,0.3385781243426145,2008,9,1,0,158.12750244140625
2008-09-02,158.6629539004898,166.07092171284728,158.6629539004898,165.2532196044922,2647848,0.0,0.0,161.0812525431315,4.153669539266236,2008,9,2,1,158.6628875732422
2008-09-04,164.51333961928435,166.42130260159146,162.0505020303815,164.3575897216797,2461676,0.0,0.0,161.18070322672526,-0.5419742410804784,2008,9,4,3,165.2532196044922
2008-09-05,165.48678138276367,165.48678138276367,160.61952310680002,163.22837829589844,2445368,0.0,0.0,161.0569274902344,-0.6870455010282384,2008,9,5,4,164.3575897216797
2008-09-08,167.43372035953104,170.23726647687357,163.92929365433156,166.79124450683594,5170432,0.0,0.0,161.42696838378907,2.182749254837768,2008,9,8,0,163.22837829589844
2008-09-09,166.46026189926195,169.71159336792076,163.53990642734507,168.36822509765625,2815328,0.0,0.0,161.8712381998698,0.945481638129797,2008,9,9,1,166.79124450683594
2008-09-10,167.65760928314742,169.41955467523306,165.11689056338602,165.6620330810547,3063456,0.0,0.0,162.17971445719402,-1.6073056629491322,2008,9,10,2,168.36822509765625
2008-09-11,165.66203597353643,168.99123645465627,161.3983122360715,162.89743041992188,1908976,0.0,0.0,162.37857818603516,-1.6688209179348656,2008,9,11,3,165.6620330810547
2008-09-12,168.40716726163177,168.40716726163177,155.93725164619133,157.8062744140625,3573964,0.0,0.0,162.2137415568034,-3.125375270030495,2008,9,12,4,162.89743041992188
2008-09-15,151.8584483460082,155.55756439546224,145.04428720227705,148.08145141601562,8550948,0.0,0.0,161.73901977539063,-6.162507184302601,2008,9,15,0,157.8062744140625
2008-09-16,145.9204072316943,146.21244273649424,141.15049398662893,145.79385375976562,5072364,0.0,0.0,161.143266805013,-1.5448239022342491,2008,9,16,1,148.08145141601562
2008-09-17,145.6283793171653,148.86997834258128,141.73457238355127,142.14341735839844,4200868,0.0,0.0,160.59002024332682,-2.5038342201875396,2008,9,17,2,145.79385375976562
2008-09-18,141.7345947914073,145.8230927180825,130.637243276146,140.40097045898438,6357104,0.0,0.0,159.88556620279948,-1.2258372085009572,2008,9,18,3,142.14341735839844
2008-09-19,151.80004123143635,151.80004123143635,142.14339446180213,149.2982635498047,9544368,0.0,0.0,159.27748311360676,6.337059538644363,2008,9,19,4,140.40097045898438
2008-09-22,168.99125942799358,168.99125942799358,146.60186445769492,149.28858947753906,4472944,0.0,0.0,158.7158004760742,-0.006479695098660088,2008,9,22,0,149.2982635498047
2008-09-23,139.27177486668668,149.463824581351,139.27177486668668,140.3717803955078,2966120,0.0,0.0,157.91043192545573,-5.9728671248332805,2008,9,23,1,149.28858947753906
2008-09-24,141.06292950888306,145.6284218485063,134.39478318761124,138.82398986816406,7380724,0.0,0.0,157.125830078125,-1.1026365292103102,2008,9,24,2,140.3717803955078
2008-09-25,138.83368343342988,140.14784329215885,130.64695661601314,134.02484130859375,15122632,0.0,0.0,156.276655069987,-3.457002326563219,2008,9,25,3,138.82398986816406
2008-09-26,136.2832876051067,136.2832876051067,129.7027540944806,131.649658203125,4217244,0.0,0.0,155.2895767211914,-1.7721961707082845,2008,9,26,4,134.02484130859375
2008-09-29,132.15581385049097,132.15581385049097,119.15050019294983,120.70802307128906,5578636,0.0,0.0,153.90597686767578,-8.311176254596775,2008,9,29,0,131.649658203125
2008-09-30,115.25667319872466,131.74694621709253,114.86729254602626,129.58587646484375,8391372,0.0,0.0,152.7641169230143,7.354816330900804,2008,9,30,1,120.70802307128906
2008-10-01,130.36469029545904,133.34346299514223,125.64344797925597,130.7832794189453,6017916,0.0,0.0,151.66411641438802,0.9240227305376214,2008,10,1,2,129.58587646484375
2008-10-03,129.4593566849771,129.4593566849771,125.05934743869894,128.0089111328125,4172404,0.0,0.0,150.46936798095703,-2.121347850014932,2008,10,3,4,130.7832794189453
2008-10-06,126.7920844119662,126.7920844119662,116.81420444864447,120.51332092285156,5882984,0.0,0.0,149.17889607747395,-5.855522200469365,2008,10,6,0,128.0089111328125
2008-10-07,122.8788273042306,129.46909133557295,110.19474540742,112.12218475341795,8884604,0.0,0.0,147.60125350952148,-6.962828760486417,2008,10,7,1,120.51332092285156
2008-10-08,108.05312805748068,109.60091848462464,98.90268297873908,106.417724609375,8301380,0.0,0.0,145.8386553446452,-5.08771761501825,2008,10,8,2,112.12218475341795
2008-10-10,105.13278810298242,107.07969158637098,93.529242153691,102.17349243164062,13742076,0.0,0.0,143.83172225952148,-3.9882756310695155,2008,10,10,4,106.417724609375
2008-10-13,102.78680432791636,117.37885293284764,102.17352478328132,111.52839660644533,13866024,0.0,0.0,142.23785781860352,9.155901351873252,2008,10,13,0,102.17349243164062
2008-10-14,116.61956025597075,120.59124953206263,113.18326962880028,115.39301300048828,7424624,0.0,0.0,140.94219411214192,3.4651411762693707,2008,10,14,1,111.52839660644533
2008-10-15,113.89384239982468,114.60446685344988,104.21773067747088,105.73631286621094,5308752,0.0,0.0,139.1958211263021,-8.368531060226747,2008,10,15,2,115.39301300048828
2008-10-16,102.21245389996152,102.93281071356245,91.09563153511752,96.37174224853516,8031800,0.0,0.0,137.11944961547852,-8.856532220415946,2008,10,16,3,105.73631286621094
2008-10-17,97.34519767906374,102.99121914444945,86.63722593436673,88.36023712158203,9743540,0.0,0.0,134.5563501993815,-8.313126794254778,2008,10,17,4,96.37174224853516
2008-10-20,96.69296645950062,98.31863215974454,88.63278671430436,95.6611099243164,12413060,0.0,0.0,132.2664675394694,8.262622465225512,2008,10,20,0,88.36023712158203
2008-10-21,104.8213129994035,110.56467962879334,96.05050717505786,108.85139465332033,11804900,0.0,0.0,130.45390141805015,13.788554972276179,2008,10,21,1,95.6611099243164
2008-10-22,108.05317322784796,108.05317322784796,99.5062657590222,106.4275131225586,6020668,0.0,0.0,128.44177703857423,-2.2267804087228504,2008,10,22,2,108.85139465332033
2008-10-23,102.1443311140154,114.47796416690912,97.58857064398504,106.55406188964844,10501016,0.0,0.0,126.38130493164063,0.11890606420927874,2008,10,23,3,106.4275131225586
2008-10-24,98.06554929917974,104.43192726514722,85.6637693983299,97.12129974365234,8479936,0.0,0.0,124.09661382039388,-8.852559891865063,2008,10,24,4,106.55406188964844
2008-10-27,93.64607457629867,100.84961877447547,80.86465207242398,96.7124481201172,8972576,0.0,0.0,121.89044774373373,-0.42097009061276003,2008,10,27,0,97.12129974365234
2008-10-29,110.08079232731188,112.6271451747408,103.86181518070664,105.92827606201172,10955572,0.75,0.0,120.1611811319987,9.52910211770095,2008,10,29,2,96.7124481201172
2008-10-31,111.45193166333576,116.54463855832122,103.76390298532884,105.28192138671876,10375980,0.0,0.0,118.73453013102214,-0.6101814353275947,2008,10,31,4,105.92827606201172
2008-11-03,109.6792461042655,114.19412284099572,103.23501037628743,107.22103881835938,7532020,0.0,0.0,117.44876963297526,1.841833247436564,2008,11,3,0,105.28192138671876
2008-11-04,116.85798466887834,116.85798466887834,95.97789948199936,99.60155487060548,9422540,0.0,0.0,116.03070755004883,-7.10633289112399,2008,11,4,1,107.22103881835938
2008-11-05,100.87474278665144,107.51485199680631,97.93664348218589,99.1902313232422,9233164,0.0,0.0,114.65701624552409,-0.41296900223860566,2008,11,5,2,99.60155487060548
2008-11-06,103.51905837044924,103.51905837044924,94.43053674971384,97.97584533691406,7861916,0.0,0.0,112.94626897176107,-1.2242999841090008,2008,11,6,3,99.1902313232422
2008-11-07,97.93665093842928,104.79221650411932,95.14545638668405,102.86286926269533,5877720,0.0,0.0,111.39874496459962,4.9879885281683745,2008,11,7,4,97.97584533691406
2008-11-10,107.71073078068214,108.21999657071672,100.8845392085118,107.03496551513672,4099016,0.0,0.0,110.28751780192057,4.055978879790456,2008,11,10,0,102.86286926269533
2008-11-11,106.16332401504128,107.28959544140012,101.85411160114664,103.58758544921876,6498776,0.0,0.0,109.11297098795573,-3.220798034853789,2008,11,11,1,107.03496551513672
2008-11-12,103.58757071599229,108.60193343933636,100.8845220682162,104.77261352539062,7742044,0.0,0.0,108.13789672851563,1.1439865800837667,2008,11,12,2,103.58758544921876
2008-11-14,106.75094382592314,107.43650034590614,102.53966806031332,103.97933197021484,6617464,0.0,0.0,107.21555252075196,-0.7571459072017284,2008,11,14,4,104.77261352539062
2008-11-17,103.61696646806132,105.18395272844788,99.0139443281758,101.65823364257812,8090972,0.0,0.0,106.58055953979492,-2.2322689361974346,2008,11,17,0,103.97933197021484
2008-11-18,101.85410885733631,101.85410885733631,94.019177406772,94.63617706298828,9755152,0.0,0.0,105.41556955973307,-6.907513860882942,2008,11,18,1,101.65823364257812
2008-11-19,95.97790834609772,97.15314804013155,92.39342967032576,94.53823852539062,8175088,0.0,0.0,104.20740152994792,-0.10348953290079121,2008,11,19,2,94.63617706298828
2008-11-20,94.01919213712344,94.01919213712344,90.1017257980766,92.64807891845705,5016448,0.0,0.0,103.02870712280273,-1.999359874286133,2008,11,20,3,94.53823852539062
2008-11-21,92.00167717452776,101.2664804408511,90.101704067295,99.20001983642578,6845692,0.0,0.0,102.31826375325521,7.071858363879668,2008,11,21,4,92.64807891845705
2008-11-24,98.72014343202346,104.13604497181552,96.02688555069344,101.83453369140624,8370556,0.0,0.0,101.97534205118816,2.6557594033999044,2008,11,24,0,99.20001983642578
2008-11-25,101.6778204584206,105.76178574414058,97.94643666021828,98.72013854980467,5774020,0.0,0.0,101.7187558492025,-3.0582897851128332,2008,11,25,1,101.83453369140624
2008-11-26,98.57321187868855,103.81282125326366,97.37838387252236,103.31334686279295,6135556,0.0,0.0,101.75675099690757,4.652757158227638,2008,11,26,2,98.72013854980467
2008-11-27,103.31334686279295,103.31334686279295,103.31334686279295,103.31334686279295,0,0.0,0.0,101.48291600545248,0.0,2008,11,27,3,103.31334686279295
2008-11-28,101.46238054010766,111.25604661540764,101.46238054010766,109.57154083251952,12138064,0.0,0.0,101.28886693318685,6.057488368891839,2008,11,28,4,103.31334686279295
2008-12-01,109.57156229499796,116.29980742456968,108.97413898325654,110.50196075439452,11958704,0.0,0.0,101.44772186279297,0.8491437783987532,2008,12,1,0,109.57154083251952
2008-12-02,111.6477760453524,111.6477760453524,102.45152262742752,104.37107849121094,6658808,0.0,0.0,101.7143664042155,-5.548211290847849,2008,12,2,1,110.50196075439452
2008-12-03,105.05664536884696,108.06330785995522,102.16751403720546,104.75304412841795,9997992,0.0,0.0,102.26079330444335,0.3659688514564774,2008,12,3,2,104.37107849121094
2008-12-04,104.79219788210015,108.45503036732802,98.5928101748709,107.61277770996094,8256508,0.0,0.0,102.65918223063152,2.729976589546368,2008,12,4,3,104.75304412841795
2008-12-05,105.45819982810944,106.80971855735028,101.51134766458642,102.20669555664062,7105448,0.0,0.0,102.43769226074218,-5.023643351991936,2008,12,5,4,107.61277770996094
2008-12-08,104.79223832951716,106.99581343457707,100.3655055671941,102.29485321044922,7621404,0.0,0.0,102.29993693033855,0.08625428434847482,2008,12,8,0,102.20669555664062
2008-12-10,107.69116382043262,109.06227724982558,103.71493726622508,105.9772720336914,8088380,0.0,0.0,102.28071060180665,3.599808502258095,2008,12,10,2,102.29485321044922
2008-12-11,107.67155749355084,107.67155749355084,98.32839851094177,99.4350814819336,7300252,0.0,0.0,102.35783665974935,-6.173201504637682,2008,12,11,3,105.9772720336914
2008-12-12,99.8855939200542,99.8855939200542,93.08878786972843,94.27381896972656,7121036,0.0,0.0,102.276549021403,-5.190585088568344,2008,12,12,4,99.4350814819336
2008-12-15,98.32837580528168,98.32837580528168,91.52178006975667,91.99187469482422,5997716,0.0,0.0,101.81200230916342,-2.420549310339415,2008,12,15,0,94.27381896972656
2008-12-16,92.0604445399129,94.97895530959872,91.08107810863724,93.89186096191406,5847868,0.0,0.0,101.4323336283366,2.065384875993548,2008,12,16,1,91.99187469482422
2008-12-17,95.06711737494132,96.36967376177464,92.45220734869436,93.4903335571289,6476068,0.0,0.0,100.97464345296224,-0.4276487873086543,2008,12,17,2,93.89186096191406
2008-12-18,93.02022618405434,100.69845572717482,92.45219482660995,99.99331665039062,5723936,0.0,0.0,100.98770217895508,6.955781251211346,2008,12,18,3,93.4903335571289
2008-12-19,98.52427535086451,104.59634798680248,96.78100407993362,100.59073638916016,4943988,0.0,0.0,101.03438568115234,0.5974596690879963,2008,12,19,4,99.99331665039062
2008-12-22,101.75616572548633,101.75616572548633,98.60260482221264,100.00309753417967,4106852,0.0,0.0,101.10196075439453,-0.5841878448001991,2008,12,22,0,100.59073638916016
2008-12-23,96.99644659943073,100.208767061867,96.41861805651187,98.05416107177734,3567120,0.0,0.0,100.94167048136393,-1.9488760952991568,2008,12,23,1,100.00309753417967
2008-12-24,97.29027570031216,98.86705345854509,92.50117086834652,93.65682220458984,9148436,0.0,0.0,100.49573237101237,-4.484601998653148,2008,12,24,2,98.05416107177734
2008-12-26,91.12027238473674,96.95729502769552,91.12027238473674,92.38365173339844,3154564,0.0,0.0,100.12226791381836,-1.359399605092526,2008,12,26,4,93.65682220458984
2008-12-29,93.23567590740834,93.92123234790398,90.10170360799964,93.39237213134766,4875608,0.0,0.0,99.74292653401693,1.0918819282660364,2008,12,29,0,92.38365173339844
2008-12-30,94.99856882642122,96.66349219760592,92.06046875962468,94.5186767578125,3522528,0.0,0.0,99.42757136027018,1.2059920963146675,2008,12,30,1,93.39237213134766
2008-12-31,96.42843131229084,96.42843131229084,92.50117370788962,93.60785675048828,2543696,0.0,0.0,99.15922546386719,-0.9636402439890612,2008,12,31,2,94.5186767578125
2009-01-02,97.35881896455538,99.64074763514574,96.79078760412864,97.6036605834961,5375740,0.0,0.0,99.25814158121744,4.268662879077145,2009,1,2,4,93.60785675048828
2009-01-05,98.32839256556852,102.44173169679748,97.54489939771538,100.92371368408205,4829776,0.0,0.0,99.47099075317382,3.401566171532866,2009,1,5,0,97.6036605834961
2009-01-06,100.87474278665144,102.24585579540206,97.59386522999824,99.1902313232422,5918992,0.0,0.0,99.6890625,-1.7176165021692502,2009,1,6,1,100.92371368408205
2009-01-07,101.65823406958806,101.81493030525364,91.0027286497172,98.8768310546875,9013828,0.0,0.0,99.67828954060873,-0.3159588039807981,2009,1,7,2,99.1902313232422
2009-01-09,97.91709046514592,107.69116983347668,94.9985786265675,105.17420196533205,14219980,0.0,0.0,99.78961181640625,6.3689044677833095,2009,1,9,4,98.8768310546875
2009-01-12,100.21855930434155,103.81283507265572,98.93559175249368,100.39484405517578,7595416,0.0,0.0,99.84543533325196,-4.544230258796411,2009,1,12,0,105.17420196533205
2009-01-13,97.85831910895322,105.18398062353045,95.62536429123222,102.96082305908205,13359808,0.0,0.0,99.83368453979492,2.5558872351014728,2009,1,13,1,100.39484405517578
2009-01-14,103.42108798292035,109.2189320726278,103.42108798292035,105.56590270996094,5958904,0.0,0.0,99.90876973470053,2.5301659150335443,2009,1,14,2,102.96082305908205
2009-01-15,101.85410021244226,102.4417200213602,97.61344512026672,99.98351287841795,7171524,0.0,0.0,99.58916880289713,-5.2880614746225625,2009,1,15,3,105.56590270996094
2009-01-16,99.64074929601514,101.65824187868397,95.29235968011513,98.5242691040039,9790076,0.0,0.0,99.18991241455078,-1.459484401381772,2009,1,16,4,99.98351287841795
2009-01-19,101.44278907973766,101.44278907973766,95.4490587950214,98.08355712890624,6868376,0.0,0.0,98.98032836914062,-0.44731311290667763,2009,1,19,0,98.5242691040039
2009-01-20,96.8985394191282,99.48406380664726,95.97793237066344,97.24131774902344,4635196,0.0,0.0,98.72993748982748,-0.858695794215425,2009,1,20,1,98.08355712890624
2009-01-21,96.1737805180438,98.13251331881862,94.99854083757891,96.42841339111328,3669860,0.0,0.0,98.35712534586588,-0.8359660036778127,2009,1,21,2,97.24131774902344
2009-01-22,96.9572848088279,98.72993580672544,94.6361849769796,97.27068328857422,4848136,0.0,0.0,98.19259160359701,0.8734665103787398,2009,1,22,3,96.42841339111328
2009-01-23,95.99752563547308,97.7212086455258,94.66558332990508,95.22382354736328,3031220,0.0,0.0,97.95689061482747,-2.1042925494195286,2009,1,23,4,97.27068328857422
2009-01-27,96.17378586541486,100.87474484865308,96.17378586541486,97.76036071777344,5243956,0.0,0.0,97.68299357096355,2.6637632011788703,2009,1,27,1,95.22382354736328
2009-01-28,93.64184354666044,100.49945071969042,93.64184354666044,99.99695587158205,4789396,0.75,0.0,97.70172271728515,2.2878343915541333,2009,1,28,2,97.76036071777344
2009-01-29,100.9034165688854,102.07591256464502,97.76034912421298,101.28768157958984,10017036,0.0,0.0,97.93551813761393,1.2907650005519855,2009,1,29,3,99.99695587158205
2009-01-30,99.5141757906728,101.48475352910197,98.19388630043484,100.81475830078124,8707524,0.0,0.0,98.2296142578125,-0.466910952480426,2009,1,30,4,101.28768157958984
2009-02-02,100.26299474748592,100.26299474748592,95.99669506901664,96.81448364257812,3234692,0.0,0.0,98.32703501383463,-3.9679454929289926,2009,2,2,0,100.81475830078124
2009-02-03,97.14950424581104,100.46007318175953,97.14950424581104,98.49935150146484,3808560,0.0,0.0,98.49400227864584,1.7403055777345688,2009,2,3,1,96.81448364257812
2009-02-04,99.12004263770534,101.07091906322462,97.14946524928176,98.2628402709961,2484756,0.0,0.0,98.43631973266602,-0.24011450518558464,2009,2,4,2,98.49935150146484
2009-02-05,98.52889978031008,99.04125126191306,94.2428926398666,95.15921020507812,4341548,0.0,0.0,98.25526885986328,-3.1584982251261606,2009,2,5,3,98.2628402709961
2009-02-06,96.55831312686828,100.08564621998208,95.96713978119357,99.08065032958984,6840388,0.0,0.0,98.22452061971029,4.120925463820679,2009,2,6,4,95.15921020507812
2009-02-09,98.52886014771693,103.18928004368342,97.86871558198234,101.48472595214844,4595224,0.0,0.0,98.33887278238932,2.426382562651219,2009,2,9,0,99.08065032958984
2009-02-10,101.87886120679283,104.04649655161822,100.6965146550699,103.37649536132812,6790772,0.0,0.0,98.66286188761393,1.8640927404895313,2009,2,10,1,101.48472595214844
2009-02-11,102.07592358434007,103.06121242202676,100.89357697911608,101.43548583984376,4502732,0.0,0.0,98.9645896911621,-1.8776120381137074,2009,2,11,2,103.37649536132812
2009-02-12,100.8935894112681,101.62270564648858,99.33683405864424,100.47976684570312,2844372,0.0,0.0,99.20083618164062,-0.9421939336393792,2009,2,12,3,101.43548583984376
2009-02-13,100.49948250856872,102.47006059697205,99.90830908204774,100.73595428466795,3257208,0.0,0.0,99.40807876586913,0.25496420523967167,2009,2,13,4,100.47976684570312
2009-02-16,100.02651302193031,101.47488865704534,98.13475745853874,98.67666625976562,2501996,0.0,0.0,99.57703908284505,-2.044243328536921,2009,2,16,0,100.73595428466795
2009-02-17,97.74067058297916,98.4894878311483,94.58774572546368,95.62229919433594,2950388,0.0,0.0,99.51099370320638,-3.0953285930729435,2009,2,17,1,98.67666625976562
2009-02-18,94.85377054736676,96.73567007859812,93.99656793888944,94.73553466796876,2629412,0.0,0.0,99.30472106933594,-0.9273616445521493,2009,2,18,2,95.62229919433594
2009-02-19,94.98183705346456,97.11005838278231,94.3906637937957,96.45977020263672,3477072,0.0,0.0,99.2137056986491,1.8200515157391406,2009,2,19,3,94.73553466796876
2009-02-20,95.86860134308247,96.06565910534988,91.4939166152563,93.41522979736328,4771388,0.0,0.0,99.03165232340494,-3.1562799692324117,2009,2,20,4,96.45977020263672
2009-02-24,92.6171400883116,93.7403716395535,90.74509151205848,92.40037536621094,4495532,0.0,0.0,98.60585810343424,-1.0863907666381234,2009,2,24,1,93.41522979736328
2009-02-25,92.61716337794137,95.53361632988376,92.61716337794137,94.73553466796876,5517928,0.0,0.0,98.417214457194,2.527218414971677,2009,2,25,2,92.40037536621094
2009-02-26,94.784753331017,96.67650844639742,93.99652253408546,95.02122497558594,8808288,0.0,0.0,98.15256118774414,0.30156615320584557,2009,2,26,3,94.73553466796876
2009-02-27,94.9818512641106,96.36125574304997,89.71055557673516,95.19861602783205,6750148,0.0,0.0,97.8069849650065,0.1866857139462219,2009,2,27,4,95.02122497558594
2009-03-02,93.42510083200172,94.98185619342246,89.62188182017022,90.61702728271484,3988944,0.0,0.0,97.49476877848308,-4.812663183861554,2009,3,2,0,95.19861602783205
2009-03-03,89.07009460722537,91.82890284727218,86.57731550735659,87.92716217041016,3560896,0.0,0.0,97.14153188069662,-2.9683881638630782,2009,3,3,1,90.61702728271484
2009-03-04,88.28188634751329,91.52348926732654,87.92718474535754,90.75495910644533,3258300,0.0,0.0,96.89724527994791,3.216067556638147,2009,3,4,2,87.92716217041016
2009-03-05,91.62204237179004,92.79453287646756,90.25248801928142,91.27719116210938,4284496,0.0,0.0,96.69844106038411,0.5754308754098325,2009,3,5,3,90.75495910644533
2009-03-06,90.64655165313786,95.54343722236204,90.18346480607804,94.9227066040039,5805604,0.0,0.0,96.64825083414713,3.99389529353511,2009,3,6,4,91.27719116210938
2009-03-09,92.83390856370356,94.58772136119735,90.44950855164495,91.23773956298828,4535184,0.0,0.0,96.44715270996093,-3.8820711849151923,2009,3,9,0,94.9227066040039
2009-03-12,90.97171853312116,95.57301867625944,90.97171853312116,94.07537841796876,8617456,0.0,0.0,96.40887120564778,3.1101590948791946,2009,3,12,3,91.23773956298828
2009-03-13,93.2772813048869,100.49944618589284,93.2772813048869,99.87871551513672,10199700,0.0,0.0,96.47948303222657,6.168816107636821,2009,3,13,4,94.07537841796876
2009-03-16,100.49946967047003,103.02180689592464,99.0018293118511,102.43063354492188,4672896,0.0,0.0,96.56060562133788,2.5550168688326824,2009,3,16,0,99.87871551513672
2009-03-17,101.48474959822047,102.0759228968509,97.15932922441766,98.04608917236328,6946172,0.0,0.0,96.452552541097,-4.28050107747866,2009,3,17,1,102.43063354492188
2009-03-18,98.52888537285789,101.38622304867074,98.52888537285789,99.54373168945312,6413800,0.0,0.0,96.41018498738607,1.5274882759036101,2009,3,18,2,98.04608917236328
2009-03-19,99.6127234607306,102.07594609823632,98.84419920057424,101.47492218017578,7382584,0.0,0.0,96.56553293863932,1.9400422888981028,2009,3,19,3,99.54373168945312
2009-03-20,104.22387908466264,104.22387908466264,99.61272158318351,100.46006774902344,4139380,0.0,0.0,96.63089014689128,-1.000103680149067,2009,3,20,4,101.47492218017578
2009-03-23,103.356779563495,104.36176917725086,100.69650020390075,102.40105438232422,4587312,0.0,0.0,96.76883061726888,1.932097675018385,2009,3,23,0,100.46006774902344
2009-03-24,102.90361409473245,104.93330759195874,100.93303554840458,102.79523468017578,6681544,0.0,0.0,97.0233647664388,0.3849377335313875,2009,3,24,1,102.40105438232422
2009-03-25,99.24815436284293,104.420927344894,99.24815436284293,103.65239715576172,3831616,0.0,0.0,97.17575632731119,0.8338542912546432,2009,3,25,2,102.79523468017578
2009-03-26,101.02167676519343,113.8895475258203,101.02167676519343,110.0469207763672,15230328,0.0,0.0,97.46116282145182,6.169199937553049,2009,3,26,3,103.65239715576172
2009-03-27,105.75108006592048,115.27882050524391,105.75108006592048,113.27867889404295,7079424,0.0,0.0,97.79123560587566,2.936709264444759,2009,3,27,4,110.0469207763672
2009-03-30,105.17956456213092,112.3229073544068,102.07590527996967,103.11045837402344,5148188,0.0,0.0,97.84706802368164,-8.976288052874038,2009,3,30,0,113.27867889404295
2009-03-31,103.45534974488314,107.1797471466806,103.45534974488314,106.12548065185548,4777672,0.0,0.0,98.03525848388672,2.9240702886756065,2009,3,31,1,103.11045837402344
2009-04-01,105.62295226770549,109.1305777546877,102.5685571927998,107.29794311523438,6724568,0.0,0.0,98.2539914449056,1.1047888369289494,2009,4,1,2,106.12548065185548
2009-04-02,107.52458023369216,115.67291445639428,107.52458023369216,114.04718780517578,8503764,0.0,0.0,98.76634216308594,6.290190188168787,2009,4,2,3,107.29794311523438
2009-04-06,115.23940272630692,117.05233694987662,113.44618149984092,114.20484924316406,5414580,0.0,0.0,99.38576049804688,0.13824228463890087,2009,4,6,0,114.04718780517578
2009-04-08,115.29846992138606,120.9343280647836,110.54938356666749,119.05242919921876,10193512,0.0,0.0,100.19632364908854,4.244635834800037,2009,4,8,2,114.20484924316406
2009-04-09,120.59936585428608,122.15612718528168,117.10159012893708,118.73716735839844,6586724,0.0,0.0,100.9389035542806,-0.2648092465990515,2009,4,9,3,119.05242919921876
2009-04-13,119.121431633308,120.00819167028052,113.3476409091775,116.7074737548828,4121008,0.0,0.0,101.71531168619792,-1.7094003913611822,2009,4,13,0,118.73716735839844
2009-04-15,108.6872275843392,114.64822605626806,108.39164088325182,113.84029388427734,9767236,0.0,0.0,102.42997563680014,-2.4567234456872145,2009,4,15,2,116.7074737548828
2009-04-16,114.29347897410574,116.06699847542808,111.77114253327042,112.72686767578124,8868964,0.0,0.0,103.02968673706054,-0.9780598507835414,2009,4,16,3,113.84029388427734
2009-04-17,113.66293123328477,118.13614548620984,111.35735267735436,112.9338150024414,6664024,0.0,0.0,103.62677307128907,0.18358296555829323,2009,4,17,4,112.72686767578124
2009-04-20,108.9236953966948,114.64822189445876,108.9236953966948,110.62825012207033,5330200,0.0,0.0,104.14109420776367,-2.04151863666453,2009,4,20,0,112.9338150024414
2009-04-21,114.21467560417594,115.96849452091033,107.39648175683284,108.5295639038086,11488980,0.0,0.0,104.73817876180013,-1.8970617504534215,2009,4,21,1,110.62825012207033
2009-04-22,110.35235590976444,111.25881687947086,105.84959048407012,106.99252319335938,6584924,0.0,0.0,105.37369079589844,-1.4162414877217477,2009,4,22,2,108.5295639038086
2009-04-23,108.28325443179072,112.88454896745618,107.435908349462,111.94852447509766,7373712,0.0,0.0,106.08014297485352,4.632100574711817,2009,4,23,3,106.99252319335938
2009-04-24,110.34252064574038,115.67293188146532,110.34252064574038,115.0620574951172,5377524,0.0,0.0,106.87297185262044,2.7812184525148664,2009,4,24,4,111.94852447509766
2009-04-27,115.05216765617222,119.96876114337086,112.8155669049326,118.60906982421876,8141124,0.0,0.0,107.66251729329427,3.0826950311157786,2009,4,27,0,115.0620574951172
2009-04-28,118.0573015025939,119.78155693615052,113.57423737534666,117.93907165527344,8388692,0.0,0.0,108.55256169637045,-0.5648793721578671,2009,4,28,1,118.60906982421876
2009-04-29,118.6288097302336,123.9493709639816,118.6288097302336,122.88525390625,10531292,0.0,0.0,109.51289087931315,4.193845331794588,2009,4,29,2,117.93907165527344
2009-04-30,122.5896453857422,122.5896453857422,122.5896453857422,122.5896453857422,0,0.0,0.0,110.269921875,-0.240556544508852,2009,4,30,3,122.88525390625
2009-05-04,124.34346985674874,137.86162991450422,124.1759755403478,131.31932067871094,11142936,0.0,0.0,111.23287811279297,7.121054364338697,2009,5,4,0,122.5896453857422
2009-05-05,131.83159971456925,133.0040954209581,125.34839665155842,128.28456115722656,8822316,0.0,0.0,112.24082717895507,-2.3109771706094073,2009,5,5,1,131.31932067871094
2009-05-06,125.7721177729031,128.02843157439767,121.1905247635494,125.20064544677734,52522096,0.0,0.0,113.09605763753255,-2.4039648127802016,2009,5,6,2,128.28456115722656
2009-05-07,125.3287455676564,127.10226555210438,122.03787830213476,124.4813995361328,7738864,0.0,0.0,113.86294021606446,-0.5744746028088943,2009,5,7,3,125.20064544677734
2009-05-08,123.75228766958308,126.51109663036996,121.88023873190627,124.33361053466795,9001752,0.0,0.0,114.65872497558594,-0.11872376275938734,2009,5,8,4,124.4813995361328
2009-05-11,125.82141665102554,126.04803795245172,120.00821102658504,121.23982238769533,5298612,0.0,0.0,115.2866839090983,-2.4882959110320235,2009,5,11,0,124.33361053466795
2009-05-12,120.20520442065532,127.259868110673,120.20520442065532,126.3336944580078,9487452,0.0,0.0,116.07129923502605,4.201484273066258,2009,5,12,1,121.23982238769533
2009-05-13,126.51104942963988,127.0825215978558,121.1904912760569,122.51078033447266,7324800,0.0,0.0,116.69991200764974,-3.0260447459690587,2009,5,13,2,126.3336944580078
2009-05-14,121.781696749804,123.55521660538368,119.27906077032912,122.13639831542967,9443176,0.0,0.0,117.10289459228515,-0.305591081879375,2009,5,14,3,122.51078033447266
2009-05-15,122.96405583146128,129.04328358842994,122.96405583146128,126.9150619506836,10942472,0.0,0.0,117.55744069417318,3.9125630861592375,2009,5,15,4,122.13639831542967
2009-05-18,151.064453821895,155.99089716369238,136.95512490196714,146.58139038085938,73380,0.0,0.0,119.00647176106771,15.495661529769954,2009,5,18,0,126.9150619506836
2009-05-19,147.79338430851064,147.79338430851064,129.19111885923022,131.9794921875,13015576,0.0,0.0,119.86827214558919,-9.961631661031166,2009,5,19,1,146.58139038085938
2009-05-20,132.02871800288537,138.32471673702102,130.6493134864373,133.3391571044922,8507664,0.0,0.0,120.73631261189779,1.0302092351291536,2009,5,20,2,131.9794921875
2009-05-21,132.0287658511583,134.98463374334844,126.90526150469546,127.58511352539062,4459324,0.0,0.0,121.18757680257161,-4.315344197498083,2009,5,21,3,133.3391571044922
2009-05-22,124.14642204793384,127.10228923955133,124.14642204793384,124.94450378417967,5861456,0.0,0.0,121.54556528727214,-2.0696848309700644,2009,5,22,4,127.58511352539062
2009-05-25,125.32876102156622,126.90522342435322,122.69804419789688,124.41243743896484,5673644,0.0,0.0,121.724232228597,-0.4258421371890697,2009,5,25,0,124.94450378417967
2009-05-26,125.12184108599344,126.048015066881,122.27435373061196,123.052734375,6058900,0.0,0.0,121.86808446248372,-1.0928996263994128,2009,5,26,1,124.41243743896484
2009-05-27,124.30406556822189,128.48169359362828,124.30406556822189,127.80184173583984,9222868,0.0,0.0,122.23789672851562,3.8594082325444923,2009,5,27,2,123.052734375
2009-05-28,122.84582354853426,132.79724133205437,122.84582354853426,130.688720703125,16863676,0.0,0.0,122.79951095581055,2.258871177500077,2009,5,28,3,127.80184173583984
2009-05-29,131.78239188629996,139.91102540452033,128.60976640289678,138.84690856933594,13871224,0.0,0.0,123.6701789855957,6.242457514557231,2009,5,29,4,130.688720703125
2009-06-01,132.68884259702222,139.88145109244377,132.68884259702222,137.47735595703125,7905804,0.0,0.0,124.48829701741536,-0.9863760211994754,2009,6,1,0,138.84690856933594
2009-06-02,137.94046781525503,139.91104592690152,135.96988970360854,136.90591430664062,4118172,0.0,0.0,125.36421915690104,-0.4156623804790316,2009,6,2,1,137.47735595703125
2009-06-03,135.9698914531509,138.87649420522914,134.61018772763762,137.31973266601562,3914944,0.0,0.0,126.3238914489746,0.3022647790424493,2009,6,3,2,136.90591430664062
2009-06-04,135.37871334233498,139.71398509420015,135.25062095686644,139.35928344726562,7020704,0.0,0.0,127.40278345743815,1.485256883080699,2009,6,4,3,137.31973266601562
2009-06-05,139.71399993890984,143.59604155285862,137.22121360574548,142.1476593017578,13220132,0.0,0.0,128.4094212849935,2.0008540410925146,2009,6,5,4,139.35928344726562
2009-06-08,142.8078188474137,147.7441153267992,141.881644595259,146.2366180419922,9267824,0.0,0.0,129.44857330322264,2.8765572084125113,2009,6,8,0,142.1476593017578
2009-06-09,144.06891543917536,156.66091040743217,144.06891543917536,154.12872314453125,9690708,0.0,0.0,130.63256174723307,5.396804991943149,2009,6,9,1,146.2366180419922
2009-06-10,154.6903712940835,158.63152725062065,151.19259538265678,154.05978393554688,9383796,0.0,0.0,131.83658548990886,-0.044728333290433575,2009,6,10,2,154.12872314453125
2009-06-11,155.281567996442,156.15847773389265,151.73452710312225,152.73951721191406,3883200,0.0,0.0,132.83172760009765,-0.8569833670448168,2009,6,11,3,154.05978393554688
2009-06-12,154.6903407782308,156.62150441048155,150.0003685206358,150.66050720214844,6358660,0.0,0.0,133.76742299397787,-1.3611474278009905,2009,6,12,4,152.73951721191406
2009-06-15,150.6900326990891,154.69030179217418,148.77857051349235,153.31089782714844,6595868,0.0,0.0,134.50047556559244,1.7591807396770909,2009,6,15,0,150.66050720214844
2009-06-16,152.04162982417523,156.08761607403957,147.2419948972043,154.36212158203125,4344006,1.25,2.0,135.3697275797526,0.6856810375398315,2009,6,16,1,153.31089782714844
2009-06-17,155.49261003248762,156.68260449702197,148.74930806679302,150.23680114746094,3741568,0.0,0.0,136.20426610310872,-2.6724952937227098,2009,6,17,2,154.36212158203125
2009-06-18,149.93929255809712,155.88926448500573,147.5791321849905,149.30462646484375,4753108,0.0,0.0,137.0317070007324,-0.6204702679353802,2009,6,18,3,150.23680114746094
2009-06-19,149.5426180242061,155.49258956363076,148.74928848561615,150.6532745361328,7727732,0.0,0.0,137.90902913411458,0.9032861895988287,2009,6,19,4,149.30462646484375
2009-06-22,152.47795771183874,153.82661570819724,145.972656943036,146.6271514892578,4106208,0.0,0.0,138.7552734375,-2.6724431043876007,2009,6,22,0,150.6532745361328
2009-06-23,142.79939043082263,149.84019370900904,142.00606048398473,145.4372100830078,5135694,0.0,0.0,139.39205729166667,-0.8115423331654714,2009,6,23,1,146.6271514892578
2009-06-24,147.93617272483382,154.1043068037052,142.87869547451916,151.42681884765625,7303954,0.0,0.0,140.3559252421061,4.11834685307142,2009,6,24,2,145.4372100830078
2009-06-25,151.52593585100811,155.49258338637483,146.88495339253004,150.93093872070312,9694662,0.0,0.0,141.31574325561525,-0.32747179840845186,2009,6,25,3,151.42681884765625
2009-06-26,151.7242943539485,160.41125153120305,149.3641338218983,157.6345977783203,6099700,0.0,0.0,142.33972778320313,4.441540690356582,2009,6,26,4,150.93093872070312
2009-06-29,158.60647523512048,159.45930241654642,152.06150386727717,153.19200134277344,4745206,0.0,0.0,142.5600814819336,-2.818287671716868,2009,6,29,0,157.6345977783203
2009-06-30,153.7076058320394,157.87258611910113,151.9821115777784,154.6397705078125,5923948,0.0,0.0,143.31542409261067,0.9450683797776138,2009,6,30,1,153.19200134277344
2009-07-01,153.5489692152546,156.68261917775965,151.70448004345266,155.8694610595703,3684738,0.0,0.0,144.06643422444662,0.7951968291983968,2009,7,1,2,154.6397705078125
2009-07-02,154.69927978515625,156.8015984888547,151.20863421159103,154.69927978515625,3715428,0.0,0.0,144.9702397664388,-0.7507444155252729,2009,7,2,3,155.8694610595703
2009-07-03,152.71593537408327,155.65125223035372,152.71593537408327,155.0760955810547,2919844,0.0,0.0,145.97462615966796,0.24357954117288916,2009,7,3,4,154.69927978515625
2009-07-06,157.4759313151705,158.05110013814434,150.07813494773694,151.0102996826172,4488916,0.0,0.0,146.86122156778973,-2.621806980117325,2009,7,6,0,155.0760955810547
2009-07-07,152.3193000570043,155.98844986306494,150.73264068141052,154.36212158203125,3804568,0.0,0.0,147.90486780802408,2.219598203869988,2009,7,7,1,151.0102996826172
2009-07-08,154.18359259400913,154.26291828056577,146.07179364456113,151.1887664794922,6694766,0.0,0.0,148.68443196614584,-2.0557861410661404,2009,7,8,2,154.36212158203125
2009-07-09,151.5655315324911,155.13551258981374,147.16255247407813,153.96534729003906,3964808,0.0,0.0,149.46031951904297,1.8364994140775082,2009,7,9,3,151.1887664794922
2009-07-10,155.09595451903826,159.2411069947035,154.699289673721,156.7421112060547,7468748,0.0,0.0,150.05682627360025,1.8034992710306286,2009,7,10,4,153.96534729003906
2009-07-13,154.6993143333579,159.06262832737568,154.00515074340052,157.67430114746094,5119832,0.0,0.0,150.7300577799479,0.5947284582512591,2009,7,13,0,156.7421112060547
2009-07-14,160.64927392238343,163.0689320741165,158.824613081474,161.4227752685547,4464136,0.0,0.0,151.5472864786784,2.37735261473464,2009,7,14,1,157.67430114746094
2009-07-15,162.98959489980706,169.49489643607504,162.63259893295572,167.84873962402344,4470094,0.0,0.0,152.5649200439453,3.9808288172335393,2009,7,15,2,161.4227752685547
2009-07-16,169.7725540393047,172.46987014923087,163.90191916228875,166.5198974609375,7596876,0.0,0.0,153.47027384440105,-0.7916902838010609,2009,7,16,3,167.84873962402344
2009-07-17,167.1545368700328,176.81332674181306,166.99587337813415,172.1921844482422,9094956,0.0,0.0,154.4717580159505,3.40637189536781,2009,7,17,4,166.5198974609375
2009-07-20,176.51578780957615,204.24265944408597,176.51578780957615,198.55050659179688,34539536,0.0,0.0,156.215554300944,15.307502037920617,2009,7,20,0,172.1921844482422
2009-07-21,199.52236450907947,203.54852131011052,188.03891542734272,189.44708251953125,13005820,0.0,0.0,157.39283294677733,-4.5849412467032895,2009,7,21,1,198.55050659179688
2009-07-22,191.86680707955023,192.38246658086229,179.41152017753657,184.9648284912109,10674690,0.0,0.0,158.42300109863282,-2.365966246990492,2009,7,22,2,189.44708251953125
2009-07-23,186.8291104464305,191.54941888379383,186.4324456684126,188.6735992431641,7662678,0.0,0.0,159.6208038330078,2.005122153333816,2009,7,23,3,184.9648284912109
2009-07-24,194.36574639680956,194.36574639680956,188.81243935690068,192.20391845703125,7909322,0.0,0.0,161.00558420817057,1.8711251749203406,2009,7,24,4,188.6735992431641
2009-07-27,191.9848232388536,194.7530739962701,190.03311273659628,191.3076934814453,4652338,1.0,0.0,162.2721440633138,-0.466288607839338,2009,7,27,0,192.20391845703125
2009-07-28,192.9208757643077,193.1598634828904,187.7229384679616,191.44712829589844,6334984,0.0,0.0,163.50831095377603,0.07288510562000194,2009,7,28,1,191.3076934814453
2009-07-29,191.1882573143578,201.02649125082797,189.19671296733324,199.07476806640625,11072150,0.0,0.0,165.13624318440756,3.984201715848479,2009,7,29,2,191.44712829589844
2009-07-30,201.2455770261188,217.07835621817864,195.27094336873776,212.3384704589844,15672482,0.0,0.0,167.23737131754558,6.662673789052831,2009,7,30,3,199.07476806640625
2009-07-31,214.68844942043003,215.0867582319707,207.67822406165016,209.4905242919922,5634966,0.0,0.0,169.19861297607423,-1.3412294817967685,2009,7,31,4,212.3384704589844
2009-08-03,211.10370591813103,213.0354942573836,207.55874716988487,211.76092529296875,3520548,0.0,0.0,171.36973876953124,1.0837726473069687,2009,8,3,0,209.4905242919922
2009-08-04,207.3197469386867,215.5647446185896,207.3197469386867,211.16343688964844,5481292,0.0,0.0,173.56061299641928,-0.2821523387724567,2009,8,4,1,211.76092529296875
2009-08-05,210.90456827376423,213.87197452146623,202.16168281932084,210.70541381835935,6424010,0.0,0.0,175.53656616210938,-0.21690453519586095,2009,8,5,2,211.16343688964844
2009-08-06,210.70537960468,212.85625709813857,204.8104135440711,206.0850067138672,4178748,0.0,0.0,177.37503509521486,-2.1928279016481422,2009,8,6,3,210.70541381835935
2009-08-07,205.7663416879385,207.89730861678973,201.58411092847632,202.77903747558597,4552666,0.0,0.0,178.87984975179037,-1.6041774658897445,2009,8,7,4,206.0850067138672
2009-08-10,205.1887928100509,219.76688550430572,204.730727955076,214.70835876464844,10623976,0.0,0.0,180.9303949991862,5.882916418566553,2009,8,10,0,202.77903747558597
2009-08-11,214.0909377608129,222.25626654983,212.73667838366632,215.843505859375,8843480,0.0,0.0,182.97051951090495,0.5286925489337069,2009,8,11,1,214.70835876464844
2009-08-12,213.09523222252056,213.49354106779631,203.5358199359028,206.981201171875,11326536,0.0,0.0,184.67424418131512,-4.105893597407517,2009,8,12,2,215.843505859375
2009-08-13,212.8562613001856,212.8562613001856,206.9612708123596,209.80918884277344,10033928,0.0,0.0,186.51124114990233,1.3663017002931044,2009,8,13,3,206.981201171875
2009-08-14,211.10370405568372,211.10370405568372,206.3239975487626,207.71807861328125,5151814,0.0,0.0,188.26597391764324,-0.9966723769468611,2009,8,14,4,209.80918884277344
2009-08-17,205.8460171536784,206.12483822213792,201.2455546120487,203.197265625,5962820,0.0,0.0,190.005539449056,-2.176417680378151,2009,8,17,0,207.71807861328125
2009-08-18,201.14599741741583,205.0693304149814,198.955298435642,202.6794891357422,8149844,0.0,0.0,191.61611836751302,-0.254814693330252,2009,8,18,1,203.197265625
2009-08-19,204.2528501016037,205.0096469250693,196.7646457724345,198.37779235839844,5603370,0.0,0.0,193.1890858968099,-2.122413469506401,2009,8,19,2,202.6794891357422
2009-08-20,201.10616721814225,202.50024841000655,198.3976714789752,199.55276489257807,3660960,0.0,0.0,194.7086664835612,0.5922903568040816,2009,8,20,3,198.37779235839844
2009-08-21,199.9510967271493,204.1333407821992,197.16293402378267,202.83883666992188,6929022,0.0,0.0,196.24522399902344,1.6467182397160718,2009,8,21,4,199.55276489257807
2009-08-24,205.50745623620568,209.4506992688548,204.55150527086124,207.73797607421875,4207204,0.0,0.0,197.9140131632487,2.4152866801682604,2009,8,24,0,202.83883666992188
2009-08-25,206.3240280616156,211.50204420988007,204.77061349279705,210.42660522460935,5529298,0.0,0.0,199.54747416178387,1.2942405626547693,2009,8,25,1,207.73797607421875
2009-08-26,209.7892690758487,221.06140428819543,209.7295130260285,218.47239685058597,8852624,0.0,0.0,201.23492940266928,3.8235619575711643,2009,8,26,2,210.42660522460935
2009-08-27,219.06979385438652,225.4427333119687,215.48501540949655,218.1735992431641,10230928,0.0,0.0,202.95671946207682,-0.13676675485289058,2009,8,27,3,218.47239685058597
2009-08-28,217.37709053597288,219.06990342608356,211.5418552021939,215.40545654296875,4563136,0.0,0.0,204.39716186523438,-1.2687798660323324,2009,8,28,4,218.1735992431641
2009-08-31,211.5020206568775,212.61728068706108,207.63841956048677,209.9286956787109,7170352,0.0,0.0,204.77643483479818,-2.542535807659707,2009,8,31,0,215.40545654296875
2009-09-01,213.09524970663972,213.63295696754292,206.76212882279611,209.86895751953125,9862194,0.0,0.0,205.45716400146483,-0.028456404678989244,2009,9,1,1,209.9286956787109
2009-09-02,207.5188775433314,216.2418496826362,207.5188775433314,212.9358673095703,8161418,0.0,0.0,206.38953196207683,1.4613451299740898,2009,9,2,2,209.86895751953125
2009-09-03,215.0469559251061,216.8393457341512,211.2829324639428,212.5575256347656,7796744,0.0,0.0,207.18566284179687,-0.177678697151884,2009,9,3,3,212.9358673095703
2009-09-04,215.0868118627828,216.6800475062108,209.98846266598244,211.8605194091797,6263446,0.0,0.0,207.84088287353515,-0.327914160415832,2009,9,4,4,212.5575256347656
2009-09-07,213.4139727477482,220.4839580082485,212.53768802230417,219.4483642578125,5925720,0.0,0.0,208.7789052327474,3.5815284838313532,2009,9,7,0,211.8605194091797
2009-09-08,219.82663263052683,227.235166457659,218.93043784607505,220.92198181152344,9892042,0.0,0.0,209.7614003499349,0.6715099284037906,2009,9,8,1,219.4483642578125
2009-09-09,221.45960783946444,224.9647190725992,216.34135144736297,223.23208618164065,7532186,0.0,0.0,210.56664428710937,1.0456652394545518,2009,9,9,2,220.92198181152344
2009-09-10,224.6461930478812,226.63773731249003,219.88639739329733,221.6787872314453,4898914,0.0,0.0,210.87798817952475,-0.6958224405659297,2009,9,10,3,223.23208618164065
2009-09-11,223.4513085988175,226.6377800226865,221.26060949490756,223.19239807128903,9130296,0.0,0.0,211.3347173055013,0.6827946231334314,2009,9,11,4,221.6787872314453
2009-09-14,212.55754682140065,224.60639062761476,212.55754682140065,222.69448852539065,3200972,0.0,0.0,211.6991694132487,-0.2230853515626241,2009,9,14,0,223.19239807128903
2009-09-15,224.64616686641745,229.30638476464412,223.849549253416,227.79281616210935,4308186,0.0,0.0,212.25348205566405,2.289382045545052,2009,9,15,1,222.69448852539065
2009-09-16,230.62083968648147,230.999237981642,225.12418204835083,227.23521423339844,5816522,0.0,0.0,212.80447540283203,-0.24478468553376098,2009,9,16,2,227.79281616210935
2009-09-17,229.027607610386,234.20562308679476,228.23098984478463,232.1941680908203,5283220,0.0,0.0,213.6747807820638,2.182299901954643,2009,9,17,3,227.23521423339844
2009-09-18,233.0106898529889,235.00223421070675,230.62083662372743,232.6123809814453,3925348,0.0,0.0,214.66922556559246,0.18011343440005323,2009,9,18,4,232.1941680908203
2009-09-22,234.9823651305076,241.37521878568143,231.9153814157806,240.0408935546875,3763280,0.0,0.0,215.51364339192708,3.193515556609494,2009,9,22,1,232.6123809814453
2009-09-23,242.17182103323665,243.6256583016072,233.9069110226451,235.3607482910156,4522410,0.0,0.0,216.16421813964843,-1.9497283126908682,2009,9,23,2,240.0408935546875
2009-09-24,234.2057071696127,242.68968455695347,231.8158530148208,240.0010986328125,6803348,0.0,0.0,217.26488138834637,1.9715905797764055,2009,9,24,3,235.3607482910156
2009-09-25,221.061398101946,238.1886775945292,221.061398101946,233.96661376953125,3068206,0.0,0.0,218.07012888590495,-2.514357183220084,2009,9,25,4,240.0010986328125
2009-09-29,236.9738398671689,244.74086194061624,235.4005151490972,243.12771606445312,7146124,0.0,0.0,219.25045013427734,3.915559637900312,2009,9,29,1,233.96661376953125
2009-09-30,244.9400439430973,248.0667588415506,243.84469455294763,247.3498077392578,4373424,0.0,0.0,220.72220153808593,1.7365735766980306,2009,9,30,2,243.12771606445312
2009-10-01,246.15483685099085,258.8608972153698,244.97982103621703,250.87478637695312,5686944,0.0,0.0,222.3287114461263,1.4250985961594687,2009,10,1,3,247.3498077392578
2009-10-05,246.4336817641853,254.51934627507484,243.3666988639605,245.0794219970703,6259596,0.0,0.0,223.88543243408202,-2.3100625071086123,2009,10,5,0,250.87478637695312
2009-10-06,248.92314750337349,250.29731804617649,240.97688022710403,244.64132690429688,7448054,0.0,0.0,225.3883845011393,-0.1787563758734012,2009,10,6,1,245.0794219970703
2009-10-07,246.51332548672403,246.51332548672403,234.46448431397843,235.6793212890625,10075972,0.0,0.0,226.48306732177736,-3.663324479408292,2009,10,7,2,244.64132690429688
2009-10-08,236.9937523085794,238.48741041136452,226.4385683822309,227.5936737060547,10162172,0.0,0.0,227.1449239095052,-3.4307836337880038,2009,10,8,3,235.6793212890625
2009-10-09,229.04748730593732,235.1615424189712,221.71861943718943,223.7499847412109,10032478,0.0,0.0,227.5890365600586,-1.688838227466749,2009,10,9,4,227.5936737060547
2009-10-12,225.84110709262544,232.71193442480848,224.4669367640205,230.95936584472656,5174220,0.0,0.0,228.0052688598633,3.2220699866656988,2009,10,12,0,223.7499847412109
2009-10-13,231.41741943359372,231.41741943359372,231.41741943359372,231.41741943359372,0,0.0,0.0,228.4467295328776,0.1983264836183718,2009,10,13,1,230.95936584472656
2009-10-14,232.99074507155592,238.18867022004255,231.2979326159787,236.17721557617188,3979580,0.0,0.0,229.13912150065104,2.056801149294629,2009,10,14,2,231.41741943359372
2009-10-15,236.59553470857915,238.14894945878396,229.02766406975252,231.7361602783203,4232380,0.0,0.0,229.86603698730468,-1.8803910813400382,2009,10,15,3,236.17721557617188
2009-10-16,225.4427962446903,240.73786493686453,225.4427962446903,238.30816650390625,7189942,0.0,0.0,230.8140106201172,2.8359865019308206,2009,10,16,4,231.7361602783203
2009-10-20,244.56157234152604,249.26161072631308,243.784865417362,247.36964416503903,7840584,0.0,0.0,231.96180318196613,3.802420115965366,2009,10,20,1,238.30816650390625
2009-10-21,246.95147184140893,254.67867278142828,246.1548541903076,252.04981994628903,5731638,0.0,0.0,233.27821299235026,1.8919765992497783,2009,10,21,2,247.36964416503903
2009-10-22,251.7312102700956,256.4910062125297,245.0993577435472,249.28160095214844,4292924,0.0,0.0,234.52558237711588,-1.0982824723820506,2009,10,22,3,252.04981994628903
2009-10-23,250.97438170086292,257.26768060441333,250.7752272877339,254.8379821777344,7494460,0.0,0.0,235.70523630777996,2.2289576143457834,2009,10,23,4,249.28160095214844
2009-10-26,256.1126370189806,261.9478724545607,252.92616564082843,256.7300109863281,4071746,0.0,0.0,236.89883728027343,0.7424438038730496,2009,10,26,0,254.8379821777344
2009-10-27,262.0474514610477,262.0474514610477,252.74692347652712,256.0130615234375,3940880,0.0,0.0,237.99153645833334,-0.2792620387995104,2009,10,27,1,256.7300109863281
2009-10-28,256.67221085805795,259.26929882065434,253.7155163459532,256.8519897460937,3582314,1.0,0.0,239.16397654215496,0.32768961773437244,2009,10,28,2,256.0130615234375
2009-10-29,254.1151299903016,257.9108748565089,252.19728482998377,253.33599853515625,4882712,0.0,0.0,240.16876322428385,-1.3688783234317548,2009,10,29,3,256.8519897460937
2009-10-30,256.5124271582845,259.20940361205146,247.7222816793401,251.0385589599609,2876124,0.0,0.0,241.11356557210286,-0.9068745020366809,2009,10,30,4,253.33599853515625
2009-11-03,254.1150544693839,254.1150544693839,240.13073543411903,242.14846801757807,2768288,0.0,0.0,241.5920873006185,-3.541324878223495,2009,11,3,1,251.0385589599609
2009-11-04,244.16634013135808,250.91878207893916,243.7268424652116,249.99981689453125,4555798,0.0,0.0,242.3509073893229,3.242369832537295,2009,11,4,2,242.14846801757807
2009-11-05,251.71780002126704,251.71780002126704,241.968719916548,249.520263671875,2731302,0.0,0.0,242.9284439086914,-0.19182142955671555,2009,11,5,3,249.99981689453125
2009-11-06,247.722252231023,253.69555980329247,245.18510666044165,248.581298828125,4179484,0.0,0.0,243.4607411702474,-0.37630805207258256,2009,11,6,4,249.520263671875
2009-11-09,249.72006768311232,250.91872400799127,245.72454660018252,248.82107543945312,3432086,0.0,0.0,243.75341389973957,0.09645802498357003,2009,11,9,0,248.581298828125
2009-11-10,250.119599633156,251.3182558614299,247.72228717660815,250.3793182373047,4610406,0.0,0.0,244.25403289794923,0.6262503267054464,2009,11,10,1,248.82107543945312
2009-11-11,250.53924017003203,258.51031264756267,247.1230732187288,257.81109619140625,4049412,0.0,0.0,244.8476994832357,2.968207600540662,2009,11,11,2,250.3793182373047
2009-11-12,257.71102136542544,264.303628888727,257.1316661299737,261.84637451171875,4727766,0.0,0.0,245.7770248413086,1.5652073863091642,2009,11,12,3,257.81109619140625
2009-11-13,261.686630382434,269.65769897277426,258.7299353407189,267.75982666015625,4597896,0.0,0.0,246.5980951944987,2.2583670136600897,2009,11,13,4,261.84637451171875
2009-11-16,267.6999583228208,270.4968235590294,263.70443655680856,266.0018615722656,3523808,0.0,0.0,247.21983032226564,-0.6565454981870222,2009,11,16,0,267.75982666015625
2009-11-17,266.90086739844025,276.84972685106845,263.42475840976715,275.8708190917969,5344330,0.0,0.0,248.05303141276042,3.7101084410456675,2009,11,17,1,266.0018615722656
2009-11-18,276.0906695029487,281.9640938328196,273.0940269251309,274.4525146484375,5582914,0.0,0.0,249.03213450113932,-0.5141190532687023,2009,11,18,2,275.8708190917969
2009-11-19,275.6510081269663,276.6498883935712,267.5001353967806,271.6554870605469,3464664,0.0,0.0,249.93260650634767,-1.0191298817114114,2009,11,19,3,274.4525146484375
2009-11-20,270.89638993111475,278.08832948680805,267.7399178158681,276.9496154785156,2800774,0.0,0.0,251.30828297932942,1.9488391253399628,2009,11,20,4,271.6554870605469
2009-11-23,277.6886470912144,279.6864071422303,274.09267899938567,277.3290405273437,2543474,0.0,0.0,252.96612854003902,0.13700147161153087,2009,11,23,0,276.9496154785156
2009-11-24,281.28470323013545,281.28470323013545,272.4945562541937,279.3069152832031,2721872,0.0,0.0,254.8180262247721,0.713187033027074,2009,11,24,1,277.3290405273437
2009-11-25,279.3068555941844,284.34122605475795,276.4900185198453,280.80517578125,3893254,0.0,0.0,256.4795532226562,0.5364208388924929,2009,11,25,2,279.3069152832031
2009-11-26,281.6643191404248,282.62322975731416,273.6932481313696,274.8519592285156,4409118,0.0,0.0,257.9273712158203,-2.120052287558971,2009,11,26,3,280.80517578125
2009-11-27,270.3169576657597,274.25256032683785,261.70661512930815,267.87969970703125,3769058,0.0,0.0,258.98412068684894,-2.536732698233213,2009,11,27,4,274.8519592285156
2009-11-30,269.2982259729938,276.8697462541809,269.2982259729938,275.0517883300781,3882888,0.0,0.0,260.42797495524087,2.6773542866035394,2009,11,30,0,267.87969970703125
2009-12-01,281.04499467190954,281.04499467190954,271.7953525589106,273.9928894042969,3229964,0.0,0.0,261.6174657185872,-0.38498165462226286,2009,12,1,1,275.0517883300781
2009-12-02,277.6687530527794,277.6687530527794,270.51676028874965,273.4135131835937,2161954,0.0,0.0,262.48559468587234,-0.21145666296772392,2009,12,2,2,273.9928894042969
2009-12-03,274.79200291063535,278.04836282704514,271.3958094904385,275.7109680175781,2978706,0.0,0.0,263.274299621582,0.84028576613977,2009,12,3,3,273.4135131835937
2009-12-04,272.09497121066903,280.08601294960204,272.09497121066903,277.76861572265625,3933408,0.0,0.0,264.22386678059894,0.7463060754793638,2009,12,4,4,275.7109680175781
2009-12-07,278.88742504780095,282.0438970630626,277.68876849315427,279.4468078613281,2207652,0.0,0.0,265.0441609700521,0.6041690974719405,2009,12,7,0,277.76861572265625
2009-12-08,279.62641121597323,280.0259631499172,275.7907224047974,279.0071105957031,4226172,0.0,0.0,265.78673095703124,-0.15734560326171598,2009,12,8,1,279.4468078613281
2009-12-09,278.88738646809065,284.0416186947561,276.9695411233059,282.3634948730469,4708848,0.0,0.0,266.6650787353515,1.2029744583131219,2009,12,9,2,279.0071105957031
2009-12-10,281.68419010895764,283.68195032249633,280.4655612560433,281.94390869140625,1659484,0.0,0.0,267.5014760335286,-0.14859788508754246,2009,12,10,3,282.3634948730469
2009-12-11,282.5433285874568,285.4400818385881,279.6865207988907,282.123779296875,2688312,0.0,0.0,268.4610687255859,0.06379659213195943,2009,12,11,4,281.94390869140625
2009-12-14,280.08599789757204,284.4610978918616,280.0260553330618,281.7241516113281,3008842,0.0,0.0,269.4839218139648,-0.14164977037485205,2009,12,14,0,282.123779296875
2009-12-15,282.8829081973622,284.4811167182513,278.56775006830713,280.0660705566406,2087152,0.0,0.0,270.74784189860026,-0.5885477142105411,2009,12,15,1,281.7241516113281
2009-12-16,280.3656459197727,286.77845070286924,277.68864261719835,284.9405212402344,3565378,0.0,0.0,271.912532043457,1.7404645532054674,2009,12,16,2,280.0660705566406
2009-12-17,286.87837287324885,290.8738933868039,285.67971671918235,288.7762451171875,3782302,0.0,0.0,273.22106475830077,1.3461489647936808,2009,12,17,3,284.9405212402344
2009-12-18,288.77632158941424,292.2724029645887,287.4977498091476,290.6741943359375,2795290,0.0,0.0,274.6241612752279,0.6572386928778817,2009,12,18,4,288.7762451171875
2009-12-21,291.71302384769655,299.26456946745463,290.27464581856583,293.291259765625,9326994,0.0,0.0,276.1065007527669,0.9003432298716252,2009,12,21,0,290.6741943359375
2009-12-22,295.6686078833601,296.6674883153985,287.35792756614666,289.2957458496094,3189142,0.0,0.0,277.4037150065104,-1.3623024154243546,2009,12,22,1,293.291259765625
2010-01-04,301.581969463935,303.2201479735548,299.2845445136669,300.3233947753906,1963682,0.0,0.0,278.82079162597654,3.8118946040478496,2010,1,4,0,289.2957458496094
2010-01-05,301.6618275964804,303.47978472650505,298.28560756259213,300.4032287597656,2014488,0.0,0.0,280.10602010091145,0.026582672467023727,2010,1,5,1,300.3233947753906
2010-01-06,300.4032565108448,300.5431143871354,292.8717086821007,293.6108703613281,3349176,0.0,0.0,280.9677215576172,-2.261080357385037,2010,1,6,2,300.4032287597656
2010-01-07,293.8705726018456,295.4288355627181,284.08154605018655,285.4400329589844,6474892,0.0,0.0,281.61566060384115,-2.7828797320373133,2010,1,7,3,293.6108703613281
2010-01-08,286.0793477977411,287.0782282020628,278.28808064403165,279.6065979003906,6048178,0.0,0.0,281.7401865641276,-2.043663952152075,2010,1,8,4,285.4400329589844
2010-01-11,281.28452081976485,287.7172962713278,279.84614382025734,285.3599548339844,4318408,0.0,0.0,282.10376790364586,2.0576613630710394,2010,1,11,0,279.6065979003906
2010-01-12,292.472111111735,301.26225652766146,290.4743507899335,299.6840209960937,9027690,0.0,0.0,283.0380523681641,5.019648314159109,2010,1,12,1,285.3599548339844
2010-01-13,297.6662562696393,318.2032399468232,297.52642281668386,315.0667419433594,10910272,0.0,0.0,284.3086232503255,5.132980028810485,2010,1,13,2,299.6840209960937
2010-01-14,319.02231951039505,319.02231951039505,307.39534094095694,311.59063720703125,10327614,0.0,0.0,285.4506764729818,-1.1032915486056116,2010,1,14,3,315.0667419433594
2010-01-15,318.0434964551948,319.48187437291455,308.55413333859826,316.20556640625,7945008,0.0,0.0,286.6806315104167,1.4810872497919236,2010,1,15,4,311.59063720703125
2010-01-18,319.6416105763835,331.2286189597774,316.8447464838402,320.5206298828125,7261084,0.0,0.0,288.0044799804688,1.364638682868291,2010,1,18,0,316.20556640625
2010-01-19,320.5207612082285,320.5207612082285,311.11131231894234,311.9303894042969,5154850,0.0,0.0,289.2404276529948,-2.6800897282824976,2010,1,19,1,320.5206298828125
2010-01-20,316.5253053114217,316.5253053114217,308.0148470490996,311.4110412597656,4347054,0.0,0.0,290.69147237141925,-0.1664948854528281,2010,1,20,2,311.9303894042969
2010-01-21,308.55400728081713,316.4251859275773,306.8159659747443,307.91473388671875,5089504,0.0,0.0,291.786903889974,-1.1227307030935996,2010,1,21,3,311.4110412597656
2010-01-22,304.0592278619598,305.6574366812079,297.54653180086984,302.8006286621094,7574990,0.0,0.0,292.7471618652344,-1.6608835699596147,2010,1,22,4,307.91473388671875
2010-01-25,302.66064808809915,305.85706417351804,296.1279824682121,302.1412353515625,3008286,0.0,0.0,293.7047526041667,-0.21776484198871016,2010,1,25,0,302.8006286621094
2010-01-27,300.4587921542274,304.34473075636856,296.51277646449483,297.7746887207031,4844398,1.0,0.0,294.4402099609375,-1.4452004956485354,2010,1,27,2,302.1412353515625
2010-01-28,300.2584267601165,303.6436000374841,291.52509782334994,297.1536865234375,6537196,0.0,0.0,295.0863789876302,-0.20854767741796953,2010,1,28,3,297.7746887207031
2010-01-29,294.04906904807126,296.3726126598051,285.2957107650086,294.930419921875,5473326,0.0,0.0,295.6024993896484,-0.7481874539648881,2010,1,29,4,297.1536865234375
2010-02-01,294.18917500728713,305.5865820998054,288.4404072271381,298.9164123535156,3378012,0.0,0.0,296.2661427815755,1.351502646860392,2010,2,1,0,294.930419921875
2010-02-02,302.4617577644999,305.52644628267035,294.4495257707383,295.8116149902344,4739188,0.0,0.0,296.71441345214845,-1.038684138764967,2010,2,2,1,298.9164123535156
2010-02-03,298.0549639832193,303.2228622521925,294.6497661420132,301.64044189453125,2977676,0.0,0.0,297.3709645589193,1.970452344979523,2010,2,3,2,295.8116149902344
2010-02-04,301.64050850136664,302.0210944108767,293.44799640762625,295.9317932128906,2716612,0.0,0.0,297.83123168945315,-1.8925342522991828,2010,2,4,3,301.64044189453125
2010-02-05,294.4495012748629,294.4495012748629,287.0782386732765,289.84246826171875,4607118,0.0,0.0,298.1018422444661,-2.0576785228315297,2010,2,5,4,295.9317932128906
2010-02-08,292.04583106676284,294.3493475669465,283.6930897118701,290.1028747558594,4170344,0.0,0.0,298.4364023844401,0.08984414730608403,2010,2,8,0,289.84246826171875
2010-02-09,290.44345590898166,297.2338284925811,288.8610349485777,294.5096740722656,3005894,0.0,0.0,298.7553741455078,1.5190471035886333,2010,2,9,1,290.1028747558594
2010-02-10,296.412521604399,297.9348407375437,291.6852853389732,293.36785888671875,2337374,0.0,0.0,298.90842793782554,-0.3877004003836948,2010,2,10,2,294.5096740722656
2010-02-11,295.63136594177973,299.63748235957905,294.4495567082501,297.5342712402344,2413156,0.0,0.0,299.13709716796876,1.4202006891029129,2010,2,11,3,293.36785888671875
2010-02-15,300.45875752826885,300.45875752826885,295.87174893972474,298.9164123535156,1956482,0.0,0.0,299.32460225423176,0.46453173529219516,2010,2,15,0,297.5342712402344
2010-02-16,299.35698755507576,306.4478170418405,297.3339040717796,303.7236633300781,1660490,0.0,0.0,299.80553283691404,1.6082258376890923,2010,2,16,1,298.9164123535156
2010-02-17,306.4279261289706,307.6497870314252,301.4803565268941,303.9241027832031,2528290,0.0,0.0,299.92555643717446,0.06599401934224147,2010,2,17,2,303.7236633300781
2010-02-18,304.4648697545298,307.24912575637995,302.6621172362464,303.984130859375,1814806,0.0,0.0,300.0449198404948,0.019751008762436406,2010,2,18,3,303.9241027832031
2010-02-19,302.42169115499746,304.2644946402016,298.776111110594,300.67901611328125,2215880,0.0,0.0,300.2805246988932,-1.0872655545373533,2010,2,19,4,303.984130859375
2010-02-22,303.2630062714076,305.94710910358657,301.9810441551468,303.3631591796875,2143460,0.0,0.0,300.8779622395833,0.8926938437882281,2010,2,22,0,300.67901611328125
2010-02-23,304.064357093397,306.4680279004594,300.9596156342747,305.3062438964844,1853052,0.0,0.0,301.7346171061198,0.6405143993262419,2010,2,23,1,303.3631591796875
2010-02-24,302.8623843992429,308.7513800972845,301.29998930234046,306.60809326171875,4076058,0.0,0.0,302.44288838704426,0.4264077107036801,2010,2,24,2,305.3062438964844
2010-02-25,308.3908248294017,308.3908248294017,304.965600317104,306.9686584472656,2672984,0.0,0.0,302.6857096354167,0.11759806524060945,2010,2,25,3,306.60809326171875
2010-02-26,307.309118953391,311.8961262214601,298.9163263036092,305.1858825683594,3015934,0.0,0.0,302.35634765625,-0.5807680458076891,2010,2,26,4,306.9686584472656
2010-03-02,305.2660872858701,308.0703689276038,302.4618056441364,305.746826171875,4053352,0.0,0.0,302.16155395507815,0.18380391609038593,2010,3,2,1,305.1858825683594
2010-03-03,308.0702761766387,310.0733338891006,306.1273199761059,307.9701232910156,2754742,0.0,0.0,301.8870391845703,0.7271693207669738,2010,3,3,2,305.746826171875
2010-03-04,307.669780879082,308.471004266788,303.2630522466993,306.0272827148437,2053606,0.0,0.0,301.4039276123047,-0.6308535891113243,2010,3,4,3,307.9701232910156
2010-03-05,306.4678557370888,307.2490532008143,304.52489937342926,305.5063781738281,1287312,0.0,0.0,301.1897939046224,-0.1702150659230406,2010,3,5,4,306.0272827148437
2010-03-08,307.5094604795896,308.47093811921934,304.58500063185465,305.5464782714844,3015740,0.0,0.0,300.9943084716797,0.013125780841605206,2010,3,8,0,305.5063781738281
2010-03-09,305.6667341967819,311.8762156909498,305.6667341967819,307.9502258300781,3457732,0.0,0.0,300.99549153645836,0.7867043901772508,2010,3,9,1,305.5464782714844
2010-03-10,305.9471103817684,314.2598018037252,304.46484244275524,312.4971008300781,4587874,0.0,0.0,301.31870727539064,1.476496725321086,2010,3,10,2,307.9502258300781
2010-03-11,312.4970862323752,318.44618340198826,309.25214192269,317.1241455078125,3214030,0.0,0.0,301.81813761393227,1.4806680335413214,2010,3,11,3,312.4971008300781
2010-03-12,320.4893166842674,320.4893166842674,317.2844235174247,319.2674560546875,2510976,0.0,0.0,302.53456319173176,0.6758585169990505,2010,3,12,4,317.1241455078125
2010-03-15,319.2675068220648,328.5016018370836,316.94396379691136,327.70037841796875,6054434,0.0,0.0,303.5527862548828,2.641334781656157,2010,3,15,0,319.2674560546875
2010-03-16,329.102498550323,333.28889554023823,326.81900706024226,332.1070861816406,3088856,0.0,0.0,304.79200846354166,1.3447368553390238,2010,3,16,1,327.70037841796875
2010-03-17,334.1101472924153,338.8774361530457,332.5077005428114,336.79425048828125,4174794,0.0,0.0,306.0546030680338,1.4113412515615709,2010,3,17,2,332.1070861816406
2010-03-18,338.5167837631181,338.5167837631181,328.70180009187976,330.8450622558594,3724554,0.0,0.0,307.2223846435547,-1.7664162092425273,2010,3,18,3,336.79425048828125
2010-03-19,322.5925393204242,334.29040468652613,322.5925393204242,328.86212158203125,4716624,0.0,0.0,308.12977396647136,-0.599356284874708,2010,3,19,4,330.8450622558594
2010-03-22,326.45833484041344,334.0298778375547,322.95298406820365,331.54608154296875,3310110,0.0,0.0,309.31691691080727,0.816135329914558,2010,3,22,0,328.86212158203125
2010-03-23,332.5077044314918,333.7095395077501,329.3428622834524,331.9668884277344,1694964,0.0,0.0,310.7210642496745,0.12692259332616196,2010,3,23,1,331.54608154296875
2010-03-25,330.14402960455146,335.23180212034987,327.70030847836296,332.4275207519531,5517582,0.0,0.0,312.1318857828776,0.13875851486284674,2010,3,25,3,331.9668884277344
2010-03-26,332.5077215891349,334.9113918656829,329.4230065106187,330.5246887207031,1997806,0.0,0.0,313.33238627115884,-0.5724050845567152,2010,3,26,4,332.4275207519531
2010-03-29,330.10400745276115,332.22724435799137,323.9145524227428,325.2766418457031,3443266,0.0,0.0,314.39601236979166,-1.5877926987277635,2010,3,29,0,330.5246887207031
2010-03-30,323.9346309359931,326.9392188723944,319.34764624753967,320.4893798828125,3097160,0.0,0.0,315.1611826578776,-1.4717509181496946,2010,3,30,1,325.2766418457031
2010-03-31,320.48928200328845,323.3937161214433,311.3953937361668,312.7374572753906,7083046,0.0,0.0,315.62188415527345,-2.4187767501863466,2010,3,31,2,320.4893798828125
2010-04-01,315.020979930809,324.415328572257,313.31838031705774,323.6141052246094,5781432,0.0,0.0,316.28489888509114,3.477884626925576,2010,4,1,3,312.7374572753906
2010-04-05,327.29974971292546,327.29974971292546,320.1888922375223,321.8313903808594,3001836,0.0,0.0,316.8818084716797,-0.5508767433090367,2010,4,5,0,323.6141052246094
2010-04-06,324.0547651097384,324.0547651097384,317.34452014526346,318.9068908691406,3702366,0.0,0.0,317.3792338053385,-0.9087054896223301,2010,4,6,1,321.8313903808594
2010-04-07,316.48315049554304,324.0947705707524,312.93774776738337,319.70806884765625,3024558,0.0,0.0,318.01353556315104,0.25122629878961966,2010,4,7,2,318.9068908691406
2010-04-08,318.8868364931977,323.4938699349964,316.48316687138964,320.2689514160156,4494438,0.0,0.0,318.5770619710286,0.17543585008066298,2010,4,8,3,319.70806884765625
2010-04-09,321.29051609559417,323.6541344110191,315.7821063745039,317.1241455078125,3018012,0.0,0.0,318.9709920247396,-0.9819265633770891,2010,4,9,4,320.2689514160156
2010-04-12,316.8839374521549,320.4894436937092,316.5233770474379,319.728271484375,2869882,0.0,0.0,319.4083312988281,0.8211692529411563,2010,4,12,0,317.1241455078125
2010-04-13,320.4892092279419,330.0237583121959,315.38141245587155,328.8419494628906,8404916,0.0,0.0,320.13744099934894,2.8504448281049255,2010,4,13,1,319.728271484375
2010-04-15,329.30279579933733,334.4706961709073,328.1209864715787,329.1826171875,4290952,0.0,0.0,320.9373321533203,0.10359618812800786,2010,4,15,3,328.8419494628906
2010-04-16,328.100908241491,331.70641272766125,325.2365254524767,326.5385131835937,3810958,0.0,0.0,321.63038838704426,-0.8032331799586623,2010,4,16,4,329.1826171875
2010-04-19,324.49544421934047,330.5046191122912,320.7897863686875,325.2766418457031,6947704,0.0,0.0,322.2072723388672,-0.38643874671564493,2010,4,19,0,326.5385131835937
2010-04-20,330.50454775693674,333.5692360712389,315.2813079814657,316.2828369140625,12016986,0.0,0.0,322.5491241455078,-2.7649710353031987,2010,4,20,1,325.2766418457031
2010-04-21,318.48621849497414,320.0886648773388,312.5771974600045,314.4801025390625,7107490,0.0,0.0,322.84824829101564,-0.5699754032147619,2010,4,21,2,316.2828369140625
2010-04-22,316.1226910260335,317.9454938702215,312.8777459510189,314.8607788085937,4751116,0.0,0.0,323.1587249755859,0.12104939754777888,2010,4,22,3,314.4801025390625
2010-04-23,315.70207384295816,317.28449509133253,311.4756249160493,312.5572814941406,4306068,0.0,0.0,323.3122934977213,-0.7315923320679429,2010,4,23,4,314.8607788085937
2010-04-26,314.8807323565946,316.88379045046605,312.5571898579822,314.5201721191406,2512548,0.0,0.0,323.3797292073568,0.628009885297387,2010,4,26,0,312.5572814941406
2010-04-27,314.8608257363953,316.4432471192543,312.8978182814965,315.4016418457031,2621234,0.0,0.0,323.3223124186198,0.28025856676328065,2010,4,27,1,314.5201721191406
2010-04-28,312.4770630861699,314.0594838728464,306.4678887960512,308.59112548828125,2400382,0.0,0.0,322.9664347330729,-2.159315442230203,2010,4,28,2,315.4016418457031
2010-04-29,310.5140015133787,310.57410302621906,302.70207631633093,304.3646240234375,4622964,0.0,0.0,322.18857625325523,-1.3696121228879088,2010,4,29,3,308.59112548828125
2010-04-30,306.4679498854654,309.59271624892,305.486446332154,306.6282043457031,3690224,0.0,0.0,321.3392801920573,0.7437067726015822,2010,4,30,4,304.3646240234375
2010-05-03,304.96566628136304,309.03188494567394,302.10128275510675,307.1890563964844,2416560,0.0,0.0,320.3524403889974,0.18290947891699272,2010,5,3,0,306.6282043457031
2010-05-04,310.41390924872866,310.41390924872866,303.1828742751903,304.8654479980469,2896028,0.0,0.0,319.4864532470703,-0.7564098883257264,2010,5,4,1,307.1890563964844
2010-05-05,300.45879786208377,307.66980901077375,296.5127820973882,306.7684326171875,4371230,0.0,0.0,318.7499969482422,0.6242047538141504,2010,5,5,2,304.8654479980469
2010-05-06,307.6497386939225,308.8315480177205,304.14438656060406,307.3092041015625,2580872,0.0,0.0,317.9421010335287,0.17628002978058444,2010,5,6,3,306.7684326171875
2010-05-07,303.26305192400685,305.5064676266374,294.4495946686196,297.0135192871094,4267152,0.0,0.0,316.77698872884116,-3.3502689398949848,2010,5,7,4,307.3092041015625
2010-05-10,304.4648066653481,337.71556844590583,298.4556328495847,308.5710754394531,2327814,0.0,0.0,315.9817738850912,3.8912559199608676,2010,5,10,0,297.0135192871094
2010-05-11,310.47401692279027,312.0764634617466,302.02112121035304,302.9825744628906,1351288,0.0,0.0,315.06370340983074,-1.8110903520699773,2010,5,11,1,308.5710754394531
2010-05-12,303.2630338727632,307.6497365449536,300.8994152416774,304.2445373535156,2740076,0.0,0.0,314.3626332600912,0.41651335653944965,2010,5,12,2,302.9825744628906
2010-05-13,306.5080071348533,309.7529766312246,305.0457890756683,306.70831298828125,1321452,0.0,0.0,313.90326436360675,0.8098011080813095,2010,5,13,3,304.2445373535156
2010-05-14,306.86852698515486,311.27525517945867,302.46179879085105,306.0072021484375,2026996,0.0,0.0,313.6789225260417,-0.22859205641111435,2010,5,14,4,306.70831298828125
2010-05-17,310.45403066115153,310.45403066115153,294.0890286327547,298.75616455078125,3722050,0.0,0.0,312.85032450358074,-2.3695643588607207,2010,5,17,0,306.0072021484375
2010-05-18,298.8561460851729,298.8561460851729,290.9640955140948,294.4894714355469,3199180,0.0,0.0,311.9389272054037,-1.4281523267142937,2010,5,18,1,298.75616455078125
2010-05-19,292.4465508834405,293.6483860240574,286.9581655176771,289.0413513183594,3929266,0.0,0.0,310.9434092203776,-1.8500220366553521,2010,5,19,2,294.4894714355469
2010-05-20,292.0459824653521,293.3679964257379,286.8981309637734,292.44659423828125,2398092,0.0,0.0,310.0346934000651,1.1781161776299731,2010,5,20,3,289.0413513183594
2010-05-21,284.43429022449845,290.8040256593802,274.5191512342783,287.91961669921875,2675092,0.0,0.0,308.9563822428385,-1.547967262485539,2010,5,21,4,292.44659423828125
2010-05-24,290.4434175333869,292.4464755853413,285.5158996158576,287.4788818359375,2885428,0.0,0.0,307.96820678710935,-0.15307566338617073,2010,5,24,0,287.91961669921875
2010-05-25,283.63297519584603,286.0366444771668,277.0429103592807,280.247802734375,2297366,0.0,0.0,306.6521911621094,-2.515342711569757,2010,5,25,1,287.4788818359375
2010-05-26,283.63304820487167,298.37555203484595,282.070652989287,295.6513977050781,3689464,0.0,0.0,305.54583943684895,5.496419533145458,2010,5,26,2,280.247802734375
2010-05-27,294.44951548689494,300.4386635833351,291.32475000874075,297.1936950683594,6883872,0.0,0.0,304.4795420328776,0.5216607718593336,2010,5,27,3,295.6513977050781
2010-05-28,300.3785632174539,301.8608309804963,294.649822410292,300.7791748046875,2479374,0.0,0.0,303.6208974202474,1.2064454245920064,2010,5,28,4,297.1936950683594
2010-05-31,299.85780728415034,301.6205082498117,295.6513851378797,297.6744689941406,3327660,0.0,0.0,302.70082499186196,-1.032221001524769,2010,5,31,0,300.7791748046875
2010-06-01,297.6744862088848,301.2399397291407,294.329388660625,296.13214111328125,3136912,0.0,0.0,302.0291351318359,-0.5181256847693327,2010,6,1,1,297.6744689941406
2010-06-02,295.5712199932595,304.2644962036416,294.97030262090203,302.1612854003906,2769330,0.0,0.0,301.61850789388023,2.0359641693884933,2010,6,2,2,296.13214111328125
2010-06-03,304.4647943690574,308.0702985129015,298.4956721725818,306.64813232421875,1684434,0.0,0.0,301.3447530110677,1.4849178702303512,2010,6,3,3,302.1612854003906
2010-06-04,306.648169094512,308.35076847770875,302.54189999386085,306.60809326171875,1368210,0.0,0.0,301.1464467366537,-0.013057005172845138,2010,6,4,4,306.64813232421875
2010-06-07,300.4186724838756,303.58348970443325,294.85016102099235,301.7607116699219,1734922,0.0,0.0,300.72113138834635,-1.5809698759840618,2010,6,7,0,306.60809326171875
2010-06-08,302.061168176423,305.2660612074726,299.2568867742546,300.5388488769531,2242222,0.0,0.0,300.2257049560547,-0.40491115831714497,2010,6,8,1,301.7607116699219
2010-06-09,301.25992983850267,303.88393098604627,292.8470860531189,293.6683349609375,4867400,0.0,0.0,299.7282786051432,-2.2860651598584414,2010,6,9,2,300.5388488769531
2010-06-10,292.44654808578133,301.660617409032,292.44654808578133,300.6590881347656,1796036,0.0,0.0,299.6047607421875,2.3804926652231773,2010,6,10,3,293.6683349609375
2010-06-11,305.1859654818994,305.78688298722665,300.8593643338227,304.10430908203125,3237024,0.0,0.0,299.5206309000651,1.145889508492548,2010,6,11,4,300.6590881347656
2010-06-14,305.80694009574484,315.32146824084504,303.66367722046056,312.87774658203125,3550492,0.0,0.0,299.71025390625,2.8850092675383188,2010,6,14,0,304.10430908203125
2010-06-15,307.05435883173305,315.59660464767825,307.05435883173305,310.88922119140625,2642976,5.0,0.0,299.9110463460286,-0.6355598671839879,2010,6,15,1,312.87774658203125
2010-06-16,315.3531525574133,316.5097193591151,311.3762420663189,314.4197998046875,2328816,0.0,0.0,300.1660919189453,1.1356387975598459,2010,6,16,2,310.88922119140625
2010-06-17,315.3124974857341,318.47779173458764,309.91526149148604,314.62261962890625,1528920,0.0,0.0,300.4098724365234,0.06450605984251734,2010,6,17,3,314.4197998046875
2010-06-18,314.62269215567204,320.1416915140041,313.3849836743429,317.8285827636719,2225672,0.0,0.0,301.1037078857422,1.0189868543294844,2010,6,18,4,314.62261962890625
2010-06-21,321.7648983553421,322.2112768667618,318.39667501659324,319.6546936035156,1907428,0.0,0.0,301.47316182454426,0.5745584062845532,2010,6,21,0,317.8285827636719
2010-06-22,318.5590775065331,319.1677891196029,313.8111219708808,315.9822082519531,1468324,0.0,0.0,301.90648295084634,-1.1488914209774381,2010,6,22,1,319.6546936035156
2010-06-23,312.4719180447574,320.1619786438517,312.41103698447733,319.0865783691406,2959524,0.0,0.0,302.4012176513672,0.9824509216392885,2010,6,23,2,315.9822082519531
2010-06-24,319.0865048604897,319.97928651722407,311.5384935513888,313.87188720703125,3777510,0.0,0.0,302.64000345865884,-1.6342558777501015,2010,6,24,3,319.0865783691406
2010-06-25,314.8254575616163,314.8254575616163,306.83104475594973,307.80499267578125,2037322,0.0,0.0,302.69992980957034,-1.9329206528293619,2010,6,25,4,313.87188720703125
2010-06-28,307.78475637441414,311.3152871865946,307.43980507884845,310.3413391113281,1153124,0.0,0.0,303.0861022949219,0.824010817205445,2010,6,28,0,307.80499267578125
2010-06-29,310.4427852484713,310.4427852484713,303.94986424981045,305.8977355957031,2614662,0.0,0.0,303.4663777669271,-1.4318438943227485,2010,6,29,1,310.3413391113281
2010-06-30,306.3847661939029,308.37323352429627,300.80491118043784,304.76153564453125,3316516,0.0,0.0,303.9903839111328,-0.3714313049618556,2010,6,30,2,305.8977355957031
2010-07-01,304.3557464099321,304.3557464099321,294.5149106093443,297.0512084960937,3407744,0.0,0.0,304.1438710530599,-2.529954159776504,2010,7,1,3,304.76153564453125
2010-07-02,298.1873322780121,302.7323810218572,296.5843877733205,301.839599609375,2943550,0.0,0.0,304.6078704833984,1.6119749646951176,2010,7,2,4,297.0512084960937
2010-07-05,303.86869377345954,303.9092893902822,299.1207404021421,299.89178466796875,2165596,0.0,0.0,305.0216339111328,-0.6453145789773851,2010,7,5,0,301.839599609375
2010-07-06,298.87741409049784,309.1849410622704,298.61362914009635,308.0689697265625,2760904,0.0,0.0,305.9490061442057,2.7267119263194584,2010,7,6,1,299.89178466796875
2010-07-07,308.981922530227,311.4167681773729,303.9296128586931,310.2804870605469,2152934,0.0,0.0,306.4366424560547,0.7178643587334665,2010,7,7,2,308.0689697265625
2010-07-08,313.2833304955548,316.1239824560067,312.3296929590965,315.231201171875,2187564,0.0,0.0,307.0378926595052,1.5955608933803322,2010,7,8,3,310.2804870605469
2010-07-09,316.52993725307044,318.1531677005221,312.77621684333855,314.2777099609375,1836666,0.0,0.0,307.4878438313802,-0.30247361536323014,2010,7,9,4,315.231201171875
2010-07-12,316.4487424918878,322.21121501898085,316.4487424918878,321.2778625488281,2725776,0.0,0.0,308.2746236165365,2.2273780055100723,2010,7,12,0,314.2777099609375
2010-07-13,321.3996079063552,321.3996079063552,312.28922265277845,314.3588562011719,5545886,0.0,0.0,308.88218078613284,-2.1535895105765923,2010,7,13,1,321.2778625488281
2010-07-14,315.71830170599026,318.43721748415646,312.57329291650257,314.3588562011719,2833842,0.0,0.0,309.2887664794922,0.0,2010,7,14,2,314.3588562011719
2010-07-15,312.8776261077206,318.5183610513149,310.5442326575009,317.382080078125,3795536,0.0,0.0,309.6465647379557,0.9617110564298592,2010,7,15,3,314.3588562011719
2010-07-16,322.6170692187632,340.2697013080918,322.6170692187632,338.3015441894531,19135452,0.0,0.0,310.70301310221356,6.591255595205214,2010,7,16,4,317.382080078125
2010-07-19,337.40872619226406,338.7276008618477,334.081098995301,335.48114013671875,3027924,0.0,0.0,311.8270273844401,-0.8336952937923692,2010,7,19,0,338.3015441894531
2010-07-20,335.4812174656891,338.66679787909146,334.79133944887525,335.70440673828125,2342062,0.0,0.0,312.99921264648435,0.06655116334453037,2010,7,20,1,335.48114013671875
2010-07-21,337.631881116548,342.82621279540484,336.65793309053174,342.09576416015625,2943720,0.0,0.0,314.61346028645835,1.9038646182734764,2010,7,21,2,335.70440673828125
2010-07-22,342.0957820417746,343.31320475366704,337.8348025501511,342.3798522949219,1362882,0.0,0.0,316.0041524251302,0.08304345289484871,2010,7,22,3,342.09576416015625
2010-07-23,344.9364454064045,344.9364454064045,338.88990251481,340.59429931640625,1894472,0.0,0.0,317.2204854329427,-0.5215122813294393,2010,7,23,4,342.3798522949219
2010-07-26,341.8524292066128,345.58584037178366,341.0408137761778,344.6322021484375,2766490,0.0,0.0,318.2789672851562,1.1855462173429032,2010,7,26,0,340.59429931640625
2010-07-27,346.9654866920147,348.91335815482535,343.39438488210686,344.5915222167969,2106602,0.0,0.0,319.4023773193359,-0.011803868410154017,2010,7,27,1,344.6322021484375
2010-07-28,345.3423291821046,348.16269745874416,343.719098492647,346.74237060546875,4359228,0.0,0.0,320.47979634602865,0.6241733327724486,2010,7,28,2,344.5915222167969
2010-07-29,347.779618027631,347.779618027631,345.3390593046301,345.7458190917969,5331904,1.0,0.0,321.517236328125,-0.28740402043503366,2010,7,29,3,346.74237060546875
2010-07-30,345.3389960799556,345.74575579265286,339.64436010219424,341.5968017578125,1283426,0.0,0.0,322.30951029459635,-1.2000195244249001,2010,7,30,4,345.7458190917969
2010-08-02,342.8984394425014,345.11528485262426,340.4578811546544,340.9866638183594,2827762,0.0,0.0,323.02057596842445,-0.17861348124849075,2010,8,2,0,341.5968017578125
2010-08-03,342.08496287532256,343.5086220549464,337.0207988281887,338.4444580078125,1281552,0.0,0.0,323.7693176269531,-0.7455440579638317,2010,8,3,1,340.9866638183594
2010-08-04,340.05122653759173,354.6945807904067,339.9902026308782,353.3929443359375,5583934,0.0,0.0,324.91286315917966,4.416821128085946,2010,8,4,2,338.4444580078125
2010-08-05,354.694501044102,358.92481236335937,352.11158656922095,357.07403564453125,2912950,0.0,0.0,326.352934773763,1.0416425589681477,2010,8,5,3,353.3929443359375
2010-08-06,357.948671036606,359.37233052368333,350.0778778029956,351.7252502441406,2437734,0.0,0.0,327.816943359375,-1.4979485670908232,2010,8,6,4,357.07403564453125
2010-08-09,350.2811555453455,359.4535825995385,344.159401675436,357.8875427246094,4259986,0.0,0.0,329.401816813151,1.7520187919949803,2010,8,9,0,351.7252502441406
2010-08-10,359.9824048246932,359.9824048246932,350.3828839600268,351.6438293457031,1545194,0.0,0.0,330.9266866048177,-1.7446020421310715,2010,8,10,1,357.8875427246094
2010-08-11,350.6268669900917,355.101223761427,347.6981921380711,349.06085205078125,4020248,0.0,0.0,332.40333048502606,-0.734543614693306,2010,8,11,2,351.6438293457031
2010-08-12,348.5524656114265,348.5524656114265,344.20013099761513,347.1491394042969,2278092,0.0,0.0,334.07326151529946,-0.5476731736752449,2010,8,12,3,349.06085205078125
2010-08-13,348.59296538412354,350.9928568734314,340.86453324608584,347.535400390625,2589906,0.0,0.0,335.59645487467446,0.1112665832877946,2010,8,13,4,347.1491394042969
2010-08-16,348.59312645933056,350.85063824061655,345.257691345849,347.4135131835937,1319098,0.0,0.0,337.180512491862,-0.03507188243105919,2010,8,16,0,347.535400390625
2010-08-17,345.7865185940145,350.2202106337426,343.3052935829022,345.82720947265625,1733196,0.0,0.0,338.4391204833984,-0.4566039174472625,2010,8,17,1,347.4135131835937
2010-08-18,346.96605829330537,356.2401754019359,345.7457790730476,354.3283996582031,2888916,0.0,0.0,339.9073842366536,2.4582190043721974,2010,8,18,2,345.82720947265625
2010-08-19,355.5079690757071,358.3146208674876,352.7826741872584,354.7147827148437,2148534,0.0,0.0,341.2235036214192,0.10904659547845696,2010,8,19,3,354.3283996582031
2010-08-20,353.4741904421876,357.9078812426028,351.03363216525645,353.453857421875,1746396,0.0,0.0,342.52937520345046,-0.35547582294656044,2010,8,20,4,354.7147827148437
2010-08-23,349.81338978337146,356.0978329721344,348.6134435391344,354.043701171875,1049830,0.0,0.0,343.6215698242187,0.16687998662749948,2010,8,23,0,353.453857421875
2010-08-24,353.8809736659977,358.72142450082254,351.84717496676785,354.16571044921875,2650474,0.0,0.0,344.9484649658203,0.03446164327733925,2010,8,24,1,354.043701171875
2010-08-25,354.6944518609382,358.55866893969846,352.37591664835384,354.3690490722656,2379968,0.0,0.0,346.28213806152337,0.05741341328300287,2010,8,25,2,354.16571044921875
2010-08-26,355.5080030216058,357.5418016658942,349.91505674981283,356.52490234375,4204428,0.0,0.0,347.5868988037109,0.6083638729534657,2010,8,26,3,354.3690490722656
2010-08-27,354.7351848888146,355.1012786118564,346.15256368692985,348.2066955566406,1276514,0.0,0.0,347.91707051595046,-2.3331348616678738,2010,8,27,4,356.52490234375
2010-08-30,350.95232508137553,350.95232508137553,341.718873324136,343.9764099121094,1558570,0.0,0.0,348.20024617513013,-1.214877743165954,2010,8,30,0,348.2066955566406
2010-08-31,341.6781423611112,344.8101969647496,337.69190233222645,343.2034912109375,2447874,0.0,0.0,348.450215657552,-0.22470107800979244,2010,8,31,1,343.9764099121094
2010-09-01,342.4916676064165,350.2201019110744,341.6781482059262,349.1625366210937,2745484,0.0,0.0,348.6857747395833,1.7363009301364363,2010,9,1,2,343.2034912109375
2010-09-02,352.8640427032075,352.8640427032075,342.28829041469635,343.3458557128906,2758800,0.0,0.0,348.71797485351556,-1.6658949051327476,2010,9,2,3,349.1625366210937
2010-09-03,345.7457482230153,346.35588777870294,339.6850187058609,340.57989501953125,2777970,0.0,0.0,348.7174947102864,-0.8055902371724821,2010,9,3,4,343.3458557128906
2010-09-06,340.8647242261233,348.79654060131355,340.8647242261233,347.9219970703125,2287978,0.0,0.0,348.82715454101555,2.1557649638597187,2010,9,6,0,340.57989501953125
2010-09-07,348.999911811254,355.8741624291046,348.1863922033023,354.4301452636719,2484236,0.0,0.0,349.15510864257806,1.8705768097911024,2010,9,7,1,347.9219970703125
2010-09-08,351.4403148651731,359.1280816835036,349.36585071502657,357.5620422363281,4189478,0.0,0.0,349.5157643636067,0.8836429447405925,2010,9,8,2,354.4301452636719
2010-09-09,358.7621270824923,358.9655069731287,354.43012548127973,355.79278564453125,2938158,0.0,0.0,349.85066324869786,-0.4948110769060543,2010,9,9,3,357.5620422363281
2010-09-13,354.4300712226856,361.60939019374734,354.1656923013194,357.84686279296875,2349410,0.0,0.0,350.39233194986974,0.5773240018671189,2010,9,13,0,355.79278564453125
2010-09-14,359.16878874643527,365.6769434689075,358.07053267169005,364.1922607421875,3071038,0.0,0.0,351.16585184733066,1.7732160342816439,2010,9,14,1,357.84686279296875
2010-09-15,366.0837213137931,373.9748692372136,365.6769616234444,372.103759765625,5560394,0.0,0.0,352.2878285725911,2.172341336225725,2010,9,15,2,364.1922607421875
2010-09-16,369.3379016312896,371.55474752601407,351.64385017648664,364.2127380371094,2334264,0.0,0.0,352.64848836263013,-2.1206508994926265,2010,9,16,3,372.103759765625
2010-09-17,366.1243783802496,373.7104563500108,366.1243783802496,371.6969909667969,3007978,0.0,0.0,353.1359202067057,2.0549124585875767,2010,9,17,4,364.2127380371094
2010-09-20,372.998544824192,374.9916767500899,368.80892600359846,371.0664367675781,2419108,0.0,0.0,353.7806264241536,-0.16964199725659768,2010,9,20,0,371.6969909667969
2010-09-21,370.9648378769478,389.675783647057,370.2733414375068,388.0284118652344,4997184,0.0,0.0,354.78532206217443,4.5711423661527695,2010,9,21,1,371.0664367675781
2010-09-22,388.8623229605219,390.48936196872495,378.2865694072023,380.4220581054688,4031066,0.0,0.0,355.7445963541666,-1.9602569108798429,2010,9,22,2,388.0284118652344
2010-09-23,382.3540828185523,384.5099040648609,377.3916099698346,378.8356018066406,3327236,0.0,0.0,356.73708801269527,-0.41702531833428536,2010,9,23,3,380.4220581054688
2010-09-24,379.54744012343696,381.4999064109195,376.2526967099304,379.0796813964844,2738784,0.0,0.0,357.80143941243483,0.06442889440161359,2010,9,24,4,378.8356018066406
2010-09-27,380.32036532529247,382.9439706717425,375.03248858814936,377.3103332519531,3423290,0.0,0.0,358.7939371744791,-0.46674834641972085,2010,9,27,0,379.0796813964844
2010-09-28,376.354290182688,378.4084210351646,371.8189110701518,374.0764465332031,2521714,0.0,0.0,359.6827016194662,-0.8570893595406859,2010,9,28,1,377.3103332519531
2010-09-29,376.2527402322194,381.23554679205154,372.14447699926,374.3612976074219,3370194,0.0,0.0,360.633837890625,0.07614782402329823,2010,9,29,2,374.0764465332031
2010-09-30,376.2527729858976,378.2865717587943,372.246199333949,377.04595947265625,7560924,0.0,0.0,361.3910898844401,0.7171312532551655,2010,9,30,3,374.3612976074219
2010-10-01,377.0662015020895,392.929828102501,375.03240321998544,391.14007568359375,3326156,0.0,0.0,362.6052663167318,3.7380366655167974,2010,10,1,4,377.04595947265625
2010-10-04,393.23496883139256,396.5907366026457,387.6420225459706,388.7809448242188,2140956,0.0,0.0,363.7828358968099,-0.6031422004640907,2010,10,4,0,391.14007568359375
2010-10-05,386.4217170568806,392.9095392717429,384.8557021342016,386.5234069824219,2211664,0.0,0.0,364.86549275716146,-0.5806709078341354,2010,10,5,1,388.7809448242188
2010-10-06,386.42171332704015,393.7027218561748,386.42171332704015,390.3469543457031,1838960,0.0,0.0,366.0715342203776,0.9892149593556443,2010,10,6,2,386.5234069824219
2010-10-07,390.48930730050085,392.929865471129,381.7033078168962,385.93359375,1972940,0.0,0.0,367.1236857096354,-1.1306250879043689,2010,10,7,3,390.3469543457031
2010-10-08,384.00154978649687,388.33355119865183,353.4742344995888,383.4117431640625,2695996,0.0,0.0,368.01991373697916,-0.6534415834168361,2010,10,8,4,385.93359375
2010-10-11,383.4117476236177,388.0284858892648,377.9001577291331,382.7202758789063,3065370,0.0,0.0,369.17036641438807,-0.18034588076253355,2010,10,11,0,383.4117431640625
2010-10-12,383.43213157673495,388.78100799740247,381.9881144398176,386.70654296875,2608902,0.0,0.0,370.5947041829428,1.041561511390876,2010,10,12,1,382.7202758789063
2010-10-13,388.8420193400818,405.8242402722916,386.0556999318629,403.8514404296875,5350604,0.0,0.0,372.61630249023443,4.433567978787201,2010,10,13,2,386.70654296875
2010-10-14,405.4988382852883,408.38682281878624,399.5804635713678,401.0854797363281,2949086,0.0,0.0,374.3470672607422,-0.6848955869555584,2010,10,14,3,403.8514404296875
2010-10-15,406.35299788724456,411.23411497898326,384.38797097442057,386.5437927246094,5717798,0.0,0.0,375.7869984944662,-3.625583010703448,2010,10,15,4,401.0854797363281
2010-10-18,394.55697868978905,400.251615495621,378.2865878159833,399.1330261230469,4480734,0.0,0.0,377.73876953125006,3.2568711839092046,2010,10,18,0,386.5437927246094
2010-10-19,399.43808067753406,401.6345932921623,392.1570711092712,393.6417541503906,2200912,0.0,0.0,379.2627614339193,-1.3757999497048368,2010,10,19,1,399.1330261230469
2010-10-20,392.3197289196325,398.8278840909275,388.9436283898514,391.811279296875,2206638,0.0,0.0,380.5087992350261,-0.4650103385161475,2010,10,20,2,393.6417541503906
2010-10-21,396.2043433098583,404.2581816747983,394.5569712303597,401.146484375,3752354,0.0,0.0,381.9616139729818,2.382576911741152,2010,10,21,3,391.811279296875
2010-10-22,415.7085629241861,426.85379264361626,415.7085629241861,423.111572265625,9610404,0.0,0.0,384.2055735270183,5.475577811643384,2010,10,22,4,401.146484375
2010-10-25,424.25028393834,436.4327147040231,421.89105827948265,433.9921569824219,5156316,0.0,0.0,386.74375000000003,2.571563963267387,2010,10,25,0,423.111572265625
2010-10-26,432.5890857265384,434.3178150301,423.6607271847579,432.2229919433594,3507024,0.0,0.0,389.01144104003913,-0.4076490808874622,2010,10,26,1,433.9921569824219
2010-10-27,431.1652626212114,433.9312483182073,424.4740857182609,426.365478515625,2141382,0.0,0.0,390.82016499837243,-1.3552063487871968,2010,10,27,2,432.2229919433594
2010-10-28,427.09776099702304,434.236414863576,423.0301632732419,428.2773742675781,5255690,0.0,0.0,392.95565287272143,0.4484171088638078,2010,10,28,3,426.365478515625
2010-10-29,431.16535872080425,431.16535872080425,419.36932532183886,428.2773742675781,2212398,0.0,0.0,394.8416656494141,0.0,2010,10,29,4,428.2773742675781
2010-11-01,428.7460732975768,434.5941750026621,427.5438184049155,429.2962341308594,1147948,1.0,0.0,396.7826588948568,0.23789719571893908,2010,11,1,0,428.2773742675781
2010-11-02,429.9482649311501,431.9859344331934,425.3431119574158,427.6864318847656,1565778,0.0,0.0,398.1045928955079,-0.37498634232208117,2010,11,2,1,429.2962341308594
2010-11-03,428.2772505913146,439.7289396255197,427.2584161621545,429.0515747070313,2217878,0.0,0.0,399.7255767822266,0.31919245514748784,2010,11,3,2,427.6864318847656
2010-11-04,432.8010272790578,439.5660804677593,432.597260317062,435.71490478515625,1717440,0.0,0.0,401.62155354817713,1.5530370871322141,2010,11,4,3,429.0515747070313
2010-11-08,440.1366709770024,441.1147624176219,432.8418032399538,435.3074035644531,2248586,0.0,0.0,403.49581095377613,-0.09352473744363987,2010,11,8,0,435.71490478515625
2010-11-09,437.65050409603055,447.7573112478632,435.44981189636815,444.6600646972656,3504086,0.0,0.0,405.74080200195317,2.1485187378458503,2010,11,9,1,435.3074035644531
2010-11-10,445.1289869469258,451.547647092876,442.62264303561386,445.1493835449219,1540224,0.0,0.0,408.1098999023438,0.11004335367723606,2010,11,10,2,444.6600646972656
2010-11-11,444.2118284785711,444.2118284785711,431.2726307224292,433.9216003417969,1926096,0.0,0.0,410.095243326823,-2.5222506462242333,2010,11,11,3,445.1493835449219
2010-11-12,431.9857280975471,436.0203217340493,427.176810470562,430.3148498535156,1802330,0.0,0.0,411.870873006185,-0.831198650963727,2010,11,12,4,433.9216003417969
2010-11-15,434.0235574518314,440.0754252751943,429.1331511706841,434.43109130859375,1389396,0.0,0.0,413.3139068603516,0.9565650491679234,2010,11,15,0,430.3148498535156
2010-11-16,434.4311924496796,434.59421597989547,424.7318645014967,427.4623718261719,2178076,0.0,0.0,414.60328776041666,-1.6041023816759314,2010,11,16,1,434.43109130859375
2010-11-18,436.8761927549611,436.8761927549611,423.835112374216,424.9762268066406,2765160,0.0,0.0,415.885048421224,-0.581605582945266,2010,11,18,3,427.4623718261719
2010-11-19,425.8320610878063,427.5029396535795,409.9789869318408,413.809814453125,2172652,0.0,0.0,416.667143758138,-2.6275381184077906,2010,11,19,4,424.9762268066406
2010-11-22,414.0543923051648,425.0578062739044,412.2204899770415,423.4684143066406,2221236,0.0,0.0,417.9183044433594,2.3340673701226944,2010,11,22,0,413.809814453125
2010-11-23,421.3898897509768,425.8727609185404,412.5871708624063,419.7801513671875,1684448,0.0,0.0,419.1305847167969,-0.8709652986733429,2010,11,23,1,423.4684143066406
2010-11-24,417.72213319131583,421.5937041818695,407.1058829762069,409.4695739746094,3008608,0.0,0.0,420.02222798665366,-2.456185067111316,2010,11,24,2,419.7801513671875
2010-11-25,411.62956799236935,424.6095362843636,410.4273381373838,416.4180908203125,5855006,0.0,0.0,421.0126129150391,1.6969555950777426,2010,11,25,3,409.4695739746094
2010-11-26,417.7221375167384,429.5406175050169,417.7221375167384,426.7897644042969,3617826,0.0,0.0,421.7772237141927,2.490687559599758,2010,11,26,4,416.4180908203125
2010-11-29,429.9482423265942,439.5252884826842,428.0124564014271,436.591064453125,4518892,0.0,0.0,422.9607432047526,2.296517130046105,2010,11,29,0,426.7897644042969
2010-11-30,432.1896642947286,442.6021744557293,429.173903740946,438.5064392089844,4808408,0.0,0.0,424.6928314208984,0.43871139650064617,2010,11,30,1,436.591064453125
2010-12-01,433.6160527139742,445.5160222314453,433.6160527139742,440.9109191894531,3776032,0.0,0.0,426.08542785644534,0.5483340187218522,2010,12,1,2,438.5064392089844
2010-12-02,444.6195009042204,447.9612591053918,438.11935486436175,446.57568359375,4095716,0.0,0.0,427.849892171224,1.284786599232035,2010,12,2,3,440.9109191894531
2010-12-03,445.4549704213436,453.5852522128338,444.68064602506047,447.2073364257813,2030112,0.0,0.0,429.69642740885416,0.14144362428070156,2010,12,3,4,446.57568359375
2010-12-06,448.287101476478,452.3624387626278,446.3717128510954,448.9798889160156,1930954,0.0,0.0,431.29087422688804,0.3963603335314536,2010,12,6,0,447.2073364257813
2010-12-07,448.2872889727012,448.2872889727012,440.99242222986,443.193115234375,2158324,0.0,0.0,431.96025899251305,-1.2888714671857149,2010,12,7,1,448.9798889160156
2010-12-08,444.5990306808546,445.4140983752128,436.5706337905413,439.7901611328125,1984132,0.0,0.0,432.153525797526,-0.7678264811859514,2010,12,8,2,443.193115234375
2010-12-09,441.6444967668492,447.186997971984,435.2869774555525,437.1208801269531,2579902,0.0,0.0,432.31678873697916,-0.6069442297171546,2010,12,9,3,439.7901611328125
2010-12-10,434.8386389836173,441.7055747387216,430.7633002864888,438.0581665039063,2245624,0.0,0.0,432.7065450032552,0.2144226962301543,2010,12,10,4,437.1208801269531
2010-12-13,436.4687674233226,440.42182599666967,427.2585120659078,438.5471801757813,2115066,0.0,0.0,433.048871866862,0.1116321322754299,2010,12,13,0,438.0581665039063
2010-12-14,437.36535499831655,444.0489208072837,433.6772031074994,440.5237426757813,2615340,0.0,0.0,433.4570841471354,0.4507069226183935,2010,12,14,1,438.5471801757813
2010-12-15,442.21491682484935,451.7104742724297,440.7478050930965,449.7746887207031,2572034,0.0,0.0,434.1396993001302,2.0999880707293306,2010,12,15,2,440.5237426757813
2010-12-16,451.9550669241127,466.2187525348826,449.978537581892,464.8738708496094,4515704,0.0,0.0,435.37928059895836,3.357054655932945,2010,12,16,3,449.7746887207031
2010-12-20,462.469436445475,479.667345148984,454.3391062266068,475.4697265625,4514046,0.0,0.0,436.926552327474,2.279296896925076,2010,12,20,0,464.8738708496094
2010-12-21,476.4070959833527,477.7315810662833,470.29408790828825,473.0653381347656,2810642,0.0,0.0,438.17156677246095,-0.5056869645765572,2010,12,21,1,475.4697265625
2010-12-22,475.59197014636334,476.40703779014456,463.67160585606246,468.56201171875,3186836,0.0,0.0,439.2800537109375,-0.9519459687686416,2010,12,22,2,473.0653381347656
2010-12-23,468.6639310602556,472.5558992564352,461.3690651402825,464.5885925292969,2850924,0.0,0.0,439.9443379720052,-0.848002844890916,2010,12,23,3,468.56201171875
2010-12-24,462.1433242000789,468.1748442739353,458.781170386454,465.0368041992188,1624640,0.0,0.0,440.6072519938151,0.09647496239237885,2010,12,24,4,464.5885925292969
2010-12-27,466.62631595696087,472.5151609186115,463.8550655351308,465.0776672363281,1664936,0.0,0.0,441.6457875569661,0.008787054431036445,2010,12,27,0,465.0368041992188
2010-12-28,465.077582447585,469.0306904094357,464.6089583457938,467.1763916015625,1012876,0.0,0.0,442.8745056152344,0.45126320033936906,2010,12,28,1,465.0776672363281
2010-12-29,468.25646320101407,473.5544040379272,467.4617919745938,471.496337890625,1042370,0.0,0.0,444.1100138346354,0.924692764172641,2010,12,29,2,467.1763916015625
2010-12-30,469.682788512914,478.770813777615,469.682788512914,476.8961181640625,3845552,0.0,0.0,445.7578053792318,1.1452433114528482,2010,12,30,3,471.496337890625
2010-12-31,477.8335592949213,480.8900639385988,473.4729659023935,475.0419616699219,1532980,0.0,0.0,447.4266632080078,-0.38879672606241256,2010,12,31,4,476.8961181640625
2011-01-03,475.5919880220257,479.6469298031346,470.5182116478961,471.944580078125,1405042,0.0,0.0,449.36448872884114,-0.6520227351934582,2011,1,3,0,475.0419616699219
2011-01-04,474.3286048122911,475.24555587203946,463.814212761398,466.5243225097656,2502868,0.0,0.0,450.7996856689453,-1.1484945048976125,2011,1,4,1,471.944580078125
2011-01-05,466.7281464297157,475.1437304668288,465.3017779402994,472.3113403320313,3069674,0.0,0.0,452.55072530110675,1.2404536147511358,2011,1,5,2,466.5243225097656
2011-01-06,475.99956035099416,481.7050345332834,469.92729573600025,477.5074157714844,2846720,0.0,0.0,454.8186533610026,1.1001377684051183,2011,1,6,3,472.3113403320313
2011-01-07,479.2598549087029,483.68158766812417,463.8347071131125,465.6686096191406,2532724,0.0,0.0,456.46033732096356,-2.4792926269462057,2011,1,7,4,477.5074157714844
2011-01-10,467.64518017648976,468.25648106560936,456.8455311353769,460.880126953125,3952426,0.0,0.0,457.5966827392578,-1.0283026528096872,2011,1,10,0,465.6686096191406
2011-01-11,457.6605443524728,462.7751144133186,443.3153717660964,447.6759643554688,3768730,0.0,0.0,457.9661794026693,-2.8649884916819524,2011,1,11,1,460.880126953125
2011-01-12,452.3218225489716,469.3159639124905,451.5474982972806,462.9380493164063,3160874,0.0,0.0,458.78056640625,3.4091812328836513,2011,1,12,2,447.6759643554688
2011-01-13,460.08537232362886,471.0887875236059,454.88931514586193,458.16998291015625,5589198,0.0,0.0,459.3558685302734,-1.0299577693582918,2011,1,13,3,462.9380493164063
2011-01-14,460.4726013589868,468.6640234718489,456.4380054682355,456.4991455078125,3151692,0.0,0.0,459.6866505940755,-0.36467631330431294,2011,1,14,4,458.16998291015625
2011-01-17,456.9269438375037,467.2579669845756,456.43792310472,463.5290222167969,3000212,0.0,0.0,460.2307067871094,1.5399539688435437,2011,1,17,0,456.4991455078125
2011-01-18,478.4446039046663,492.66754117642887,474.51189342046143,490.0797119140625,8481370,0.0,0.0,461.6007008870443,5.727945484467978,2011,1,18,1,463.5290222167969
2011-01-19,490.4465748968239,492.7084075850993,482.9275955238567,486.1878662109375,2952040,0.0,0.0,463.0338592529297,-0.7941250389502885,2011,1,19,2,490.0797119140625
2011-01-20,480.8899124521593,496.6818481364992,480.8899124521593,494.0124816894531,4545208,0.0,0.0,464.841269938151,1.609381068988025,2011,1,20,3,486.1878662109375
2011-01-21,493.1159503223759,497.19128875479214,490.67074726292606,493.7883911132813,2597404,0.0,0.0,466.7301869710287,-0.045361318686820695,2011,1,21,4,494.0124816894531
2011-01-24,489.0404740027172,497.1911485694292,488.3272899781299,492.7897644042969,2016678,0.0,0.0,468.55457356770836,-0.2022377858525548,2011,1,24,0,493.7883911132813
2011-01-25,495.0721222917137,496.9060245478601,480.8899249450681,484.3743591308594,2467094,0.0,0.0,470.0821461995443,-1.7077069942007306,2011,1,25,1,492.7897644042969
2011-01-27,484.7825285899855,493.92663271350233,482.3535854439769,489.6199340820313,4714118,1.0,0.0,471.71868591308595,1.0829588421204628,2011,1,27,3,484.3743591308594
2011-01-28,487.82387201852026,491.33456104747154,475.6793028197328,482.2516479492188,3014578,0.0,0.0,472.80125122070314,-1.5048991309201898,2011,1,28,4,489.6199340820313
2011-01-31,477.2100981942226,477.2100981942226,460.6975873553159,473.3320007324219,5940816,0.0,0.0,473.08318888346355,-1.849583563835988,2011,1,31,0,482.2516479492188
2011-02-01,475.577236203582,475.577236203582,462.5141704881188,469.5151672363281,4212708,0.0,0.0,472.88470357259115,-0.8063755440552711,2011,2,1,1,473.3320007324219
2011-02-02,477.6182033896205,489.4157912003562,474.4953051703631,482.7005310058594,3937618,0.0,0.0,473.20587666829425,2.8082934673108184,2011,2,2,2,469.5151672363281
2011-02-03,483.6191582970201,488.1095870642409,477.88368599787225,483.2109375,1883412,0.0,0.0,473.6941741943359,0.10573978302386156,2011,2,3,3,482.7005310058594
2011-02-04,480.06744809514856,482.9658045246374,465.4735609613037,468.9638671875,3457600,0.0,0.0,473.8400166829427,-2.9484163554348353,2011,2,4,4,483.2109375
2011-02-07,479.0470499216468,479.0470499216468,459.8606746797914,461.7589111328125,2578382,0.0,0.0,473.7307535807292,-1.536356329091515,2011,2,7,0,468.9638671875
2011-02-08,462.1058564782492,469.41301735531806,456.5948767410969,459.28912353515625,5288638,0.0,0.0,473.5378021240234,-0.5348651727363984,2011,2,8,1,461.7589111328125
2011-02-09,458.2279240912303,461.1262822861903,442.388934488424,448.3489990234375,6012732,0.0,0.0,472.91022237141925,-2.3819689931937504,2011,2,9,2,459.28912353515625
2011-02-10,449.0428881718427,454.9620898795625,437.6127055638322,445.266845703125,4551822,0.0,0.0,472.03590596516926,-0.6874451213286559,2011,2,10,3,448.3489990234375
2011-02-11,442.55199711624095,450.75722222265847,431.040194708028,444.7972106933594,2945056,0.0,0.0,470.9659423828125,-0.10547271019561988,2011,2,11,4,445.266845703125
2011-02-14,445.3688727795397,457.20727544737343,443.7359896529419,454.0639953613281,2462548,0.0,0.0,470.2666768391927,2.083372927074678,2011,2,14,0,444.7972106933594
2011-02-15,456.7989412232031,456.7989412232031,439.4699932783513,448.1038208007813,3625426,0.0,0.0,469.47198486328125,-1.3126287530910496,2011,2,15,1,454.0639953613281
2011-02-16,451.0840127634448,453.0026307131295,441.2867129387184,447.6141357421875,2464592,0.0,0.0,468.841645304362,-0.10927937586399095,2011,2,16,2,448.1038208007813
2011-02-17,451.0838937944213,454.9415596503277,445.940322709336,452.7984008789063,1477760,0.0,0.0,468.1912139892578,1.1581996015659346,2011,2,17,3,447.6141357421875
2011-02-18,453.2272777338901,462.2693811042344,441.7358488364993,444.83831787109375,4076928,0.0,0.0,467.1022440592448,-1.7579750706631425,2011,2,18,4,452.7984008789063
2011-02-21,444.9605340645973,468.63733312491536,431.97909671611774,464.800048828125,5657800,0.0,0.0,467.0732920328776,4.4874126519864665,2011,2,21,0,444.83831787109375
2011-02-22,458.2892555115023,468.5151603213715,457.2074600370472,464.8616027832031,3305400,0.0,0.0,467.2060078938802,0.01324310426242814,2011,2,22,1,464.800048828125
2011-02-23,460.53426440963,467.39234333894905,458.4727296208494,459.472900390625,1879344,0.0,0.0,467.5992390950521,-1.1592057421639157,2011,2,23,2,464.8616027832031
2011-02-24,456.79903283601226,464.8613928883012,445.4913376573552,453.85986328125,5378830,0.0,0.0,467.2966328938802,-1.2216252807517147,2011,2,24,3,459.472900390625
2011-02-25,451.2065502212277,455.9827144959109,444.2463644137645,453.1455993652344,3070474,0.0,0.0,467.1291534423828,-0.157375431008977,2011,2,25,4,453.85986328125
2011-02-28,449.5326333619324,468.7394380180773,449.04278843447423,453.22705078125,3229396,0.0,0.0,467.02008361816405,0.017974667773379416,2011,2,28,0,453.1455993652344
2011-03-01,454.34980230471353,462.1059983907778,448.06319130020586,459.0443420410156,3167804,0.0,0.0,466.87059427897134,1.283526931973289,2011,3,1,1,453.22705078125
2011-03-03,457.1664924069663,471.4950327876925,451.9004340224897,469.5355529785156,3452600,0.0,0.0,466.1857889811198,2.285446083673248,2011,3,3,3,459.0443420410156
2011-03-04,474.90355971001424,474.90355971001424,462.3099605952253,463.5550537109375,2061198,0.0,0.0,465.4313618977865,-1.2737053093510364,2011,3,4,4,469.5355529785156
2011-03-07,458.8400903689305,459.2483110898993,446.7771481316501,452.4106140136719,4184588,0.0,0.0,464.0446329752604,-2.404124301536592,2011,3,7,0,463.5550537109375
2011-03-08,451.145200228432,460.7996315400056,451.145200228432,456.2683410644531,3947902,0.0,0.0,462.79396464029946,0.8527048064934872,2011,3,8,1,452.4106140136719
2011-03-09,458.2482758517718,464.555267236162,456.5949616903754,459.9423522949219,2424486,0.0,0.0,461.6990509033203,0.8052303655119886,2011,3,9,2,456.2683410644531
2011-03-10,458.02372225076704,458.02372225076704,449.0428649517324,452.5331726074219,1871324,0.0,0.0,460.63767801920574,-1.6108931153070105,2011,3,10,3,459.9423522949219
2011-03-11,449.0427474449729,450.0224870420871,434.06106844014096,439.6741027832031,5012882,0.0,0.0,458.9728169759115,-2.841575071751512,2011,3,11,4,452.5331726074219
2011-03-14,437.2045326060239,449.8593790213243,432.06095983581184,448.0428161621094,3248618,0.0,0.0,457.8325225830078,1.9033901077937232,2011,3,14,0,439.6741027832031
2011-03-15,438.8374010180964,447.185497225736,435.02054614766337,444.8790893554688,3411868,0.0,0.0,456.88409220377605,-0.7061215340401494,2011,3,15,1,448.0428161621094
2011-03-16,445.77705483205625,458.61557736686433,445.43007716412734,455.1048889160156,2677874,0.0,0.0,456.40374959309895,2.2985570248675202,2011,3,16,2,444.8790893554688
2011-03-17,451.0838631940887,456.75814076077415,446.0423476305978,448.226318359375,2056102,0.0,0.0,455.2546091715495,-1.5114253272524136,2011,3,17,3,455.1048889160156
2011-03-18,446.3894108640379,452.71683278300696,439.2863595177066,442.00103759765625,2211348,0.0,0.0,453.8809458414714,-1.3888699763335843,2011,3,18,4,448.226318359375
2011-03-21,445.5728901832355,445.5728901832355,435.3673727718008,437.1227416992188,2619090,0.0,0.0,452.819574991862,-1.1036842639446598,2011,3,21,0,442.00103759765625
2011-03-22,438.87825104590746,440.8785432919881,433.9387884438734,436.59222412109375,2657774,0.0,0.0,451.9806854248047,-0.12136581502549815,2011,3,22,1,437.1227416992188
2011-03-23,437.2044854690621,437.2044854690621,431.5914493577647,434.4898071289063,4352248,0.0,0.0,451.15404154459634,-0.48155163469065787,2011,3,23,2,436.59222412109375
2011-03-24,437.2045068159644,447.22634807666304,436.7962859879383,446.3486633300781,3094834,0.0,0.0,451.087363688151,2.7293750064091737,2011,3,24,3,434.4898071289063
2011-03-25,455.9213540087089,460.6771359142484,450.57367192321817,457.06439208984375,4146434,0.0,0.0,451.480615234375,2.4007529629009428,2011,3,25,4,446.3486633300781
2011-03-28,458.7788949537744,459.9423141630687,452.3086058205923,457.16644287109375,2248642,0.0,0.0,451.89292297363284,0.022327440731784165,2011,3,28,0,457.06439208984375
2011-03-29,457.2072043678168,470.229455244262,456.8602267236852,464.8409118652344,3159588,0.0,0.0,452.252153523763,1.6787034818092739,2011,3,29,1,457.16644287109375
2011-03-30,468.6373954701045,475.1689271142872,467.3719211803705,470.2498474121094,2294770,0.0,0.0,452.9903544108073,1.1636100456758225,2011,3,30,2,464.8409118652344
2011-03-31,470.2701712191018,489.0483204170868,470.2701712191018,483.29241943359375,7394126,0.0,0.0,454.17963053385415,2.7735409364321173,2011,3,31,3,470.2498474121094
2011-04-01,483.741640668823,489.3546765837566,478.6593117185027,481.76177978515625,1799624,0.0,0.0,455.14507649739585,-0.31671087459459457,2011,4,1,4,483.29241943359375
2011-04-04,483.74152276885104,496.3963642927619,483.3333020745313,495.2533264160156,2311616,0.0,0.0,456.82557678222656,2.8004601437822574,2011,4,4,0,481.76177978515625
2011-04-05,496.00854258647234,507.8060800263828,491.39562910541866,506.1323852539063,2891014,0.0,0.0,458.2033213297526,2.1966654755494197,2011,4,5,1,495.2533264160156
2011-04-06,505.7853874534875,509.0307217018354,495.6411142251234,498.7843933105469,2422352,0.0,0.0,459.3340810139974,-1.4517924869939414,2011,4,6,2,506.1323852539063
2011-04-07,498.0294041661484,498.0294041661484,487.88512667876495,489.5383911132813,2149016,0.0,0.0,460.3362640380859,-1.853707197191501,2011,4,7,3,498.7843933105469
2011-04-08,488.5994948750287,495.5800607228359,483.63960209339353,488.2320861816406,1983768,0.0,0.0,461.4820048014323,-0.2668442261841708,2011,4,8,4,489.5383911132813
2011-04-11,481.7617801885998,487.8238490154767,479.781919303275,481.0473937988281,2256232,0.0,0.0,462.4120646158854,-1.4715731690234546,2011,4,11,0,488.2320861816406
2011-04-13,479.6594064453248,498.60086020659946,479.3736718379696,493.9879455566406,3757530,0.0,0.0,463.77076110839846,2.690078342514446,2011,4,13,2,481.0473937988281
2011-04-15,496.76387795375257,497.9885402957382,481.7005211810021,486.354248046875,7566770,0.0,0.0,464.68109130859375,-1.5453206051746382,2011,4,15,4,493.9879455566406
2011-04-18,489.0483843600262,494.9675843376726,465.3920154164971,467.2493896484375,7765454,0.0,0.0,464.6048858642578,-3.9281775527117757,2011,4,18,0,486.354248046875
2011-04-19,467.24945439473726,477.3733487954621,465.37164893553467,475.4546813964844,3120224,0.0,0.0,465.0015401204427,1.7560839949348317,2011,4,19,1,467.2493896484375
2011-04-20,481.618790174618,499.66212474670937,481.5167350020798,497.49853515625,5338548,0.0,0.0,466.5044708251953,4.636373270112593,2011,4,20,2,475.4546813964844
2011-04-21,506.6019267930364,508.56140623302736,477.9652325684251,486.6399230957031,17333968,0.0,0.0,467.51685689290366,-2.1826420166516702,2011,4,21,3,497.49853515625
2011-04-25,488.6403269529849,491.49787272463976,478.7001598421999,488.9873046875,4191552,0.0,0.0,468.4850219726562,0.4823651904398485,2011,4,25,0,486.6399230957031
2011-04-26,489.86503273825167,490.6814744594821,481.8434828608332,485.3746032714844,3155246,0.0,0.0,469.579736328125,-0.7388129265082699,2011,4,26,1,488.9873046875
2011-04-27,487.8033618072051,487.8033618072051,480.08802955243766,481.9454040527344,1774478,0.0,0.0,470.98877970377606,-0.7065056959380978,2011,4,27,2,485.3746032714844
2011-04-28,481.7617626234758,483.1292922677074,471.7399225597076,472.9850158691406,2846194,0.0,0.0,471.8201863606771,-1.8592122900736974,2011,4,28,3,481.9454040527344
2011-04-29,478.4348438397509,478.4348438397509,469.55604021047225,475.8426513671875,1866696,0.0,0.0,472.85230509440106,0.6041704075542054,2011,4,29,4,472.9850158691406
2011-05-02,477.61822838766864,480.6798836978461,470.4743659972549,472.90325927734375,1543070,0.0,0.0,473.4455841064453,-0.6177235439905004,2011,5,2,0,475.8426513671875
2011-05-03,474.3525101697565,474.3525101697565,461.6976669552449,464.7388916015625,2120156,0.0,0.0,473.9960032145182,-1.726435061635534,2011,5,3,1,472.90325927734375
2011-05-04,467.8209444219114,467.8209444219114,455.2273451950299,464.1673889160156,2722934,0.0,0.0,474.73488159179686,-0.12297285548394932,2011,5,4,2,464.7388916015625
2011-05-05,467.4127602341998,467.4127602341998,452.3494045450415,455.1661376953125,1885596,0.0,0.0,475.336328125,-1.9392252527098086,2011,5,5,3,464.1673889160156
2011-05-06,457.2074450622479,470.8828463208062,457.1053898289751,469.0254211425781,2405348,0.0,0.0,476.4174346923828,3.044884559611738,2011,5,6,4,455.1661376953125
2011-05-09,469.4538231209794,470.2498335840541,459.0441948691664,463.5550537109375,1012232,0.0,0.0,477.3862762451172,-1.1663264260419859,2011,5,9,0,469.0254211425781
2011-05-10,462.5141989327335,473.5157303339127,460.47309478916446,465.3309326171875,1529158,0.0,0.0,478.0190185546875,0.38309989116360743,2011,5,10,1,463.5550537109375
2011-05-11,464.96332647569926,470.1477088663524,459.69727005499664,465.4736022949219,1460670,0.0,0.0,478.29932556152346,0.030659831043666763,2011,5,11,2,465.3309326171875
2011-05-12,462.8813292831551,462.8813292831551,452.4512734491556,453.8392333984375,2540458,0.0,0.0,478.18841857910155,-2.4994691082638187,2011,5,12,3,465.4736022949219
2011-05-13,453.9414374405068,466.31054510197856,453.9414374405068,460.1055603027344,2365488,0.0,0.0,478.03057352701825,1.3807371516502354,2011,5,13,4,453.8392333984375
2011-05-16,457.6153541544648,468.3923894104217,457.20713349955446,461.7383728027344,2227368,0.0,0.0,477.7468577067057,0.3548778021560173,2011,5,16,0,460.1055603027344
2011-05-17,458.0442348479477,469.1273913062781,458.0442348479477,466.0657348632813,1391414,0.0,0.0,477.1726348876953,0.9371891779927255,2011,5,17,1,461.7383728027344
2011-05-18,466.2903165843565,474.1485688008142,466.2903165843565,471.51556396484375,2225180,0.0,0.0,476.8310943603516,1.1693262760801515,2011,5,18,2,466.0657348632813
2011-05-19,475.57717325454433,477.6182770024179,471.9031865083719,475.5159301757813,2050922,0.0,0.0,476.1731811523438,0.8484059735588856,2011,5,19,3,471.51556396484375
2011-05-20,479.149239300667,483.088580606082,474.8629202270508,479.6595153808594,2050600,0.0,0.0,475.29075215657554,0.8713872537448708,2011,5,20,4,475.5159301757813
2011-05-23,475.16891713576,477.8223518104872,469.4538270671168,476.20989990234375,2017284,0.0,0.0,474.53826904296875,-0.7191800366509016,2011,5,23,0,479.6595153808594
2011-05-24,474.61790089413313,478.7613517867217,465.0247125426917,469.4130859375,1681994,0.0,0.0,473.8674255371094,-1.4272727144558628,2011,5,24,1,476.20989990234375
2011-05-25,469.0865445714453,469.413141167257,457.2073284155487,460.718017578125,1867470,0.0,0.0,472.9502899169922,-1.8523276448523807,2011,5,25,2,469.4130859375
2011-05-26,464.9634974028554,466.5963806246389,457.2073020993837,463.63677978515625,2060218,0.0,0.0,472.36993611653645,0.6335246497140234,2011,5,26,3,460.718017578125
2011-05-27,468.8618560183727,469.4129439395721,463.8611529649139,467.2289733886719,1286704,0.0,0.0,471.47797037760415,0.7747861602309003,2011,5,27,4,463.63677978515625
2011-05-30,469.8620576533888,473.5156132342007,466.3105572545172,470.2498474121094,1140868,0.0,0.0,470.941157023112,0.6465510906842997,2011,5,30,0,467.2289733886719
2011-05-31,471.4949960298008,480.7615877074283,469.4947042621346,472.3726806640625,2644154,0.0,0.0,471.1119333902995,0.4514266753377072,2011,5,31,1,470.2498474121094
2011-06-01,472.3115410550992,480.4759583594224,472.3115410550992,479.8228149414063,982386,0.0,0.0,471.2575378417969,1.577172978519914,2011,6,1,2,472.3726806640625
2011-06-02,473.08708506442326,478.4347674648095,472.1685882838808,476.6998291015625,1697654,0.0,0.0,470.564247639974,-0.6508623063755659,2011,6,2,3,479.8228149414063
2011-06-03,475.9853434566613,479.6593298126733,469.4538121570845,470.3110656738281,1367808,0.0,0.0,470.01995239257815,-1.3402067795525108,2011,6,3,4,476.6998291015625
2011-06-06,465.37178266063694,476.80196679616137,465.37178266063694,475.31195068359375,1357074,0.0,0.0,469.56410725911456,1.0633143412436485,2011,6,6,0,470.3110656738281
2011-06-07,474.7607761489545,482.9864349883704,472.719672210223,481.414794921875,1837442,0.0,0.0,469.43211364746094,1.2839660836434064,2011,6,7,1,475.31195068359375
2011-06-08,481.6614545599324,487.0456623967545,478.2089689439864,485.5660400390625,2127670,4.0,0.0,469.55280151367185,0.8623011093502386,2011,6,8,2,481.414794921875
2011-06-09,482.93549203540977,490.6624799767717,482.93549203540977,487.6004333496094,2693966,0.0,0.0,470.03998209635415,0.41897355720823537,2011,6,9,3,485.5660400390625
2011-06-10,487.6827778443159,492.1833065915303,487.0867846558902,488.77191162109375,3774550,0.0,0.0,470.47095743815106,0.24025373879117407,2011,6,10,4,487.6004333496094
2011-06-13,488.77176038786735,489.3060920229189,481.9285023883852,483.0587768554688,3229400,0.0,0.0,470.8094746907552,-1.168875426305982,2011,6,13,0,488.77191162109375
2011-06-14,484.168358634272,491.1144172772565,484.168358634272,489.5320434570313,2125782,0.0,0.0,471.6359130859375,1.3400577552282522,2011,6,14,1,483.0587768554688
2011-06-15,487.45650915911307,495.2656775183232,485.5042170693106,486.73724365234375,2812382,0.0,0.0,472.38824157714845,-0.5709125361745282,2011,6,15,2,489.5320434570313
2011-06-16,486.2235274496748,487.41546329100674,471.9409682114024,473.1329040527344,2337520,0.0,0.0,472.9871337890625,-2.7950069112291698,2011,6,16,3,486.73724365234375
2011-06-17,474.71527995284464,475.5372977536288,453.7538260328489,455.89105224609375,3788146,0.0,0.0,472.549321492513,-3.6441878505915293,2011,6,17,4,473.1329040527344
2011-06-20,458.2748754638569,459.91891089153,434.84737061951625,439.4917907714844,5310408,0.0,0.0,471.74721272786456,-3.597188712920152,2011,6,20,0,455.89105224609375
2011-06-21,441.8345914728248,456.5075899301505,436.9846661208862,454.8841247558594,3425946,0.0,0.0,471.39898579915365,3.5023029570939945,2011,6,21,1,439.4917907714844
2011-06-22,458.6858822726191,459.0558002765897,443.88956348963137,445.3280944824219,3570834,0.0,0.0,470.7274688720703,-2.1007614364573213,2011,6,22,2,454.8841247558594
2011-06-23,444.629424620491,452.5207750151781,439.82059064111866,450.8767395019531,2428236,0.0,0.0,470.62871907552085,1.2459678803736995,2011,6,23,3,445.3280944824219
2011-06-24,452.1097805599045,468.8583928851918,451.6987716684864,467.6253662109375,4151588,0.0,0.0,470.87937927246094,3.714679698820844,2011,6,24,4,450.8767395019531
2011-06-27,461.1520448581354,474.592017540552,461.1520448581354,472.9068908691406,3125218,0.0,0.0,471.2516632080078,1.1294350220985905,2011,6,27,0,467.6253662109375
2011-06-28,476.77028292386535,477.5923006530445,466.7622271055062,474.3042297363281,2133332,0.0,0.0,471.526279703776,0.2954786437176615,2011,6,28,1,472.9068908691406
2011-06-29,474.5920816656458,484.53852976657015,474.5920816656458,480.8188781738281,2958704,0.0,0.0,471.8363901774089,1.3735168335145431,2011,6,29,2,474.3042297363281
2011-06-30,480.7983983488608,489.9227790304594,479.6475529601897,486.7168884277344,5172916,0.0,0.0,472.209755452474,1.2266594598588032,2011,6,30,3,480.8188781738281
2011-07-01,492.3885830616308,492.3885830616308,484.8671013317149,489.8814392089844,1920840,0.0,0.0,472.5504862467448,0.6501830646297391,2011,7,1,4,486.7168884277344
2011-07-04,490.3336371106943,493.21069952458777,484.990521199178,487.333251953125,1603734,0.0,0.0,472.9212646484375,-0.5201640747961256,2011,7,4,0,489.8814392089844
2011-07-05,489.0184787060596,489.5116693872752,482.2779217548255,484.7644958496094,2061136,0.0,0.0,473.4329783121745,-0.5271046236267729,2011,7,5,1,487.333251953125
2011-07-06,484.2711860175832,490.2924758102287,481.5790579340108,486.1412963867188,1490178,0.0,0.0,474.2804209391276,0.28401430981375153,2011,7,6,2,484.7644958496094
2011-07-07,486.2645489527976,493.2106083886668,486.2645489527976,491.5254821777344,2602634,0.0,0.0,475.2100443522135,1.1075351612862105,2011,7,7,3,486.1412963867188
2011-07-08,491.5667128595625,495.2657934747265,480.57222325338086,481.55865478515625,3412060,0.0,0.0,475.687700398763,-2.0277336077103247,2011,7,8,4,491.5254821777344
2011-07-11,480.8804528880792,484.0863426427953,471.2628337959198,475.39349365234375,1822504,0.0,0.0,475.8591552734375,-1.2802513404235327,2011,7,11,0,481.55865478515625
2011-07-12,466.7826565617406,472.1669117771194,457.0828592803996,470.7489013671875,4079404,0.0,0.0,475.805029296875,-0.9769995482001415,2011,7,12,1,475.39349365234375
2011-07-13,472.660274844901,480.0584356685603,464.8511050865939,472.2698364257813,3952600,0.0,0.0,475.5532633463542,0.3230883925966932,2011,7,13,2,470.7489013671875
2011-07-14,472.6602940138072,476.1949609607296,459.9601073837336,461.8507385253906,6937844,0.0,0.0,475.05829366048175,-2.206174753662904,2011,7,14,3,472.2698364257813
2011-07-15,480.0583990400111,484.1273972169562,469.0022495071754,471.0367736816406,7279700,0.0,0.0,475.0824839274089,1.988961885300733,2011,7,15,4,461.8507385253906
2011-07-18,471.83830613004415,473.4823420399049,461.2753954779864,462.4056701660156,3125208,0.0,0.0,474.6522745768229,-1.8323629911448314,2011,7,18,0,471.0367736816406
2011-07-19,460.9874749671416,471.8997790291471,460.4326231035764,468.5706176757813,2195292,0.0,0.0,474.22413533528646,1.3332335452444388,2011,7,19,1,462.4056701660156
2011-07-20,472.6602789362544,473.40011509382,462.3850554811184,465.4470520019531,2807746,0.0,0.0,473.5535024007161,-0.6666157791373695,2011,7,20,2,468.5706176757813
2011-07-21,465.2622503651072,465.4677548926536,460.3507122255492,461.3782348632813,1850624,0.0,0.0,472.67942911783854,-0.8741740056513958,2011,7,21,3,465.4470520019531
2011-07-22,463.10439605111054,469.0845971383641,463.0016437999344,465.8376159667969,2090442,0.0,0.0,471.9149525960286,0.9665347791789625,2011,7,22,4,461.3782348632813
2011-07-25,466.4952315850154,470.1943127165265,461.6247847962589,468.5091857910156,4740714,0.0,0.0,471.4299662272135,0.5734980887436958,2011,7,25,0,465.8376159667969
2011-07-26,468.4679207655308,473.4616382989989,463.3097394809604,470.4613037109375,3968722,0.0,0.0,470.7942749023438,0.4166658795869749,2011,7,26,1,468.5091857910156
2011-07-27,472.2286775527841,474.5714584949537,467.7898113294931,471.4888916015625,2024290,0.0,0.0,470.28599650065104,0.218421341461994,2011,7,27,2,470.4613037109375
2011-07-28,469.7786967077815,471.7979309911802,461.660611280825,465.472412109375,4093814,1.5,0.0,470.0306467692057,-1.2760596483515463,2011,7,28,3,471.4888916015625
2011-07-29,466.89410360129966,470.6028828885121,462.21693089424497,468.5424499511719,1719138,0.0,0.0,470.4523600260417,0.6595531253687836,2011,7,29,4,465.472412109375
2011-08-01,470.76765674508187,473.8583056860245,463.6385397332285,467.82122802734375,1982346,0.0,0.0,471.39667460123695,-0.15392883268171564,2011,8,1,0,468.5424499511719
2011-08-02,465.8638971646845,467.3062002518817,462.4641827448627,465.92572021484375,2025292,0.0,0.0,471.7647277832031,-0.4051778112961535,2011,8,2,1,467.82122802734375
2011-08-03,461.5369481068959,463.8858213820972,451.379004322229,457.560302734375,3064246,0.0,0.0,472.17246805826824,-1.7954401565578704,2011,8,3,2,465.92572021484375
2011-08-04,457.4368046382662,461.33100334814753,449.62773246109856,451.5851440429688,3049294,0.0,0.0,472.1960815429687,-1.3058734893955481,2011,8,4,3,457.560302734375
2011-08-05,442.230757174728,442.58102073378114,423.6250366055186,435.9670104980469,5269388,0.0,0.0,471.14080301920575,-3.4585135828639757,2011,8,5,4,451.5851440429688
2011-08-08,416.70188941913386,425.829590644542,410.6854112029996,414.2911682128906,6549306,0.0,0.0,469.18694559733075,-4.971899653690281,2011,8,8,0,435.9670104980469
2011-08-09,397.6635380665988,405.9876917694346,390.5344454715098,397.58111572265625,8159270,0.0,0.0,466.62950846354164,-4.033407847508741,2011,8,9,1,414.2911682128906
2011-08-10,411.6744933455521,417.03161888458334,401.2899065010763,405.5137939453125,5949080,0.0,0.0,464.1193389892578,1.9952351630780019,2011,8,10,2,397.58111572265625
2011-08-11,403.8448393771251,405.2459437785285,396.8393676736444,403.1648864746094,2900464,0.0,0.0,461.334272257487,-0.5792423108102462,2011,8,11,3,405.5137939453125
2011-08-12,408.1923421317292,408.7486740858144,386.3311548780502,390.3078002929688,4169084,0.0,0.0,458.01515096028646,-3.1890391780064586,2011,8,12,4,403.1648864746094
2011-08-16,398.4876973032315,403.1648696255564,393.9753445112749,401.20745849609375,2983568,0.0,0.0,455.1442911783854,2.7925801623599478,2011,8,16,1,390.3078002929688
2011-08-17,401.5783704907754,415.96020213191184,399.7239808887143,412.0453796386719,4557892,0.0,0.0,452.72032063802084,2.7013259382573596,2011,8,17,2,401.20745849609375
2011-08-18,414.5180206202653,415.9191003059194,394.7790576757665,396.5716247558594,3619896,0.0,0.0,449.7346649169922,-3.755352115920252,2011,8,18,3,412.0453796386719
2011-08-19,388.5976421881933,390.2253891980204,372.93835225908265,382.8078308105469,5443614,0.0,0.0,446.1107432047526,-3.4706956035459924,2011,8,19,4,396.5716247558594
2011-08-22,382.8283926469007,383.2404791836573,371.702056154472,378.3160400390625,3528922,0.0,0.0,442.66932271321616,-1.1733800643454861,2011,8,22,0,382.8078308105469
2011-08-23,379.4699209231162,407.1415451072573,379.2638776310579,404.5041809082031,4874670,0.0,0.0,440.3063456217448,6.922291972192518,2011,8,23,1,378.3160400390625
2011-08-24,403.0206733929195,403.0206733929195,393.542682096358,396.6745300292969,3194790,0.0,0.0,437.8371999104818,-1.9356167991457895,2011,8,24,2,404.5041809082031
2011-08-25,399.6003295332836,400.9602101076117,386.5371809670502,391.6470642089844,4445488,0.0,0.0,435.1497741699219,-1.2674032335630914,2011,8,25,3,396.6745300292969
2011-08-26,391.93561196922025,399.5180165682019,387.3614601073851,390.8435974121094,3584910,0.0,0.0,432.7828694661458,-0.20515072633003895,2011,8,26,4,391.6470642089844
2011-08-29,397.292734331042,421.9767350452789,397.292734331042,420.1635437011719,5590444,0.0,0.0,431.08709513346355,7.50170822374947,2011,8,29,0,390.8435974121094
2011-08-30,424.4491981289891,432.8145762329473,422.0385015789645,429.55908203125,5966682,0.0,0.0,429.99220886230466,2.2361621970611534,2011,8,30,1,420.1635437011719
2011-09-02,442.1689126342717,442.89006416932295,417.0316305553429,421.1936950683594,4413506,0.0,0.0,428.41297810872396,-1.9474357108999585,2011,9,2,4,429.55908203125
2011-09-05,418.5975277404847,425.7678188811748,411.447835897693,423.5013427734375,3789658,0.0,0.0,427.01478780110676,0.5478827750979409,2011,9,5,0,421.1936950683594
2011-09-06,419.5041185594452,429.3941960107484,414.1469932733226,426.0563049316406,4763292,0.0,0.0,425.83739013671874,0.6032949367931417,2011,9,6,1,423.5013427734375
2011-09-07,426.1386336084748,432.690818927221,422.388656571811,424.8611755371094,4432156,0.0,0.0,424.4715087890625,-0.28050973091995335,2011,9,7,2,426.0563049316406
2011-09-08,425.6854680133498,434.7307489789546,424.0371215738015,426.9423522949219,4892662,0.0,0.0,423.08594767252606,0.48984865590071536,2011,9,8,3,424.8611755371094
2011-09-09,428.569977598917,433.3501711345066,416.4752483879613,418.7005004882813,5062650,0.0,0.0,421.36058756510414,-1.9304366883113322,2011,9,9,4,426.9423522949219
2011-09-12,412.0864964192234,413.673019369732,403.2884597813785,406.1936645507813,3297170,0.0,0.0,419.18407999674486,-2.987060183332657,2011,9,12,0,418.7005004882813
2011-09-13,411.1800543004237,421.9767295597484,407.4506751486341,409.5111083984375,3798204,0.0,0.0,417.3187032063803,0.8167148178751304,2011,9,13,1,406.1936645507813
2011-09-14,412.4986712482017,424.0370956187808,409.5110435093911,418.30908203125,4745632,0.0,0.0,415.64425760904953,2.148409030275289,2011,9,14,2,409.5111083984375
2011-09-15,423.6250383172472,430.9602001527173,416.2074792805639,429.2912292480469,3852238,0.0,0.0,414.3599243164063,2.625366669896123,2011,9,15,3,418.30908203125
2011-09-16,431.8667568242976,441.9216799255713,420.8640395733246,423.5220031738281,4656504,0.0,0.0,412.9464670817058,-1.3438956310205086,2011,9,16,4,429.2912292480469
2011-09-19,420.94642290694014,425.4793750870443,417.23764385049134,419.5247192382813,2240234,0.0,0.0,411.6786142985027,-0.943819661219869,2011,9,19,0,423.5220031738281
2011-09-20,421.1937155370549,438.46015461894143,421.1937155370549,435.9670104980469,3487986,0.0,0.0,411.15800984700525,3.9192663759168633,2011,9,20,1,419.5247192382813
2011-09-21,440.0878879250696,440.0878879250696,427.2926284917231,430.0123901367188,2740760,0.0,0.0,410.95952250162765,-1.365841960043157,2011,9,21,2,435.9670104980469
2011-09-22,421.5645347327717,426.0974867191456,406.3997549359833,409.7788696289063,3141570,0.0,0.0,410.8091125488282,-4.705334304757924,2011,9,22,3,430.0123901367188
2011-09-23,407.1415613178984,418.2678995320514,404.7720633648843,408.08935546875,4564232,0.0,0.0,411.15938720703133,-0.41229899474473086,2011,9,23,4,409.7788696289063
2011-09-26,410.43822464133007,415.3832634924304,399.3118872263543,410.8297119140625,3388478,0.0,0.0,411.3365844726563,0.671508925334452,2011,9,26,0,408.08935546875
2011-09-27,417.7734106834746,430.6305182688411,414.5591400750758,428.7967529296875,3964578,0.0,0.0,412.1909800211589,4.373354821859454,2011,9,27,1,410.8297119140625
2011-09-28,432.07277288958096,438.7485552677477,427.33377728802617,431.8255310058594,4425190,0.0,0.0,413.57490437825527,0.7063435195062029,2011,9,28,2,428.7967529296875
2011-09-29,429.9092557709837,440.10839699344416,426.7979824685789,437.4092102050781,5380350,0.0,0.0,414.7816294352214,1.2930405449192772,2011,9,29,3,431.8255310058594
2011-09-30,432.6496161418378,438.4600255932231,425.72654298474464,427.4573364257813,2691018,0.0,0.0,415.29536132812507,-2.2751861522602446,2011,9,30,4,437.4092102050781
2011-10-03,420.32844377382935,432.6498464510474,418.3916312084377,429.9300842285156,3949264,0.0,0.0,416.40730997721363,0.5784782695298585,2011,10,3,0,427.4573364257813
2011-10-04,427.91065801898833,436.3996303811833,424.0782332115089,431.0218811035156,4718224,0.0,0.0,418.01444498697924,0.25394754055398927,2011,10,4,1,429.9300842285156
2011-10-05,434.5453176290322,438.04805371233874,428.9821485555453,430.0329895019531,3415262,0.0,0.0,419.7383433024089,-0.22942955912834684,2011,10,5,2,431.0218811035156
2011-10-07,443.0342518048108,444.1469157019696,427.5398071672168,432.0933837890625,5085808,0.0,0.0,420.6579833984376,0.4791247037804425,2011,10,7,4,430.0329895019531
2011-10-10,431.86670980651047,442.5809602406415,431.86670980651047,438.74853515625,3854814,0.0,0.0,422.0604502360027,1.5402113563572684,2011,10,10,0,432.0933837890625
2011-10-11,442.99308576071496,444.2293455349309,426.30357880879967,428.9203186035156,4476374,0.0,0.0,423.3028920491537,-2.240056835570814,2011,10,11,1,438.74853515625
2011-10-12,439.2843887457071,448.9272268520543,437.6360420712392,444.6621398925781,5871662,0.0,0.0,425.09684346516934,3.670103887900411,2011,10,12,2,428.9203186035156
2011-10-13,451.8529112638475,455.3350225607458,445.09468164570586,450.3075866699219,5408918,0.0,0.0,426.101644897461,1.2696036542952704,2011,10,13,3,444.6621398925781
2011-10-14,448.9271955040516,470.0878343992042,448.72115218413086,467.4092712402344,6710132,0.0,0.0,427.3633178710938,3.797778468886448,2011,10,14,4,450.3075866699219
2011-10-17,474.5177209262895,475.5479374285177,457.9518596918768,461.6400146484375,4358690,0.0,0.0,428.7115285237631,-1.234305125460733,2011,10,17,0,467.4092712402344
2011-10-18,437.63592122068655,438.5631159690354,420.5343291955844,425.9120788574219,12006778,0.0,0.0,428.7918863932292,-7.739349852118926,2011,10,18,1,461.6400146484375
2011-10-19,429.8063444795402,434.50414200627625,426.5920487234728,432.25823974609375,3827420,0.0,0.0,428.998617553711,1.490016649843895,2011,10,19,2,425.9120788574219
2011-10-20,426.92162289374977,431.45457448818144,424.5727499162285,430.5892028808594,2245412,0.0,0.0,429.1895517985027,-0.38612031229636745,2011,10,20,3,432.25823974609375
2011-10-21,434.7101773866295,436.8118090487027,429.80633663943104,432.6291198730469,2461130,0.0,0.0,429.3791107177735,0.47375014945554295,2011,10,21,4,430.5892028808594
2011-10-24,436.81176028612674,450.12217649927874,436.6057170029729,444.9504699707031,3271720,0.0,0.0,430.2541097005208,2.848016818949195,2011,10,24,0,432.6291198730469
2011-10-25,450.0126105524347,457.4508355202435,442.76032103134446,454.0003356933594,4158746,1.5,0.0,431.84766540527346,2.0339040709974165,2011,10,25,1,444.9504699707031
2011-10-28,466.54204021561,470.7157011686579,459.10381459658345,463.4427795410156,3259116,0.0,0.0,433.6453877766927,2.0798319087662165,2011,10,28,4,454.0003356933594
2011-10-31,462.8227845026942,467.78160005093736,459.5169074705321,461.0872192382813,1778740,0.0,0.0,435.0713256835937,-0.5082742480241542,2011,10,31,0,463.4427795410156
2011-11-01,457.8639913431336,464.06251108153344,453.0084842147204,458.0499267578125,1458210,0.0,0.0,436.0299489339193,-0.6587240664545968,2011,11,1,1,461.0872192382813
2011-11-02,455.07484164965047,463.5874687804175,454.55829812904926,457.3889465332031,1550844,0.0,0.0,437.1588470458984,-0.14430309579742673,2011,11,2,2,458.0499267578125
2011-11-03,453.64887713536416,458.4423874881607,449.18592413302457,456.6241455078125,1891268,0.0,0.0,438.39549458821614,-0.16721021161255623,2011,11,3,3,457.3889465332031
2011-11-04,463.2360800114368,464.8890187447514,449.26872753745295,454.47552490234375,2716008,0.0,0.0,439.0124450683594,-0.47054467587982485,2011,11,4,4,456.6241455078125
2011-11-08,452.90527034501525,460.67410355395816,452.90527034501525,456.7276916503906,1692104,0.0,0.0,439.9029551188151,0.4955529230162181,2011,11,8,1,454.47552490234375
2011-11-09,458.6905312806344,473.5669809437901,457.1615830205085,464.0419006347656,3921980,0.0,0.0,441.7117228190104,1.6014376001474817,2011,11,9,2,456.7276916503906
2011-11-11,458.6906898559247,471.5009703834325,457.554294002678,467.3686218261719,3629590,0.0,0.0,443.6876983642578,0.716901035629669,2011,11,11,4,464.0419006347656
2011-11-14,471.0875492070245,477.6993042836143,464.68241147657807,466.2940368652344,2329150,0.0,0.0,445.53650919596356,-0.2299223590875088,2011,11,14,0,467.3686218261719
2011-11-15,464.9096648583116,470.65358615934815,462.8228096907151,464.64105224609375,1468478,0.0,0.0,446.7313191731771,-0.35449405063233685,2011,11,15,1,466.2940368652344
2011-11-16,465.30223522241766,468.1122511365812,456.7069339680109,461.6864318847656,1871602,0.0,0.0,447.7266825358073,-0.6358930936139595,2011,11,16,2,464.64105224609375
2011-11-17,460.75673028684633,464.2692255401541,457.6987831540515,460.8187255859375,1391988,0.0,0.0,448.5069997151693,-0.1879427765043573,2011,11,17,3,461.6864318847656
2011-11-18,456.9342054369485,458.6078259146877,444.7644654063108,449.020751953125,2789442,0.0,0.0,449.2257802327474,-2.5602200990880286,2011,11,18,4,460.8187255859375
2011-11-21,448.35962576845856,449.7233203837542,438.07007219434377,441.0040283203125,2871704,0.0,0.0,449.59491170247395,-1.7853793166444532,2011,11,21,0,449.020751953125
2011-11-22,441.7066138123994,452.4920301968459,436.7891104274577,447.0579833984375,3723582,0.0,0.0,450.12944844563805,1.3727663897273645,2011,11,22,1,441.0040283203125
2011-11-23,447.0993629052393,447.0993629052393,430.1774183549248,438.9793395996094,2355750,0.0,0.0,450.4276601155599,-1.8070684561801165,2011,11,23,2,447.0579833984375
2011-11-24,438.8552631667216,453.0705473166039,431.8302730783654,451.169677734375,3766844,0.0,0.0,451.06353658040365,2.776973090780155,2011,11,24,3,438.9793395996094
2011-11-25,448.3596535367173,449.5580442662445,436.83039521417805,439.6404113769531,2140604,0.0,0.0,451.0932657877604,-2.5554169365543444,2011,11,25,4,451.169677734375
2011-11-28,445.44638343598245,452.9052909321888,443.814126333185,449.8060302734375,1504486,0.0,0.0,451.7894561767578,2.312257616320035,2011,11,28,0,439.6404113769531
2011-11-29,451.6653771294753,456.9961130782008,448.8553619250344,451.7893676757813,2554696,0.0,0.0,452.0270304361979,0.44093170585954855,2011,11,29,1,449.8060302734375
2011-11-30,446.7687835866308,464.0419667803501,446.7687835866308,460.9840698242188,3481698,0.0,0.0,452.38291320800784,2.0351745318265113,2011,11,30,2,451.7893676757813
2011-12-01,471.0875821107836,474.6207591540911,465.3849227814396,468.9387817382813,2481448,0.0,0.0,452.43389689127605,1.7255936668474803,2011,12,1,3,460.9840698242188
2011-12-02,468.9595850898848,489.6833240398932,466.7901020086954,486.7906799316406,3968866,0.0,0.0,453.2722524007161,3.806871789785693,2011,12,2,4,468.9387817382813
2011-12-05,484.5176476860132,489.2285329846611,480.4059829215036,488.0094604492188,1530476,0.0,0.0,455.3421651204427,0.2503705530576994,2011,12,5,0,486.7906799316406
2011-12-07,487.61702677691954,492.9477653787288,484.972314170068,487.43109130859375,2637422,0.0,0.0,457.18126017252604,-0.11851596895122718,2011,12,7,2,488.0094604492188
2011-12-08,483.4845487653597,491.33600724958353,482.3068400814629,486.6251220703125,3326444,0.0,0.0,459.0491241455078,-0.1653503957077307,2011,12,8,3,487.43109130859375
2011-12-09,479.7655238783124,488.7740612138836,479.7655238783124,484.4764099121094,2763230,0.0,0.0,460.7773671468099,-0.4415538904077865,2011,12,9,4,486.6251220703125
2011-12-12,485.9640965281604,491.74938339159087,477.32747962187096,487.76165771484375,3172170,0.0,0.0,462.20440673828125,0.6781027384450633,2011,12,12,0,484.4764099121094
2011-12-13,485.5508549945059,494.6007065508026,482.1003547520079,487.0798034667969,3274558,0.0,0.0,463.3070556640625,-0.13979250670119736,2011,12,13,1,487.76165771484375
2011-12-14,487.82345463540986,491.335948802628,483.4844912523757,488.6292419433594,3346176,0.0,0.0,464.1466044108073,0.31810772393647824,2011,12,14,2,487.0798034667969
2011-12-15,487.4930079869564,491.7080326477456,477.1208259870903,488.6500854492188,3669372,0.0,0.0,465.06536661783855,0.004265709881901003,2011,12,15,3,488.6292419433594
2011-12-16,486.1912979422671,488.67070609881694,467.9056627877117,473.6909484863281,3550896,0.0,0.0,465.58673400878905,-3.061318806306701,2011,12,16,4,488.6500854492188
2011-12-19,470.6743651335216,478.2778943780608,460.5088006987444,472.5959167480469,3667724,0.0,0.0,466.0936330159505,-0.23117007867269335,2011,12,19,0,473.6909484863281
2011-12-20,473.2982624671301,475.6743615348354,466.2319605458208,468.3394470214844,1809396,0.0,0.0,466.48414306640626,-0.9006573217668623,2011,12,20,1,472.5959167480469
2011-12-21,475.2198809111184,481.8316357759688,463.83524532572966,478.8150024414063,3116976,0.0,0.0,467.295458984375,2.2367442005032157,2011,12,21,2,468.3394470214844
2011-12-22,476.0462317612616,480.9430514002793,468.7113180340372,475.9222412109375,2086268,0.0,0.0,467.9352773030599,-0.6041500821233781,2011,12,22,3,478.8150024414063
2011-12-23,475.6332176716752,480.1788001168432,470.71571384679936,478.1746215820313,1578590,0.0,0.0,468.4063680013021,0.4732664658333441,2011,12,23,4,475.9222412109375
2011-12-26,478.1744610561001,491.8318352789136,476.6661445714509,491.0880432128906,2229352,0.0,0.0,469.1970153808594,2.7005660794241937,2011,12,26,0,478.1746215820313
2011-12-27,489.8485171918877,491.74938708684505,483.4846915055536,487.3897399902344,983902,0.0,0.0,469.90020548502605,-0.753083540470767,2011,12,27,1,491.0880432128906
2011-12-28,487.0795675266921,489.0837955463164,481.7901952964056,483.1538391113281,1197910,0.0,0.0,470.5172983805339,-0.8690993123882995,2011,12,28,2,487.3897399902344
2011-12-29,480.79851503191713,486.8317308301303,479.1455764327529,481.7076110839844,1585728,0.0,0.0,471.18467102050784,-0.29933075353469896,2011,12,29,3,483.1538391113281
2011-12-30,486.79049231466615,488.65004852469673,477.9059459778535,479.6208801269531,1545410,0.0,0.0,471.81140950520836,-0.43319451655237096,2011,12,30,4,481.7076110839844
2012-01-02,479.76547072420135,490.075655968405,476.45959323428434,487.0383911132813,2248542,0.0,0.0,473.0786641438802,1.5465362943257954,2012,1,2,0,479.6208801269531
2012-01-03,488.9599844109603,499.97269983209,487.6169715655467,494.889892578125,2708884,0.0,0.0,474.87485961914064,1.6120908758130215,2012,1,3,1,487.0383911132813
2012-01-04,497.9065952903836,497.9479086795426,483.19544724718,484.7243957519531,2386770,0.0,0.0,476.1304066975911,-2.054092633255211,2012,1,4,2,494.889892578125
2012-01-05,484.6416430710322,489.6830858875053,482.38948384441,484.31103515625,2547312,0.0,0.0,477.64146321614584,-0.08527744824188277,2012,1,5,3,484.7243957519531
2012-01-06,481.8316253337126,491.0674101216552,478.0298865462896,483.2366333007813,2119728,0.0,0.0,478.710361735026,-0.22184129154151355,2012,1,6,4,484.31103515625
2012-01-09,483.89782789664406,487.4929495660524,481.5217284001405,484.0424499511719,1509028,0.0,0.0,480.1904296875,0.16675404860893028,2012,1,9,0,483.2366333007813
2012-01-10,485.5508756612185,489.8898409330847,478.7325016625716,481.5838317871094,3591790,0.0,0.0,481.24968973795575,-0.5079344103622541,2012,1,10,1,484.0424499511719
2012-01-11,484.0630912432707,485.550725931857,468.2568654842124,469.8478088378906,5675380,0.0,0.0,481.8516377766927,-2.4369636550437224,2012,1,11,2,481.5838317871094
2012-01-12,454.9714376756827,460.756723894992,441.6033042505172,450.21923828125,9528684,0.0,0.0,481.49281005859376,-4.177644374928436,2012,1,12,3,469.8478088378906
2012-01-13,453.3804411242669,455.94247597337954,443.4008134722902,448.6695556640625,4019828,0.0,0.0,480.8171691894531,-0.3442062189753514,2012,1,13,4,450.21923828125
2012-01-16,447.9464843717764,460.3435272971945,445.8389971631946,458.4426574707031,3047202,0.0,0.0,479.8722351074219,2.1782404630008356,2012,1,16,0,448.6695556640625
2012-01-17,462.7815844176697,464.7650808563196,452.078794817261,456.1904602050781,3704218,0.0,0.0,478.8116017659505,-0.491271313636199,2012,1,17,1,458.4426574707031
2012-01-18,446.2934887176135,453.0292346970314,431.9542643964775,444.7025451660156,11665532,0.0,0.0,477.38731689453124,-2.5182278107916067,2012,1,18,2,456.1904602050781
2012-01-19,449.1861993817662,449.9713555411823,440.2603383512361,444.4546813964844,4163292,0.0,0.0,475.98163553873695,-0.05573698019621931,2012,1,19,3,444.7025451660156
2012-01-20,446.27278846252455,450.8183701052303,443.4008275111995,446.08685302734375,2572694,0.0,0.0,474.7019836425781,0.36723015847894835,2012,1,20,4,444.4546813964844
2012-01-23,448.7729165302716,451.0250256300413,443.8760950712351,445.3430480957031,2130496,0.0,0.0,473.28802998860675,-0.16673993564096934,2012,1,23,0,446.08685302734375
2012-01-24,449.5993972168371,452.4920403974601,445.4670498159471,449.8886413574219,2641310,0.0,0.0,472.04832458496094,1.0206947837528402,2012,1,24,1,445.3430480957031
2012-01-25,453.70088595165134,459.9372225588965,452.1055463815688,454.9854431152344,5845238,1.5,0.0,470.92686462402344,1.1329029651502731,2012,1,25,2,449.8886413574219
2012-01-27,457.8861511987388,464.3297276773475,455.855695705766,459.4400634765625,5209718,0.0,0.0,469.9531972249349,0.9790687655472752,2012,1,27,4,454.9854431152344
2012-01-30,456.850001526222,463.6664733792627,456.1248427936407,460.6829833984375,2595558,0.0,0.0,469.51959838867185,0.27052928568525036,2012,1,30,0,459.4400634765625
2012-01-31,461.2010454830482,470.69027746988826,461.2010454830482,469.2399597167969,3538120,0.0,0.0,469.40773315429686,1.8574543941768606,2012,1,31,1,460.6829833984375
2012-02-01,467.996850504834,470.3173488937749,459.2327770145605,467.7067565917969,2288804,0.0,0.0,469.3866434733073,-0.326741807310138,2012,2,1,2,469.2399597167969
2012-02-02,470.7317056157448,477.63108448104,468.3697797908652,475.7042236328125,3386140,0.0,0.0,469.28295084635414,1.7099319024795667,2012,2,2,3,467.7067565917969
2012-02-03,474.46117246261406,487.3068461275407,472.8036661832687,485.462890625,2777558,0.0,0.0,469.60097249348956,2.051414830346343,2012,2,3,4,475.7042236328125
2012-02-06,490.4973468194376,497.2724417349098,486.208561000428,494.7032775878906,3427196,0.0,0.0,470.1519276936849,1.9034177774112093,2012,2,6,0,485.462890625
2012-02-07,501.2712193643037,501.2712193643037,493.89534819737474,496.4230346679688,3407656,0.0,0.0,470.3297607421875,0.3476340582305282,2012,2,7,1,494.7032775878906
2012-02-08,504.0476244134685,508.377838946272,501.80998102062654,505.3943481445313,3627184,0.0,0.0,470.92991434733074,1.8071912159682402,2012,2,8,2,496.4230346679688
2012-02-09,501.8513172713816,510.5117953447353,492.2792312252805,509.1029052734375,3038062,0.0,0.0,471.794883219401,0.7337947372228371,2012,2,9,3,505.3943481445313
2012-02-10,508.8543975547142,512.9981630071142,502.22437283087424,511.092041015625,2324302,0.0,0.0,472.7743642171224,0.39071388546076946,2012,2,10,4,509.1029052734375
2012-02-13,506.4510491194797,512.9774804255712,503.0531813076353,507.9013671875,1631770,0.0,0.0,473.7170471191406,-0.6242855634739697,2012,2,13,0,511.092041015625
2012-02-14,507.6113729007908,509.4968068047991,503.4676065913966,505.53948974609375,1826646,0.0,0.0,474.33375040690106,-0.4650267933880792,2012,2,14,1,507.9013671875
2012-02-15,508.5022081122869,517.4734707950972,505.332217296762,514.4899291992188,2167166,0.0,0.0,474.9870849609375,1.7704728581382057,2012,2,15,2,505.53948974609375
2012-02-16,512.9979133432762,514.6554187175678,504.71038647181774,507.7560424804688,1886660,0.0,0.0,475.7548065185547,-1.3088471389966605,2012,2,16,3,514.4899291992188
2012-02-17,511.6928478486783,519.6281685131613,505.9537430259728,509.1651611328125,4096568,0.0,0.0,476.5832773844401,0.2775188347261981,2012,2,17,4,507.7560424804688
2012-02-21,507.0104695596214,513.8269438639404,499.220169854905,512.6045532226562,2489504,0.0,0.0,477.5622080485026,0.6754963521446777,2012,2,21,1,509.1651611328125
2012-02-22,511.7551554202154,524.9530414170667,509.2688955558257,518.944580078125,3141826,0.0,0.0,478.7256123860677,1.2368260905234019,2012,2,22,2,512.6045532226562
2012-02-23,517.5769471137124,528.2885686850708,515.4843257190065,522.031494140625,4086880,0.0,0.0,480.07386779785156,0.5948446483505565,2012,2,23,3,518.944580078125
2012-02-24,521.7001580185778,530.7542769350874,520.9749989426981,526.25830078125,2346400,0.0,0.0,481.9542175292969,0.8096842217504951,2012,2,24,4,522.031494140625
2012-02-27,529.9875561018384,530.3811935529707,516.1473705561382,518.8201293945312,1861370,0.0,0.0,484.2409138997396,-1.413406947819451,2012,2,27,0,526.25830078125
2012-02-28,520.1460009844845,522.2800496631916,505.16628329122335,508.25341796875,3973490,0.0,0.0,486.22704264322914,-2.0366810821532133,2012,2,28,1,518.8201293945312
2012-02-29,513.8268982061722,513.8268982061722,502.327949476155,506.3473815917969,3060216,0.0,0.0,487.82386678059896,-0.37501693241348555,2012,2,29,2,508.25341796875
2012-03-01,506.7826700989684,508.4194377209173,501.4165124272317,505.373779296875,1568594,0.0,0.0,489.46331075032555,-0.19227951606289873,2012,3,1,3,506.3473815917969
2012-03-02,508.0256974930685,508.440074081562,500.1525423116914,504.39990234375,2309232,0.0,0.0,491.45322265625,-0.192704289977208,2012,3,2,4,505.373779296875
2012-03-05,503.0531275802052,506.5545891657997,497.6662324743216,500.2768249511719,1540878,0.0,0.0,493.3139607747396,-0.8174223217371379,2012,3,5,0,504.39990234375
2012-03-06,498.4948207455348,506.0779292743882,492.6935510111728,498.0804443359375,1717722,0.0,0.0,495.047080485026,-0.439033052440263,2012,3,6,1,500.2768249511719
2012-03-07,495.1798599177002,499.73800088765387,491.6783991330972,494.2889404296875,1945666,0.0,0.0,496.67861022949216,-0.7612232018675225,2012,3,7,2,498.0804443359375
2012-03-09,508.44005790347535,508.44005790347535,498.4742810340758,500.7948303222656,2225758,0.0,0.0,498.375483194987,1.316211907740139,2012,3,9,4,494.2889404296875
2012-03-12,503.840322220016,505.06271248165535,490.2901823169418,492.7143249511719,2240278,0.0,0.0,499.63311258951825,-1.6135360993830283,2012,3,12,0,500.7948303222656
2012-03-13,493.10800117358826,503.4466739061445,493.10800117358826,496.0086364746094,2492464,0.0,0.0,500.85206502278646,0.66860477899926,2012,3,13,1,492.7143249511719
2012-03-14,501.437107572461,503.0531864098336,476.9474609206906,478.4185180664063,8065314,0.0,0.0,501.44324951171876,-3.54633309073511,2012,3,14,2,496.0086364746094
2012-03-15,480.262472215025,485.21425227771135,474.461199901815,482.21002197265625,4284236,0.0,0.0,501.8755849202474,0.7925077652875645,2012,3,15,3,478.4185180664063
2012-03-16,484.7998654409925,488.9643703539335,479.848085482928,484.6341552734375,2054724,0.0,0.0,502.43983154296876,0.5027131727508349,2012,3,16,4,482.21002197265625
2012-03-19,484.6341376085691,484.6341376085691,460.7038906944349,464.9305114746094,5132864,0.0,0.0,502.08070780436196,-4.065673783910473,2012,3,19,0,484.6341552734375
2012-03-20,467.83106508003766,474.4610890315705,464.1016766073004,470.2551574707031,3683204,0.0,0.0,501.5737833658854,1.1452563049058062,2012,3,20,1,464.9305114746094
2012-03-21,471.1255341315812,488.8816148852531,470.95982393026094,487.203369140625,4553242,0.0,0.0,501.32378641764325,3.604045888848706,2012,3,21,2,470.2551574707031
2012-03-22,486.76826438382415,492.9839145662162,480.6769474383162,483.8883666992188,3421694,0.0,0.0,500.9059641520182,-0.6804145150419383,2012,3,22,3,487.203369140625
2012-03-23,486.8923398136956,493.89531209443726,482.6657201608788,490.8910827636719,3158436,0.0,0.0,500.4225219726562,1.4471759493250858,2012,3,23,4,483.8883666992188
2012-03-26,487.7210988335538,491.0361105503494,478.1904401477664,481.3396911621094,3053384,0.0,0.0,499.49708150227866,-1.9457252203052944,2012,3,26,0,490.8910827636719
2012-03-27,486.0637203913898,488.8193347199429,477.3410732918,486.7888793945313,1588246,0.0,0.0,498.6869761149089,1.132087864864384,2012,3,27,1,481.3396911621094
2012-03-28,486.47818444949286,486.7475393871428,478.3771007528956,482.7902221679688,2051096,0.0,0.0,497.8499379475912,-0.8214356152786428,2012,3,28,2,486.7888793945313
2012-03-29,476.9473848263557,482.33427970276114,469.2399915044209,472.886474609375,2681214,0.0,0.0,496.7615041097005,-2.051356283505712,2012,3,29,3,482.7902221679688
2012-03-30,474.66828003636624,487.2031691425208,474.66828003636624,484.3232727050781,2543342,0.0,0.0,495.7559488932292,2.4185081853209,2012,3,30,4,472.886474609375
2012-04-02,484.8206000820173,496.8375209387511,484.8206000820173,494.8692321777344,2326988,0.0,0.0,495.3263885498047,2.177462877997627,2012,4,2,0,484.3232727050781
2012-04-03,497.3349155907303,500.2977192343793,487.01697580223504,488.1357727050781,2269154,0.0,0.0,494.6254089355469,-1.3606542971008384,2012,4,3,1,494.8692321777344
2012-04-04,484.4062438949304,493.02529738138304,483.5774906975053,488.3220825195313,2165054,0.0,0.0,493.8159932454427,0.038167621565765586,2012,4,4,2,488.1357727050781
2012-04-09,484.82065620370656,492.2794355299174,479.9517308102078,482.3758239746094,1576628,0.0,0.0,492.59703470865884,-1.2176919205131531,2012,4,9,0,488.3220825195313
2012-04-10,483.2872627790907,487.16167238107903,477.465253556953,479.1020202636719,1532992,0.0,0.0,491.1660522460937,-0.6786832067914417,2012,4,10,1,482.3758239746094
2012-04-11,476.4087789304761,478.6049952457897,470.4003179512,471.6020202636719,1781586,0.0,0.0,489.34417622884115,-1.5654285899008302,2012,4,11,2,479.1020202636719
2012-04-12,472.492888674984,475.7043071246496,467.8725797565916,468.9292602539063,2114686,0.0,0.0,487.681147257487,-0.5667405767836309,2012,4,12,3,471.6020202636719
2012-04-13,452.2298802971823,457.7617976438221,439.7571550846597,442.69921875,8994680,0.0,0.0,485.4960072835286,-5.59360307132547,2012,4,13,4,468.9292602539063
2012-04-16,441.4146024735628,445.16473033634907,436.4628231296419,443.279296875,5016110,0.0,0.0,483.39373779296875,0.13103210948459676,2012,4,16,0,442.69921875
2012-04-17,449.59846030932687,453.7214858641913,444.95746417806913,452.0225524902344,2473664,0.0,0.0,481.6153635660807,1.972403330557504,2012,4,17,1,443.279296875
2012-04-18,455.81436649230966,461.905683702197,453.2659396903022,454.7991638183594,2882264,0.0,0.0,479.9620056152344,0.6142638929912625,2012,4,18,2,452.0225524902344
2012-04-19,456.1871490078341,458.6319807426325,452.1262386291471,457.0365905761719,1767416,0.0,0.0,478.520664469401,0.49195929452194864,2012,4,19,3,454.7991638183594
2012-04-20,453.017134235125,459.1084488962538,446.4492764554424,451.0281066894531,2450024,0.0,0.0,476.95225321451824,-1.3146614539426782,2012,4,20,4,457.0365905761719
2012-04-23,453.30717609557774,456.8086880569919,434.12157347314246,441.0002136230469,2843868,0.0,0.0,475.17596232096355,-2.223341055175254,2012,4,23,0,451.0281066894531
2012-04-24,464.9305407422717,499.3237982125111,462.98299097417714,494.8485107421875,18113782,0.0,0.0,474.9777516682943,12.2104922981213,2012,4,24,1,441.0002136230469
2012-04-25,492.6937150652511,493.1080916128249,483.78461929241433,485.2556762695313,5417898,0.0,0.0,474.7291300455729,-1.938539626656366,2012,4,25,2,494.8485107421875
2012-04-26,484.8205209320975,498.0391418330995,482.5414501072029,495.034912109375,5476292,0.0,0.0,474.69667256673176,2.015274899002284,2012,4,26,3,485.2556762695313
2012-04-27,493.1081514580305,502.22443661103614,493.1081514580305,498.909423828125,3711146,0.0,0.0,475.37970275878905,0.7826744385038387,2012,4,27,4,495.034912109375
2012-04-30,498.9093376740464,517.9706578841843,498.9093376740464,516.561767578125,4604822,0.0,0.0,476.52476094563804,3.5381860728454173,2012,4,30,0,498.909423828125
2012-05-02,514.6970726027952,528.0814546199681,514.6970726027952,525.11865234375,3981448,0.0,0.0,477.8742441813151,1.6565075665091467,2012,5,2,2,516.561767578125
2012-05-03,523.2333980389012,532.1010688437457,521.513775334525,530.1949462890625,3358922,0.0,0.0,480.0497253417969,0.9666946551328159,2012,5,3,3,525.11865234375
2012-05-04,530.402095846225,536.721339566268,523.3784320758707,529.0761108398438,3571718,0.0,0.0,482.0104237874349,-0.21102340885172932,2012,5,4,4,530.1949462890625
2012-05-07,522.1144303839216,529.7803962268601,517.3076727287477,527.6049194335938,2627762,0.0,0.0,483.3571421305339,-0.2780680087624221,2012,5,7,0,529.0761108398438
2012-05-08,507.6112709780082,511.6307032578287,495.4493294185378,497.5419006347656,9631578,0.0,0.0,483.8122599283854,-5.698017150996626,2012,5,8,1,527.6049194335938
2012-05-09,495.17994924353366,511.5892495788388,494.807000253012,507.8391723632813,9271544,0.0,0.0,484.3771962483724,2.0696290534281347,2012,5,9,2,497.5419006347656
2012-05-10,507.8392017924478,514.5728207393184,507.6112744564006,510.7398376464844,2992620,0.0,0.0,485.3572011311849,0.5711779321206256,2012,5,10,3,507.8391723632813
2012-05-11,507.1967943041591,512.5422608313305,506.03651996631584,509.9938354492188,2745190,0.0,0.0,486.1306996663412,-0.1460630525128348,2012,5,11,4,510.7398376464844
2012-05-14,508.5643621413406,511.3406648045371,505.5393930806607,508.0049133300781,2573752,0.0,0.0,486.9711893717448,-0.3899894431839135,2012,5,14,0,509.9938354492188
2012-05-15,507.1970903407874,510.9264807109403,505.4567284012872,508.1501770019531,1875510,0.0,0.0,488.1466461181641,0.028594934431391827,2012,5,15,1,508.0049133300781
2012-05-16,505.5393519098256,514.6142077697391,500.0488630468705,506.9482421875,4567936,0.0,0.0,488.90081176757815,-0.23653141705950453,2012,5,16,2,508.1501770019531
2012-05-17,506.36813354492193,511.7550285826338,496.8582121538831,506.3681335449219,4137524,0.0,0.0,489.2841084798177,-0.1144315325120604,2012,5,17,3,506.9482421875
2012-05-18,499.2407942274557,507.5697512068619,498.3498746950992,501.6648864746094,2656670,0.0,0.0,489.7350789388021,-0.9288197180550406,2012,5,18,4,506.3681335449219
2012-05-21,501.80995434881055,507.6112254973517,498.9300578332985,501.0640563964844,2227088,0.0,0.0,490.15981140136716,-0.11976721798235834,2012,5,21,0,501.6648864746094
2012-05-22,505.9537826188157,513.8269373033017,502.6387701200847,507.2176513671875,2360916,0.0,0.0,490.9878723144531,1.2281054472272679,2012,5,22,1,501.0640563964844
2012-05-23,510.9262771400067,511.98295755710245,503.0945503665012,507.6734313964844,2162806,0.0,0.0,491.94025268554685,0.08985886592636216,2012,5,23,2,507.2176513671875
2012-05-24,507.6112852906592,509.2480524671415,500.193934760409,506.1402282714844,1205674,0.0,0.0,493.0915262858073,-0.3020057836752521,2012,5,24,3,507.6734313964844
2012-05-25,502.2659255230929,507.6113944052842,501.0227955776105,505.87103271484375,915046,0.0,0.0,494.3229187011719,-0.05318596341570281,2012,5,25,4,506.1402282714844
2012-05-28,507.1968951259785,509.6831544158117,503.4882452518738,507.4869384765625,790194,0.0,0.0,496.482509358724,0.3194303799224807,2012,5,28,0,505.87103271484375
2012-05-29,508.8545046047381,517.1420372530238,504.876499050178,513.9720458984375,1575032,0.0,0.0,498.83893432617185,1.2778865681435603,2012,5,29,1,507.4869384765625
2012-05-30,510.20114829778566,520.8713449017799,510.20114829778566,514.0548706054688,1581514,0.0,0.0,500.90667826334635,0.016114632632691084,2012,5,30,2,513.9720458984375
2012-05-31,505.9537644285524,520.4155160509466,505.9537644285524,516.0438232421875,4411602,0.0,0.0,502.9481669108073,0.38691446194762946,2012,5,31,3,514.0548706054688
2012-06-01,513.8269352745232,515.8988180780495,504.9178392193601,507.4455261230469,1479528,0.0,0.0,504.6284647623698,-1.6661951431022781,2012,6,1,4,516.0438232421875
2012-06-04,501.3955554533762,503.8818144060376,495.6771396290279,502.7422790527344,1204430,0.0,0.0,506.3522705078125,-0.9268476768818812,2012,6,4,0,507.4455261230469
2012-06-05,503.0529911058366,510.05596296024834,503.0529911058366,508.2326965332031,2063398,0.0,0.0,508.5933532714844,1.0920938439499706,2012,6,5,1,502.7422790527344
2012-06-06,509.68319088463625,523.6684003906172,509.3102418478611,518.447265625,3291908,0.0,0.0,509.3799784342448,2.0098213203269433,2012,6,6,2,508.2326965332031
2012-06-07,520.0527714942482,521.2622067259516,513.6094756430979,517.2168579101562,2149728,4.0,0.0,510.445351155599,-0.23732552882894664,2012,6,7,3,518.447265625
2012-06-08,513.4635833952841,518.2178862043988,510.5234592892888,513.3385009765625,2400244,0.0,0.0,511.0554707845052,-0.7498512228051646,2012,6,8,4,517.2168579101562
2012-06-11,514.2140874013704,519.656519638757,511.7535231923494,514.4434814453125,1545048,0.0,0.0,511.5732727050781,0.21525376854607536,2012,6,11,0,513.3385009765625
2012-06-12,509.2513110893369,522.5549959484314,509.2513110893369,520.511474609375,1092142,0.0,0.0,511.7049296061198,1.179525717191443,2012,6,12,1,514.4434814453125
2012-06-13,520.8868935693138,525.4743682124382,518.2178072315966,521.4707641601562,1450858,0.0,0.0,511.5833333333333,0.18429748383570477,2012,6,13,2,520.511474609375
2012-06-14,520.8870127798077,526.100053340054,519.2188398005289,522.9722290039062,1471124,0.0,0.0,511.3425760904948,0.2879288633118593,2012,6,14,3,521.4707641601562
2012-06-15,522.9929511350924,533.8151998626234,520.8868629909506,530.66650390625,1986040,0.0,0.0,511.3955891927083,1.4712587926511533,2012,6,15,4,522.9722290039062
2012-06-18,532.1469572532039,536.4633428454466,521.303837434565,524.2857055664062,1495388,0.0,0.0,511.2849487304687,-1.2024121162490076,2012,6,18,0,530.66650390625
2012-06-19,524.1816191306867,533.5025246622381,523.4309209916834,531.2921752929688,1769058,0.0,0.0,512.4099578857422,1.336383893776616,2012,6,19,1,524.2857055664062
2012-06-20,531.3130982570489,531.3130982570489,518.5098908995378,522.4718017578125,1753740,0.0,0.0,512.8977121988933,-1.6601738074332517,2012,6,20,2,531.2921752929688
2012-06-21,519.2396266671229,522.1380563770255,504.205199808166,510.4817199707031,4155980,0.0,0.0,512.8891082763672,-2.294876344861052,2012,6,21,3,522.4718017578125
2012-06-22,506.3946473138196,517.0918143442912,506.3946473138196,514.40185546875,1919560,0.0,0.0,513.0360422770183,0.7679286729937784,2012,6,22,4,510.4817199707031
2012-06-25,515.8822245710509,516.5077891117595,505.0391058654346,507.4371032714844,1588758,0.0,0.0,513.0171152750651,-1.3539516086929715,2012,6,25,0,514.40185546875
2012-06-26,507.7501371573795,515.8824802165738,507.56248806560654,515.090087890625,1109714,0.0,0.0,513.2484456380208,1.5081641783388111,2012,6,26,1,507.4371032714844
2012-06-27,515.5698348917446,524.9741826782903,515.5698348917446,519.9279174804688,2305862,0.0,0.0,513.6811014811198,0.9392200905389947,2012,6,27,2,515.090087890625
2012-06-28,520.0320483039127,527.1009617745393,515.5697059946382,524.994873046875,1894228,0.0,0.0,514.3019927978515,0.9745496242941298,2012,6,28,3,519.9279174804688
2012-06-29,526.8715319444613,536.734614094585,526.6838828624117,532.7518310546875,1990150,0.0,0.0,515.3382242838542,1.4775302400181545,2012,6,29,4,524.994873046875
2012-07-02,533.3981473942986,533.3981473942986,523.993804729269,525.2449340820312,2111100,0.0,0.0,516.144253540039,-1.409079525413337,2012,7,2,0,532.7518310546875
2012-07-03,527.5597200478865,529.5615480447101,513.0883393949935,516.8834228515625,2227292,0.0,0.0,516.4664459228516,-1.5919261068328305,2012,7,3,1,525.2449340820312
2012-07-04,518.593160066235,521.0954189809092,513.609514757944,520.4072875976562,1301806,0.0,0.0,516.8909077962239,0.6817523236967382,2012,7,4,2,516.8834228515625
2012-07-05,520.4072295099295,520.4072295099295,515.1316240386356,517.3836669921875,1520876,0.0,0.0,517.2656890869141,-0.5810104273186956,2012,7,5,3,520.4072875976562
2012-07-06,517.1335767663044,522.4717501802331,511.7120150743995,520.3656616210938,1929928,0.0,0.0,517.7488433837891,0.5763604108807829,2012,7,6,4,517.3836669921875
2012-07-09,519.218629582907,527.3718420815561,518.5304983258405,525.2240600585938,1912768,0.0,0.0,518.3400807698567,0.9336508528185128,2012,7,9,0,520.3656616210938
2012-07-10,527.5596124400461,529.7490890924653,521.1163157977916,526.183349609375,2517598,0.0,0.0,518.747124226888,0.18264387025115347,2012,7,10,1,525.2240600585938
2012-07-11,522.6592927295068,531.5214590734142,522.6592927295068,524.765380859375,2034538,0.0,0.0,519.1041412353516,-0.2694818737713156,2012,7,11,2,526.183349609375
2012-07-12,510.8778573934314,521.3039361157463,508.5007318081786,515.46533203125,7859080,0.0,0.0,519.084858194987,-1.7722298702126493,2012,7,12,3,524.765380859375
2012-07-13,531.2295115401055,535.4833307197742,518.384563928878,521.0536499023438,7217154,0.0,0.0,519.5384623209635,1.084130691985119,2012,7,13,4,515.46533203125
2012-07-16,520.8869806172743,525.1616736127323,501.6612983999092,503.5171203613281,3620626,0.0,0.0,519.5642903645834,-3.3655900010108986,2012,7,16,0,521.0536499023438
2012-07-17,507.9586722159472,510.4609316849913,490.1092009733264,494.5715942382813,6383816,0.0,0.0,519.108920288086,-1.776608135315727,2012,7,17,1,503.5171203613281
2012-07-18,498.3666574396506,502.28687396441,491.4854441779316,498.4917907714844,2975286,0.0,0.0,518.4437377929687,0.7926449029570293,2012,7,18,2,494.5715942382813
2012-07-19,501.7028606329036,504.6221623988473,498.4707765348944,500.8687744140625,1335352,0.0,0.0,517.8988016764323,0.4768350625994122,2012,7,19,3,498.4917907714844
2012-07-20,500.86875463234384,512.1289181419802,500.5768448307115,510.0645751953125,3378226,0.0,0.0,517.7896708170573,1.8359700686088054,2012,7,20,4,500.8687744140625
2012-07-23,505.0269026179998,513.0537998619972,502.1004222220345,507.6398315429688,2903198,1.5,0.0,517.5628824869792,-0.47537974018587725,2012,7,23,0,510.0645751953125
2012-07-24,505.0686979579294,509.47934238529086,500.4699430619676,505.5076904296875,1648092,0.0,0.0,517.0627563476562,-0.42001060216269037,2012,7,24,1,507.6398315429688
2012-07-25,503.354714898434,508.78960799949687,500.3864373346089,507.1800537109375,1666030,0.0,0.0,516.5863993326823,0.3308284548210194,2012,7,25,2,505.5076904296875
2012-07-26,507.1173130687813,510.4618625366711,497.5853266717856,501.0343933105469,2945746,0.0,0.0,515.8551381429037,-1.2117314857759132,2012,7,26,3,507.1800537109375
2012-07-27,507.9535151526382,514.308139537743,503.0412074958123,512.2596435546875,1842976,0.0,0.0,515.2415761311848,2.2404151080269497,2012,7,27,4,501.0343933105469
2012-07-30,516.2730562884473,519.5966820943462,507.7653683109268,514.642578125,2625712,0.0,0.0,514.9201385498047,0.46518100738461854,2012,7,30,0,512.2596435546875
2012-07-31,516.3147266372013,522.2722042522458,512.6566263472615,519.9310302734375,1979964,0.0,0.0,514.5414337158203,1.0275970883919072,2012,7,31,1,514.642578125
2012-08-01,517.6105800442913,520.4116695084814,510.9214842975691,511.9875793457031,1295750,0.0,0.0,514.1919596354167,-1.5277893538219511,2012,8,1,2,519.9310302734375
2012-08-02,514.2036658092554,517.0256300208117,510.8800394847144,515.3952026367188,951058,0.0,0.0,514.3557423909505,0.665567570090353,2012,8,2,3,511.9875793457031
2012-08-03,513.3882490179059,518.5095894498842,509.249359604901,517.1090698242188,977736,0.0,0.0,514.4459828694661,0.3325345635217358,2012,8,3,4,515.3952026367188
2012-08-06,520.4955444684488,521.749750599698,512.2177635886923,513.7646484375,1015540,0.0,0.0,514.6569010416666,-0.6467535732559537,2012,8,6,0,517.1090698242188
2012-08-07,517.9867771893613,529.3582179054448,516.1681897522247,528.4594116210938,2099154,0.0,0.0,515.1025451660156,2.8602129843469326,2012,8,7,1,513.7646484375
2012-08-08,528.8569097350003,529.5467333022797,521.0808420594861,522.2514038085938,1643000,0.0,0.0,515.1799947102865,-1.1747369194270552,2012,8,8,2,528.4594116210938
2012-08-09,522.6902290510166,530.0482256679379,522.6902290510166,525.9929809570312,1129474,0.0,0.0,515.2132649739583,0.7164321859455924,2012,8,9,3,522.2514038085938
2012-08-10,525.09423211716,537.2182231453429,524.989714953124,535.1488037109375,3082356,0.0,0.0,515.2931640625,1.7406739415509742,2012,8,10,4,525.9929809570312
2012-08-13,534.7516391160889,534.7516391160889,525.616848652291,529.400390625,1428038,0.0,0.0,515.4316792805989,-1.074170968163557,2012,8,13,0,535.1488037109375
2012-08-14,526.7663513247813,532.3057593843475,526.4527999251833,530.2781372070312,1136930,0.0,0.0,515.8781697591146,0.16580013871825283,2012,8,14,1,529.400390625
2012-08-16,531.0097916052098,531.5950977958674,523.4636336849215,528.2505493164062,1788292,0.0,0.0,516.1396118164063,-0.38236309369725774,2012,8,16,3,530.2781372070312
2012-08-17,528.8776817845707,537.0090953172869,528.4386893585446,534.54248046875,1287576,0.0,0.0,516.711572265625,1.19108842583997,2012,8,17,4,528.2505493164062
2012-08-21,535.0860183351233,545.5795301254186,533.915405826329,542.9248046875,2051576,0.0,0.0,517.4635437011718,1.568130602342288,2012,8,21,1,534.54248046875
2012-08-22,541.775266186774,547.2519562295269,538.5143097468373,539.9984741210938,1134096,0.0,0.0,517.9560241699219,-0.5389937135199752,2012,8,22,2,542.9248046875
2012-08-23,540.0401525632229,554.3590031343787,540.0401525632229,553.2929077148438,2337314,0.0,0.0,518.8596761067708,2.461939103696187,2012,8,23,3,539.9984741210938
2012-08-24,551.8506287887728,555.362415724183,548.9241481815598,553.0421142578125,1578938,0.0,0.0,519.8022338867188,-0.045327430287700476,2012,8,24,4,553.2929077148438
2012-08-27,550.261904630169,556.4075440470731,549.7602426929298,552.0386962890625,967200,0.0,0.0,521.0213460286458,-0.1814360864898279,2012,8,27,0,553.0421142578125
2012-08-28,554.7561466176053,566.3366782565645,549.7602469165477,564.7689208984375,2266204,0.0,0.0,522.4785217285156,2.30603845254882,2012,8,28,1,552.0386962890625
2012-08-29,564.3927758695363,567.7373256524669,558.1217450265415,561.5917358398438,2139290,0.0,0.0,524.4143422444662,-0.5625637213781953,2012,8,29,2,564.7689208984375
2012-08-30,560.1701904027649,580.6137574507645,553.272057726271,571.5625610351562,3333432,0.0,0.0,526.9807078043619,1.77545796331946,2012,8,30,3,561.5917358398438
2012-08-31,567.3191334938227,568.1552707576309,557.9753097775205,561.7797241210938,1773848,0.0,0.0,529.0903055826823,-1.7115951220361247,2012,8,31,4,571.5625610351562
2012-09-03,564.392716037814,566.4412627694468,557.2855485025229,559.3131713867188,1223826,0.0,0.0,531.0384521484375,-0.43906047663681,2012,9,3,0,561.7797241210938
2012-09-04,557.2436358530535,563.1383927868311,552.7076018417387,560.5672607421875,1508018,0.0,0.0,532.721875,0.2242195284547721,2012,9,4,1,559.3131713867188
2012-09-05,560.0031747003753,573.1723423025119,556.8676586046286,570.4548950195312,2028960,0.0,0.0,534.8157104492187,1.763862246298964,2012,9,5,2,560.5672607421875
2012-09-06,570.287364926523,576.8928691953955,565.9185684863211,575.0951538085938,2291684,0.0,0.0,537.1352925618489,0.813431321139535,2012,9,6,3,570.4548950195312
2012-09-07,581.1153645920905,583.9582515374141,576.4748132542593,579.7357177734375,2636656,0.0,0.0,539.5538146972656,0.8069210693415485,2012,9,7,4,575.0951538085938
2012-09-10,578.2725976865948,578.5652763929436,571.0609127081198,573.3602905273438,1476024,0.0,0.0,541.9646779378255,-1.0997126881503116,2012,9,10,0,579.7357177734375
2012-09-11,572.3358736562426,583.4564874372596,570.2664546434517,582.2232055664062,1274180,0.0,0.0,544.2967966715495,1.5457845939960135,2012,9,11,1,573.3602905273438
2012-09-12,584.021087395045,594.0756606864667,581.073733491851,591.5254516601562,2114466,0.0,0.0,546.8595591227214,1.5977113252812591,2012,9,12,2,582.2232055664062
2012-09-13,590.7310205498666,595.308851994122,589.2887040766826,592.6959228515625,1881210,0.0,0.0,549.2850555419922,0.19787334393157607,2012,9,13,3,591.5254516601562
2012-09-14,597.0021222145772,601.9353534419065,586.1950561893673,590.7728881835938,2814840,0.0,0.0,551.9112325032552,-0.32445552497083474,2012,9,14,4,592.6959228515625
2012-09-17,592.925970541316,594.3056177503763,558.3307834711283,561.0900268554688,5094390,0.0,0.0,553.4343933105469,-5.024411566920195,2012,9,17,0,590.7728881835938
2012-09-18,562.3025744269185,562.3025744269185,540.3748847819286,543.4058837890625,7220206,0.0,0.0,554.3109537760416,-3.151747887146372,2012,9,18,1,561.0900268554688
2012-09-20,541.3987942001643,558.9158773621186,539.9773508657825,552.6866455078125,4042506,0.0,0.0,555.6083536783855,1.7078876021799916,2012,9,20,3,543.4058837890625
2012-09-21,553.8991550780598,556.9928732416768,542.7785393858202,545.1824340820312,4247758,0.0,0.0,556.1657877604167,-1.3577696307256248,2012,9,21,4,552.6866455078125
2012-09-24,547.6699446586792,548.9241506388137,533.8736788772011,539.07861328125,4937020,0.0,0.0,556.7266947428385,-1.1195923454611623,2012,9,24,0,545.1824340820312
2012-09-25,539.350542352103,547.5656043825811,536.089636370594,540.6465454101562,3823694,0.0,0.0,557.215146891276,0.29085407773137284,2012,9,25,1,539.07861328125
2012-09-26,541.4825655667286,545.5796592836725,535.9640790817381,537.4691162109375,3292812,0.0,0.0,557.292490641276,-0.5877091467972329,2012,9,26,2,540.6465454101562
2012-09-27,535.1696097523927,543.2801508764237,527.2263062767082,531.5951538085938,5605398,0.0,0.0,557.3656494140625,-1.09289301006803,2012,9,27,3,537.4691162109375
2012-09-28,534.6261831358023,545.5795608012161,533.6646048756722,541.775146484375,2912996,0.0,0.0,557.7488830566406,1.9149897441402608,2012,9,28,4,531.5951538085938
2012-10-01,541.3990907707739,547.5865293645267,540.5838770321634,544.7227172851562,1795618,0.0,0.0,558.2979553222656,0.5440579583445793,2012,10,1,0,541.775146484375
2012-10-03,543.9072998442384,553.9409471895588,543.9072998442384,552.95849609375,2318230,0.0,0.0,558.9118225097657,1.5119213036753898,2012,10,3,2,544.7227172851562
2012-10-04,551.8507264024508,552.5405500172101,547.1056564996102,550.6592407226562,1319284,0.0,0.0,559.1696370442709,-0.4158097555849727,2012,10,4,3,552.95849609375
2012-10-05,547.7744279873151,551.5788423519673,441.062409102551,545.1614990234375,3836110,0.0,0.0,559.341737874349,-0.9983927068950682,2012,10,5,4,550.6592407226562
2012-10-08,547.6701722733521,549.8650336507835,537.406561990132,540.4375610351562,1685408,0.0,0.0,558.9132263183594,-0.8665208377230171,2012,10,8,0,545.1614990234375
2012-10-09,542.6111890797115,542.9874609868915,537.2180945001566,541.3360595703125,1291154,0.0,0.0,558.5230244954427,0.16625390238147464,2012,10,9,1,540.4375610351562
2012-10-10,537.6363453036752,544.2209272932031,537.2182766059274,539.036865234375,1163978,0.0,0.0,558.0896301269531,-0.4247258787383412,2012,10,10,2,541.3360595703125
2012-10-11,539.4130886227946,544.1372848948096,537.6572206641152,539.07861328125,1635526,0.0,0.0,557.2332865397135,0.007744933522646491,2012,10,11,3,539.036865234375
2012-10-12,534.6260586340295,549.195736753823,532.2848340300187,542.841064453125,2469542,0.0,0.0,556.6082641601563,0.697941094152088,2012,10,12,4,539.07861328125
2012-10-15,540.9809916731199,544.4927795692543,538.263544651578,541.2527465820312,814528,0.0,0.0,555.5979370117187,-0.2925935370593047,2012,10,15,0,542.841064453125
2012-10-16,542.2350117694845,547.7534972583343,538.3888007965004,541.775146484375,1282744,0.0,0.0,554.9311177571615,0.09651681319728933,2012,10,16,1,541.2527465820312
2012-10-17,544.0327188889481,545.5377557232393,531.7832878358265,536.4447631835938,1597480,0.0,0.0,554.1688374837239,-0.9838737224050487,2012,10,17,2,541.775146484375
2012-10-18,537.7407138067142,548.08791121524,535.2113784711252,546.5619506835938,1447128,0.0,0.0,553.7019938151042,1.885970037242668,2012,10,18,3,536.4447631835938
2012-10-19,547.2517886988082,548.2551635296077,535.9639366782828,539.1830444335938,2825616,0.0,0.0,552.659598795573,-1.3500585323897973,2012,10,19,4,546.5619506835938
2012-10-22,553.9828749045254,558.0799689533037,544.7435659950193,551.390869140625,5397342,0.0,0.0,551.8694559733073,2.264133643122146,2012,10,22,0,539.1830444335938
2012-10-23,553.5229344269952,553.5229344269952,548.4643135864943,549.5930786132812,1136696,0.0,0.0,550.8647013346355,-0.326046481354636,2012,10,23,1,551.390869140625
2012-10-25,549.7603023828374,553.4811237616128,545.2660641694416,549.9066162109375,2254470,0.0,0.0,550.0829121907552,0.057049044075907496,2012,10,25,3,549.5930786132812
2012-10-29,548.0880670487319,551.767092031296,543.8237867117491,547.0010986328125,815628,0.0,0.0,548.9088419596354,-0.5283656338134435,2012,10,29,0,549.9066162109375
2012-10-30,545.3287807692963,552.6867791196566,545.3287807692963,548.2970581054688,805268,0.0,0.0,547.4678955078125,0.23692081714195012,2012,10,30,1,547.0010986328125
2012-10-31,548.5483798382684,551.7749192778917,546.411351805991,551.2301635742188,999536,1.5,0.0,546.085703531901,0.5349482411751039,2012,10,31,2,548.2970581054688
2012-11-01,550.9789610389543,553.2626391731385,549.0095022027652,551.1256103515625,1579768,0.0,0.0,544.7641276041667,-0.018967253529511563,2012,11,1,3,551.2301635742188
2012-11-02,555.1690586786456,560.658303890166,552.4453823144557,557.8088989257812,1673974,0.0,0.0,544.6547566731771,1.2126615872478652,2012,11,2,4,551.1256103515625
2012-11-05,559.7785029252643,562.9002354184482,555.3368243893701,557.1386108398438,1223826,0.0,0.0,545.1125142415365,-0.12016446622280519,2012,11,5,0,557.8088989257812
2012-11-06,555.2109025595063,560.4068487834244,552.8852817148929,553.3462524414062,1297466,0.0,0.0,545.1345011393229,-0.680684900427353,2012,11,6,1,557.1386108398438
2012-11-07,555.2110157020102,558.7098824387313,553.7444205661935,557.9346923828125,1058390,0.0,0.0,545.5595764160156,0.8292167736135836,2012,11,7,2,553.3462524414062
2012-11-08,554.7919240288339,559.2754938911143,551.6911130148324,557.8088989257812,1239044,0.0,0.0,546.1839192708334,-0.022546269079271042,2012,11,8,3,557.9346923828125
2012-11-09,557.3061100111571,558.6679482499062,553.4929731728148,555.1900024414062,711382,0.0,0.0,546.668701171875,-0.4694970785547592,2012,11,9,4,557.8088989257812
2012-11-12,553.1158783427783,564.8486393985341,553.1158783427783,559.1917724609375,1466782,0.0,0.0,547.3927897135417,0.7207928820644804,2012,11,12,0,555.1900024414062
2012-11-15,553.1579174448689,553.954079529116,540.9642334887208,542.2841796875,1735402,0.0,0.0,547.7490905761719,-3.0235768131975815,2012,11,15,3,559.1917724609375
2012-11-16,544.6515156033956,547.5847056834092,536.3966499734636,539.2041625976562,1598890,0.0,0.0,547.6633911132812,-0.5679710390258275,2012,11,16,4,542.2841796875
2012-11-19,540.5868022352826,542.640045068397,527.3455573116429,528.9588012695312,1676286,0.0,0.0,547.1379272460938,-1.9000894352831366,2012,11,19,0,539.2041625976562
2012-11-20,534.2596689504658,537.5699939921581,526.3191241350042,533.3378295898438,1256040,0.0,0.0,546.4839050292969,0.8278581072481694,2012,11,20,1,528.9588012695312
2012-11-21,534.7834809047827,542.514512528852,534.7834809047827,537.2766723632812,941744,0.0,0.0,546.0378194173177,0.738526793883465,2012,11,21,2,533.3378295898438
2012-11-22,537.2347624433448,538.0728168426483,532.5835707573667,534.8672485351562,611624,0.0,0.0,545.694677734375,-0.44845122672585447,2012,11,22,3,537.2766723632812
2012-11-23,537.1928050699252,541.1316705010609,532.6882632177397,539.9583740234375,749676,0.0,0.0,545.6787048339844,0.9518484263570715,2012,11,23,4,534.8672485351562
2012-11-26,539.707085211441,542.9335744996732,538.450003491228,542.0955200195312,456334,0.0,0.0,545.7040201822916,0.3957982872214938,2012,11,26,0,539.9583740234375
2012-11-27,544.6933962611336,544.6933962611336,539.8326916070979,542.7239379882812,1338160,0.0,0.0,545.8269226074219,0.11592384469942818,2012,11,27,1,542.0955200195312
2012-11-29,548.9255813997228,549.7636357224704,541.5297417713192,543.9391479492188,3470578,0.0,0.0,545.9889404296875,0.22390940879482013,2012,11,29,3,542.7239379882812
2012-11-30,542.6402287359832,555.2110448456972,541.0060124115641,550.6017456054688,3579294,0.0,0.0,546.2476298014323,1.224879231687881,2012,11,30,4,543.9391479492188
2012-12-03,551.0206331080853,553.9538227900296,546.914147093056,551.77490234375,1319512,0.0,0.0,546.5983683268229,0.21306811096124534,2012,12,3,0,550.6017456054688
2012-12-04,551.0626688218088,553.8701817947265,541.7602853014708,544.5048828125,1595120,0.0,0.0,546.6893595377604,-1.3175698097846578,2012,12,4,1,551.77490234375
2012-12-05,544.735354595958,547.8990303848854,539.9584343331912,543.8554077148438,1790058,0.0,0.0,546.9363810221354,-0.11927810349496859,2012,12,5,2,544.5048828125
2012-12-06,542.6404270926523,542.6404270926523,531.7457158151165,536.6483154296875,2370092,0.0,0.0,546.6059265136719,-1.3251853678239223,2012,12,6,3,543.8554077148438
2012-12-07,534.9510969518828,536.6481264589796,526.738173880237,529.7132568359375,1957214,0.0,0.0,546.2902669270833,-1.2922911326381792,2012,12,7,4,536.6483154296875
2012-12-10,528.8542595028176,530.8237181845294,515.9063077983329,518.4204711914062,3029430,0.0,0.0,545.1912536621094,-2.1318676659113467,2012,12,10,0,529.7132568359375
2012-12-11,517.4986309999557,520.850848852587,507.1695995113785,511.0874938964844,4926914,0.0,0.0,543.9077341715495,-1.4144845164137942,2012,12,11,1,518.4204711914062
2012-12-12,513.2663589925324,520.0126857817868,511.6740353847845,513.6434936523438,2487948,0.0,0.0,542.6989634195963,0.5001100176356577,2012,12,12,2,511.0874938964844
2012-12-13,515.4453630400856,517.3309854933138,509.998009286315,512.28173828125,2297162,0.0,0.0,541.5416514078776,-0.2651168345209176,2012,12,13,3,513.6434936523438
2012-12-14,509.9559053047107,521.6886623700615,509.599742552522,520.8087158203125,2196814,0.0,0.0,540.6253733317058,1.6645093708925307,2012,12,14,4,512.28173828125
2012-12-17,519.2376370837936,523.3231528501036,503.7126567115005,505.1373596191406,4482898,0.0,0.0,539.0889465332032,-3.0090426149048444,2012,12,17,0,520.8087158203125
2012-12-18,508.992164451031,513.3081637576258,501.5754057288802,507.2951354980469,4688482,0.0,0.0,537.6279307047527,0.42716616338438484,2012,12,18,1,505.1373596191406
2012-12-19,509.5788143763058,518.1479487286371,509.5788143763058,516.5137329101562,6642060,0.0,0.0,536.2514251708984,1.8172059550815245,2012,12,19,2,507.2951354980469
2012-12-20,514.2091584542488,525.8790539226975,514.2091584542488,524.6429443359375,2314030,0.0,0.0,535.1682362874349,1.5738616241584458,2012,12,20,3,516.5137329101562
2012-12-21,523.7838670697208,529.8178674485176,518.6298133574475,527.4293823242188,2457968,0.0,0.0,534.304340616862,0.5311113050053828,2012,12,21,4,524.6429443359375
2012-12-24,528.8123108618674,532.6254480396694,528.0161489751048,530.5722045898438,1254818,0.0,0.0,533.3922576904297,0.5958754614268091,2012,12,24,0,527.4293823242188
2012-12-26,530.9075304774436,531.8084493031233,526.0049320691036,528.8961791992188,1435258,0.0,0.0,532.428500366211,-0.315890160872756,2012,12,26,2,530.5722045898438
2012-12-27,530.0275281408615,530.0275281408615,522.7993087686109,524.1820678710938,1994158,0.0,0.0,531.3949025472006,-0.8913112844306181,2012,12,27,3,528.8961791992188
2012-12-28,525.4602576622596,533.0027493990384,524.0984188764523,531.1171264648438,1501622,0.0,0.0,530.4590810139974,1.323024769221104,2012,12,28,4,524.1820678710938
2012-12-31,528.3931069468541,530.3206211353815,524.6218635190019,526.235107421875,704170,0.0,0.0,529.9241119384766,-0.9191981955964823,2012,12,31,0,531.1171264648438
2013-01-01,530.8865023314398,531.2846088707211,527.9742836872872,529.7132568359375,509580,0.0,0.0,529.6077484130859,0.6609497095514172,2013,1,1,1,526.235107421875
2013-01-02,530.9075581938039,533.1703157122387,526.1097163484224,529.357177734375,1880246,0.0,0.0,529.6210276285807,-0.06722110443099227,2013,1,2,2,529.7132568359375
2013-01-03,530.0694476284891,538.0309650236997,527.9533396499744,536.6062622070312,2635130,0.0,0.0,529.7299753824869,1.3694127098988318,2013,1,3,3,529.357177734375
2013-01-04,538.4496785506706,545.1541103458541,536.7316781333059,544.3998413085938,5228760,0.0,0.0,529.9674143473308,1.4523831812002896,2013,1,4,4,536.6062622070312
2013-01-07,544.7352704632639,546.4113789877662,540.6497559347894,542.5772705078125,1820752,0.0,0.0,530.2244150797526,-0.334785329180165,2013,1,7,0,544.3998413085938
2013-01-08,542.640316784783,546.5372908714298,542.347018154945,544.8402099609375,2341870,0.0,0.0,530.3871429443359,0.4170722911055691,2013,1,8,1,542.5772705078125
2013-01-09,545.1543264823449,547.836110493812,533.4844304922592,534.9300537109375,3135898,0.0,0.0,530.1482940673828,-1.8189105849420573,2013,1,9,2,544.8402099609375
2013-01-10,536.3127935544802,537.2346327107939,526.0047371624148,527.3037109375,4522838,0.0,0.0,529.6342864990235,-1.4256710238155001,2013,1,10,3,534.9300537109375
2013-01-11,540.5451548966563,554.1635405820372,540.5451548966563,547.396240234375,7805006,0.0,0.0,529.7495229085287,3.8104281991780953,2013,1,11,4,527.3037109375
2013-01-14,552.6968511622155,565.0371811694758,547.8151742785042,559.1917724609375,5790224,0.0,0.0,530.0358571370442,2.154843486230762,2013,1,14,0,547.396240234375
2013-01-15,582.4478176662203,586.6380897357615,556.0491036281111,560.4279174804688,8262978,0.0,0.0,530.3242909749349,0.22105922876709538,2013,1,15,1,559.1917724609375
2013-01-16,560.1973406060843,567.7817208911555,548.5064742778764,564.7437744140625,4109492,0.0,0.0,530.998920694987,0.770100274982144,2013,1,16,2,560.4279174804688
2013-01-17,565.5608510437494,574.8213907865022,562.7533899606937,570.7149047851562,3028544,0.0,0.0,531.8942372639974,1.0573167233740577,2013,1,17,3,564.7437744140625
2013-01-18,570.9244638438757,572.4120306136496,560.6792709897021,566.1056518554688,1440470,0.0,0.0,532.8761484781901,-0.8076279226354899,2013,1,18,4,570.7149047851562
2013-01-21,566.7342018758444,567.7398772331725,556.0909023831045,557.3060913085938,1260038,0.0,0.0,533.7959096272787,-1.5544025250469717,2013,1,21,0,566.1056518554688
2013-01-22,555.630029296875,558.018463713632,548.1294326983831,552.0682983398438,1386630,0.0,0.0,534.9175038655599,-0.939841327851143,2013,1,22,1,557.3060913085938
2013-01-23,552.5933946322742,555.9532632676975,545.3066897827053,550.9974365234375,1877654,1.5,0.0,536.2478352864583,-0.19397270584572412,2013,1,23,2,552.0682983398438
2013-01-24,548.0785439347444,561.4760297066541,548.0785439347444,557.9691772460938,3498470,0.0,0.0,537.7253580729167,1.2652945840628593,2013,1,24,3,550.9974365234375
2013-01-25,555.9530704531016,564.8777184207152,555.9530704531016,562.98779296875,1521100,0.0,0.0,539.4155598958333,0.8994431820456672,2013,1,25,4,557.9691772460938
2013-01-28,562.90400380805,566.9568042764249,561.9170013967617,564.89892578125,2428154,0.0,0.0,540.8852335611979,0.33946256674983744,2013,1,28,0,562.98779296875
2013-01-29,563.2816298724316,569.7284150955885,562.9036858839379,564.8565673828125,1731804,0.0,0.0,542.875873819987,-0.007498403077843552,2013,1,29,1,564.89892578125
2013-01-30,563.197975209793,566.9148196025268,561.0140811224031,565.3609008789062,2279144,0.0,0.0,544.8113993326823,0.08928523190063764,2013,1,30,2,564.8565673828125
2013-01-31,566.4947761141441,568.0067065737834,557.0661663405774,564.5208740234375,4313168,0.0,0.0,546.4116373697917,-0.1485824106624345,2013,1,31,3,565.3609008789062
2013-02-01,564.4577655817128,567.8176332339849,563.6808064406273,566.1796875,1484540,0.0,0.0,547.7961954752604,0.2938444888210823,2013,2,1,4,564.5208740234375
2013-02-04,566.5577846139114,574.4534955217661,564.94085826937,569.6446533203125,2487304,0.0,0.0,549.2033711751302,0.6119904858495229,2013,2,4,0,566.1796875
2013-02-05,564.919763633028,573.2774450636492,564.919763633028,571.1985473632812,2161994,0.0,0.0,550.5575826009115,0.2727830470999004,2013,2,5,1,569.6446533203125
2013-02-06,572.227389449128,577.8551773309729,572.0173977465779,575.6082763671875,3573706,0.0,0.0,552.1146525065104,0.7720133435671572,2013,2,6,2,571.1985473632812
2013-02-07,571.5976798324957,583.7772042374497,571.5976798324957,582.5802612304688,2612782,0.0,0.0,554.0612589518229,1.2112377722021783,2013,2,7,3,575.6082763671875
2013-02-08,582.0971797604226,603.5163400546373,581.7191843252557,597.4685668945312,6973618,0.0,0.0,556.2729736328125,2.555580175788452,2013,2,8,4,582.5802612304688
2013-02-11,598.0563789355316,600.1143079086846,593.1215738424892,594.1505126953125,2312126,0.0,0.0,558.5368204752605,-0.5553520943310963,2013,2,11,0,597.4685668945312
2013-02-12,591.7777094149297,594.276590472101,588.7537977700417,592.1976928710938,2225502,0.0,0.0,560.6196350097656,-0.3286742639268203,2013,2,12,1,594.1505126953125
2013-02-13,592.0927324485422,605.4691960745525,590.1187793259072,602.8442993164062,3822666,0.0,0.0,563.0692057291667,1.7978128880738575,2013,2,13,2,592.1976928710938
2013-02-14,600.6183717173933,611.4119780437035,600.1564001373407,608.0100708007812,2946958,0.0,0.0,565.4493326822917,0.8568997816239987,2013,2,14,3,602.8442993164062
2013-02-15,606.4561584202867,609.7320501431366,600.8493890928266,605.67919921875,1820790,0.0,0.0,567.4919779459635,-0.38336068660200784,2013,2,15,4,608.0100708007812
2013-02-18,604.8182307735127,605.5742215838657,596.3765726396521,598.6234741210938,952086,0.0,0.0,569.360184733073,-1.1649277549496961,2013,2,18,0,605.67919921875
2013-02-19,597.0484229626111,608.5139908998335,593.3105602501736,606.26708984375,744294,0.0,0.0,571.4077473958333,1.2768653507747363,2013,2,19,1,598.6234741210938
2013-02-20,605.4061440402751,611.9158875245791,605.4061440402751,610.1519775390625,2261518,0.0,0.0,573.9151448567708,0.6407881543287752,2013,2,20,2,606.26708984375
2013-02-21,605.0701831616734,611.8529266623821,605.0701831616734,609.4170532226562,3849146,0.0,0.0,576.652256266276,-0.12044938694952823,2013,2,21,3,610.1519775390625
2013-02-22,608.976075359271,614.8768640447591,605.74222291437,611.1179809570312,1310694,0.0,0.0,578.7763142903646,0.2791073412501843,2013,2,22,4,609.4170532226562
2013-02-25,610.2359890412547,619.4756254892297,609.6060138288929,618.9296264648438,1730030,0.0,0.0,580.7675760904948,1.278254895327935,2013,2,25,0,611.1179809570312
2013-02-26,616.1157329166215,629.9541673514044,615.6957494586005,628.4632568359375,2853670,0.0,0.0,583.0354207356771,1.5403415773691753,2013,2,26,1,618.9296264648438
2013-02-27,627.9801931508446,631.2560842524476,620.4415114561699,622.9193725585938,2556682,0.0,0.0,584.9746073404948,-0.8821333971464007,2013,2,27,2,628.4632568359375
2013-02-28,624.2004373911265,640.47479698669,623.7804539176926,637.1149291992188,4599424,0.0,0.0,587.1879414876302,2.278875447767481,2013,2,28,3,622.9193725585938
2013-03-01,636.3170401087808,636.6950355416964,629.1353319534704,630.7522583007812,2537326,0.0,0.0,589.3428283691406,-0.9986692520978391,2013,3,1,4,637.1149291992188
2013-03-04,626.1953691771967,638.3329020123368,626.1953691771967,635.5189819335938,3136076,0.0,0.0,591.9499247233073,0.7557204227304437,2013,3,4,0,630.7522583007812
2013-03-05,637.1150775915083,648.0346504440985,633.587205339474,646.8377075195312,3440054,0.0,0.0,595.1089050292969,1.7810208518870274,2013,3,5,1,635.5189819335938
2013-03-06,645.157666694214,657.4841722214186,645.157666694214,655.67822265625,2299510,0.0,0.0,598.5982645670573,1.3667284751564646,2013,3,6,2,646.8377075195312
2013-03-07,655.5940977135253,670.9654801418403,654.9011148391226,667.7316284179688,3908702,0.0,0.0,602.2570129394531,1.8383111326907509,2013,3,7,3,655.67822265625
2013-03-08,667.7737884435891,670.1467055553987,661.4320476244525,664.8969116210938,4341502,0.0,0.0,605.653983561198,-0.42452935823801274,2013,3,8,4,667.7316284179688
2013-03-11,661.4740125141169,667.5847929462542,653.7673255424559,657.7781372070312,2221330,0.0,0.0,608.7499572753907,-1.0706583666791447,2013,3,11,0,664.8969116210938
2013-03-12,654.3343794901224,658.5131953604728,650.1345439349868,655.3843383789062,1809452,0.0,0.0,611.7675496419271,-0.3639219202829169,2013,3,12,1,657.7781372070312
2013-03-13,653.5152624633987,654.6281775826665,650.134375211914,651.6882934570312,1794496,0.0,0.0,614.6451293945313,-0.5639507546086886,2013,3,13,2,655.3843383789062
2013-03-14,653.9142783259275,662.3139479254899,648.3705168972223,658.4080810546875,3051218,0.0,0.0,617.7747029622395,1.031135232153635,2013,3,14,3,651.6882934570312
2013-03-15,660.214036037504,663.7419075522761,655.4262140722786,659.4790649414062,4212398,0.0,0.0,620.8846822102864,0.16266262786495123,2013,3,15,4,658.4080810546875
2013-03-18,655.1112062261419,660.9069986262263,652.8223168188517,658.0930786132812,1694988,0.0,0.0,623.8329630533855,-0.2101638098622849,2013,3,18,0,659.4790649414062
2013-03-19,657.0642044069849,657.0642044069849,646.9635804381763,649.6094970703125,3739910,0.0,0.0,626.4466613769531,-1.2891157525687924,2013,3,19,1,658.0930786132812
2013-03-20,646.7744770897855,660.486946224444,646.7534574114482,654.1871948242188,4168136,0.0,0.0,629.0659586588541,0.7046845488791753,2013,3,20,2,649.6094970703125
2013-03-21,656.4341683419268,661.2219901879427,652.5283015357659,655.1531982421875,1664604,0.0,0.0,631.4850565592448,0.1476646784913438,2013,3,21,3,654.1871948242188
2013-03-22,655.7622952729365,656.0562632375008,643.4147692133793,647.6776123046875,2714456,0.0,0.0,633.15869140625,-1.141043950873999,2013,3,22,4,655.1531982421875
2013-03-25,650.3445050522723,651.8144474272693,641.9028462379363,648.1815795898438,1857316,0.0,0.0,634.959726969401,0.07781144130687423,2013,3,25,0,647.6776123046875
2013-03-26,646.8165646535588,659.3740812960764,645.1576503700433,653.6412963867188,1781536,0.0,0.0,637.0078470865885,0.8423128593579854,2013,3,26,1,648.1815795898438
2013-03-28,653.4942670528915,665.0018241683794,647.4675146250257,661.7889404296875,3065662,0.0,0.0,638.9726684570312,1.2465008083192286,2013,3,28,3,653.6412963867188
2013-04-01,657.2743169343207,660.9281536524396,651.4995425842587,653.8514404296875,968812,0.0,0.0,640.5007141113281,-1.199400521085514,2013,4,1,0,661.7889404296875
2013-04-02,653.4943060723001,659.8780345706274,647.2995496362034,658.2611083984375,1130332,0.0,0.0,642.2534444173177,0.6744143541003833,2013,4,2,1,653.8514404296875
2013-04-03,659.3740028993478,661.4739201060337,642.9946486871985,648.2024536132812,959932,0.0,0.0,643.9060770670573,-1.528064571463006,2013,4,3,2,658.2611083984375
2013-04-04,646.8165339974294,646.8165339974294,630.3951905205175,633.2510986328125,1126338,0.0,0.0,644.8055440266927,-2.3065872239645624,2013,4,4,3,648.2024536132812
2013-04-05,632.0751269116589,633.902044765841,623.2974620718081,629.2822265625,1865248,0.0,0.0,645.4432189941406,-0.6267453903958886,2013,4,5,4,633.2510986328125
2013-04-08,629.5133982650507,629.5133982650507,619.4757804503498,621.8906860351562,896416,0.0,0.0,645.8590067545573,-1.1745986483235993,2013,4,8,0,629.2822265625
2013-04-09,621.5755776553126,635.4350331030323,620.5676070056113,628.88330078125,1672354,0.0,0.0,646.4511840820312,1.1244122002654455,2013,4,9,1,621.8906860351562
2013-04-10,634.1331026672216,646.3126242779229,630.3952392297442,642.7637329101562,2046284,0.0,0.0,647.245654296875,2.2071554629710777,2013,4,10,2,628.88330078125
2013-04-11,646.7745948562722,651.0164179846182,638.6688927384041,645.47265625,2244658,0.0,0.0,647.8126342773437,0.4214493135104025,2013,4,11,3,642.7637329101562
2013-04-12,622.373597221506,640.2648851695249,620.8826351977043,634.9100952148438,5032060,0.0,0.0,648.212325032552,-1.6364072022076792,2013,4,12,4,645.47265625
2013-04-15,635.6450056829912,635.8549974258663,608.2830713328598,618.4046630859375,5391496,0.0,0.0,647.5886494954427,-2.5996487145665936,2013,4,15,0,634.9100952148438
2013-04-16,617.3757056090285,627.2242975486432,612.3148842499218,622.8984985351562,3071582,0.0,0.0,647.3268575032552,0.7266820121947015,2013,4,16,1,618.4046630859375
2013-04-17,627.8751511475397,629.5550846623157,600.9962149111233,611.768798828125,5279004,0.0,0.0,646.5351847330729,-1.786759758324108,2013,4,17,2,622.8984985351562
2013-04-18,624.9143164568874,627.8332320199049,599.5053192551566,610.1309204101562,8554458,0.0,0.0,645.3116251627604,-0.26772833480658287,2013,4,18,3,611.768798828125
2013-04-22,607.2961156068255,613.09190817149,598.4764624756061,598.6024780273438,2962484,0.0,0.0,643.4091003417968,-1.8895030553545134,2013,4,22,0,610.1309204101562
2013-04-23,598.2454328678626,608.1360640856533,598.0564608135154,600.807373046875,3384170,0.0,0.0,641.178291829427,0.3683404430261161,2013,4,23,1,598.6024780273438
2013-04-25,600.8073424730788,600.8073424730788,587.4098602187953,588.9428100585938,7929194,0.0,0.0,638.6464884440104,-1.9747698714335793,2013,4,25,3,600.807373046875
2013-04-26,585.0370517970906,585.2260238768081,573.3195011666024,575.1044311523438,4754076,0.0,0.0,635.8906982421875,-2.349698250815424,2013,4,26,4,588.9428100585938
2013-04-29,573.2775384658404,581.5511937887047,573.2775384658404,575.6924438476562,3968916,0.0,0.0,633.2343017578125,0.10224450785996098,2013,4,29,0,575.1044311523438
2013-04-30,574.5372530088729,580.4170202180279,573.2773028926254,578.9050903320312,4020570,0.0,0.0,630.8081949869792,0.5580490969975482,2013,4,30,1,575.6924438476562
2013-05-02,576.8474000871237,604.272346131584,576.8474000871237,602.2144165039062,5630326,0.0,0.0,628.9350728352864,4.026450373498336,2013,5,2,3,578.9050903320312
2013-05-03,598.8965195718685,607.8211696706778,591.2948278588574,595.7466430664062,3641790,0.0,0.0,626.8106587727865,-1.0739984397995617,2013,5,3,4,602.2144165039062
2013-05-06,596.3766856012104,618.3838355205633,596.3766856012104,616.1998901367188,3727118,0.0,0.0,625.414219156901,3.433212307338618,2013,5,6,0,595.7466430664062
2013-05-07,616.1578036775262,621.0926099713641,612.0839840951527,618.0477294921875,2260180,0.0,0.0,624.3621602376302,0.29987661228871865,2013,5,7,1,616.1998901367188
2013-05-08,618.215576290895,624.8513346412371,617.3756094752824,621.617431640625,1768130,0.0,0.0,623.2765014648437,0.5775770993237783,2013,5,8,2,618.0477294921875
2013-05-09,622.919470744615,631.4241361288149,622.835494556468,629.32421875,1949700,0.0,0.0,622.4155354817708,1.239795848233305,2013,5,9,3,621.617431640625
2013-05-10,629.3242230083711,634.5530480775096,626.2373546941286,628.2532958984375,1139714,0.0,0.0,621.7680582682292,-0.17017029055224064,2013,5,10,4,629.32421875
2013-05-13,621.5755513577883,621.9955348384354,607.1700974645851,609.6480102539062,1862498,0.0,0.0,620.4836059570313,-2.9614306468420004,2013,5,13,0,628.2532958984375
2013-05-14,611.1178159018574,617.6065899886602,606.3510147150012,612.3147583007812,2250100,0.0,0.0,619.1060546875,0.43742421889712,2013,5,14,1,609.6480102539062
2013-05-15,612.3776827134824,620.3993540563547,608.9758279967928,618.0264892578125,3565926,0.0,0.0,617.6473063151042,0.9328096178641498,2013,5,15,2,612.3147583007812
2013-05-16,616.9559194843873,616.9559194843873,607.905252234769,610.6771850585938,2415652,0.0,0.0,616.208164469401,-1.1891568285437915,2013,5,16,3,618.0264892578125
2013-05-17,611.0759696754096,620.9455815567651,610.6979742860249,618.9716796875,2900200,0.0,0.0,614.8985168457032,1.35824537609186,2013,5,17,4,610.6771850585938
2013-05-20,617.9006147642068,620.7355028863195,613.5957846528504,618.3836059570312,1385504,0.0,0.0,613.9045552571614,-0.09500818046564996,2013,5,20,0,618.9716796875
2013-05-21,615.2758808732412,630.8152717212345,615.2758808732412,626.972412109375,1898432,0.0,0.0,613.6952657063802,1.3889123304055673,2013,5,21,1,618.3836059570312
2013-05-22,629.1352800386936,633.8181062951553,626.7413946069684,629.3032836914062,1846944,0.0,0.0,613.695967610677,0.37176621124195286,2013,5,22,2,626.972412109375
2013-05-23,627.8752842405726,641.209759340665,620.8825492495411,626.9093017578125,3063962,0.0,0.0,613.8632548014323,-0.38041783598378176,2013,5,23,3,629.3032836914062
2013-05-24,629.9750576356595,631.2139880753424,614.6876526502006,617.1865844726562,1586612,0.0,0.0,613.4733642578125,-1.550896957166592,2013,5,24,4,626.9093017578125
2013-05-27,617.1657845837093,629.9752819840517,613.1759411311436,629.1353149414062,2023864,0.0,0.0,613.0190836588541,1.9359997072780466,2013,5,27,0,617.1865844726562
2013-05-28,629.1352489259691,636.9049432551616,625.9013966581217,635.89697265625,1400254,0.0,0.0,612.6998942057292,1.074754119544763,2013,5,28,1,629.1353149414062
2013-05-29,636.6948838895147,641.5246933649299,623.7173855672887,628.8621826171875,1452038,0.0,0.0,612.4982971191406,-1.1062782717264685,2013,5,29,2,635.89697265625
2013-05-30,629.9751243274796,635.0149253220994,624.5153399166414,629.72314453125,2408346,0.0,0.0,612.8755798339844,0.13690788504396867,2013,5,30,3,628.8621826171875
2013-05-31,626.1953623625717,633.8600607952457,620.2105978329495,629.32421875,1929868,0.0,0.0,613.0897705078125,-0.06334939166749987,2013,5,31,4,629.72314453125
2013-06-03,631.655323421109,632.9152741992095,611.9580826699636,617.1239013671875,3097612,0.0,0.0,613.2682739257813,-1.9386378307584384,2013,6,3,0,629.32421875
2013-06-04,613.1758283199964,619.0136084458601,609.0390016495588,615.4227294921875,1305320,0.0,0.0,613.444667561849,-0.2756613171570832,2013,6,4,1,617.1239013671875
2013-06-05,613.6378621054312,618.4886918833604,610.109990563984,616.4517822265625,1728676,0.0,0.0,614.0396443684896,0.16721071306939894,2013,6,5,2,615.4227294921875
2013-06-06,615.9856006428637,626.4942843372189,615.2864769444708,623.2103271484375,2540452,6.5,0.0,614.7864095052083,1.0963622973825693,2013,6,6,3,616.4517822265625
2013-06-07,622.9347679818665,652.1302114449632,622.0449320345717,643.63427734375,3550844,0.0,0.0,616.6094584147136,3.2772162632099366,2013,6,7,4,623.2103271484375
2013-06-10,646.2191162109375,654.5454937852124,643.6978539907819,646.2191162109375,3360430,0.0,0.0,618.9799479166667,0.40160056078042405,2013,6,10,0,643.63427734375
2013-06-11,648.4013578819233,653.4014676240324,632.2146496076889,636.2613525390625,2205468,0.0,0.0,620.9989115397135,-1.5409268191045933,2013,6,11,1,646.2191162109375
2013-06-12,633.1045488119134,633.5282852145351,619.52382814327,622.08740234375,4805954,0.0,0.0,622.4383219401042,-2.2276930916438675,2013,6,12,2,636.2613525390625
2013-06-13,618.655192431835,620.3501381645249,608.1041449007122,612.5745849609375,3151342,0.0,0.0,622.7836608886719,-1.5291769849337,2013,6,13,3,622.08740234375
2013-06-14,613.5704706796473,617.4900334239752,606.3669499603421,614.7145385742188,3105996,0.0,0.0,623.4159240722656,0.34933764243871845,2013,6,14,4,612.5745849609375
2013-06-17,615.6890693929556,620.7739068552512,605.0956580131732,615.4559936523438,2584162,0.0,0.0,623.3911275227864,0.1206177878669834,2013,6,17,0,614.7145385742188
2013-06-18,616.5364765155429,618.6551585654245,610.2440011725217,611.7906494140625,2291528,0.0,0.0,623.182558186849,-0.5955493611378704,2013,6,18,1,615.4559936523438
2013-06-19,616.4941060774285,616.4941060774285,603.2099801236981,604.9684448242188,2139788,0.0,0.0,622.6275919596354,-1.1151207682526088,2013,6,19,2,611.7906494140625
2013-06-20,602.1293449904325,607.2777519165812,592.849508709142,595.1376953125,4172878,0.0,0.0,621.4880411783854,-1.6250020304075852,2013,6,20,3,604.9684448242188
2013-06-21,596.9598845379761,606.7269779075416,596.620874714361,602.6591186523438,2848224,0.0,0.0,620.6349019368489,1.2638122906824645,2013,6,21,4,595.1376953125
2013-06-24,599.5870409296831,607.6803962960446,593.2733578567448,597.7649536132812,1889164,0.0,0.0,620.2388000488281,-0.8120950778952363,2013,6,24,0,602.6591186523438
2013-06-25,598.9515154542606,604.7143212465055,585.0529381973953,589.9683227539062,1860548,0.0,0.0,619.4939188639323,-1.3042970840373092,2013,6,25,1,597.7649536132812
2013-06-26,591.9172776019384,613.4642591961139,585.2010672540857,609.2056884765625,2326488,0.0,0.0,619.199892171224,3.2607455317021694,2013,6,26,2,589.9683227539062
2013-06-27,613.4855386299407,634.3333473930883,611.0278469878646,632.1723022460938,3820678,0.0,0.0,619.9163960774739,3.7699276621929956,2013,6,27,3,609.2056884765625
2013-06-28,633.4859624972411,645.9014605795828,617.8924411916689,643.2954711914062,4817096,0.0,0.0,620.7271891276042,1.759515389363342,2013,6,28,4,632.1723022460938
2013-07-01,640.6894681215584,642.6810086086655,628.5706168342278,632.363037109375,1354652,0.0,0.0,621.1931701660156,-1.6994421026754636,2013,7,1,0,643.2954711914062
2013-07-02,632.6808401462207,639.2063913778037,629.9477609197459,635.8377075195312,1657242,0.0,0.0,621.4886800130208,0.5494739898207035,2013,7,2,1,632.363037109375
2013-07-03,634.6298853185616,643.6554899027748,620.773727918081,631.2824096679688,1530906,0.0,0.0,621.5546508789063,-0.7164246155411558,2013,7,3,2,635.8377075195312
2013-07-04,631.727416543225,652.9778078511928,631.3672509398295,651.833740234375,1917060,0.0,0.0,622.3854654947917,3.255489183868665,2013,7,4,3,631.2824096679688
2013-07-05,653.4014154955431,660.1811967198807,644.926688965121,648.4013061523438,1293012,0.0,0.0,623.425956217448,-0.5265812231194267,2013,7,5,4,651.833740234375
2013-07-08,647.4693094425049,650.4354646559195,635.6046885888464,638.4225463867188,1658796,0.0,0.0,623.7355305989583,-1.538978973506333,2013,7,8,0,648.4013061523438
2013-07-09,633.6130491752457,644.8208560804098,633.6130491752457,637.680908203125,1097326,0.0,0.0,623.7949951171875,-0.11616729199042108,2013,7,9,1,638.4225463867188
2013-07-10,639.8421304913477,646.960924553961,634.7572923682376,640.6683959960938,1322624,0.0,0.0,624.188535563151,0.4684925884619995,2013,7,10,2,637.680908203125
2013-07-11,644.0793696145853,665.2661909834861,644.0793696145853,662.9568481445312,2335274,0.0,0.0,625.2963256835938,3.4789373547580826,2013,7,11,3,640.6683959960938
2013-07-12,675.8595633297242,688.4869288395555,669.2069224875164,682.1520385742188,3251536,0.0,0.0,627.0572530110677,2.8953906251078854,2013,7,12,4,662.9568481445312
2013-07-15,678.444236044404,698.0208857689289,677.6815416763067,695.6691284179688,2060570,0.0,0.0,629.6754272460937,1.9815362381680135,2013,7,15,0,682.1520385742188
2013-07-16,688.5717973056235,706.0932908488559,685.4361369296872,698.8897705078125,2224986,0.0,0.0,632.4576619466146,0.4629560172042968,2013,7,16,1,695.6691284179688
2013-07-17,697.0676146658503,713.9746563524975,697.0676146658503,711.2415771484375,2999250,0.0,0.0,635.6173217773437,1.7673468924362945,2013,7,17,2,698.8897705078125
2013-07-18,711.8770604051743,717.0890381448206,696.6225519679206,703.5718383789062,3445532,0.0,0.0,638.2960388183594,-1.0783591702106854,2013,7,18,3,711.2415771484375
2013-07-19,728.4029065103091,745.3523633226491,720.3519145244477,738.4878540039062,8550804,0.0,0.0,641.4578247070312,4.962679533258418,2013,7,19,4,703.5718383789062
2013-07-22,737.725052888981,745.2675812997536,732.3436214415606,740.0556030273438,2974772,0.0,0.0,644.5857076009114,0.21229178177237795,2013,7,22,0,738.4878540039062
2013-07-23,740.691233275677,754.4414588782122,738.8267827552564,741.4539794921875,1646502,0.0,0.0,648.092128499349,0.18895559456930666,2013,7,23,1,740.0556030273438
2013-07-24,740.903196731627,759.3357326526026,739.4201191287899,755.4373779296875,2181644,0.0,0.0,652.5371276855469,1.885942866889323,2013,7,24,2,741.4539794921875
2013-07-25,754.250773446201,766.9628651334966,748.61505877458,760.9246215820312,4088808,0.0,0.0,657.48212890625,0.7263664484515875,2013,7,25,3,755.4373779296875
2013-07-26,760.6067613401221,762.2804992611759,741.5809885525609,751.920166015625,2379064,0.0,0.0,662.0556498209636,-1.1833571041090951,2013,7,26,4,760.9246215820312
2013-07-29,746.6114444626031,762.1552218457163,746.2929242217914,755.6149291992188,1774262,2.0,0.0,666.7276143391927,0.4913770571112641,2013,7,29,0,751.920166015625
2013-07-30,755.9547746633718,766.5508615824712,754.0223976203536,761.1785278320312,2617484,0.0,0.0,671.7072102864583,0.7363007820277767,2013,7,30,1,755.6149291992188
2013-07-31,760.2018036418169,777.8265940614457,759.9682013450395,771.031494140625,2826750,0.0,0.0,677.2426452636719,1.2944356610605778,2013,7,31,2,761.1785278320312
2013-08-01,768.716790857029,779.2279590902108,760.2016621169913,770.9888916015625,2141178,0.0,0.0,683.1043518066406,-0.005525395445749037,2013,8,1,3,771.031494140625
2013-08-02,772.8153277210529,785.6411122603286,771.541246254122,783.9210815429688,1846854,0.0,0.0,689.1464172363281,1.6773510075537512,2013,8,2,4,770.9888916015625
2013-08-05,781.436329334101,797.3198824836285,781.436329334101,792.9879760742188,2355184,0.0,0.0,695.6538513183593,1.15660807506337,2013,8,5,0,783.9210815429688
2013-08-06,795.4512876064982,799.2522754248022,791.9051056356938,794.2196655273438,2305290,0.0,0.0,702.4622294108073,0.1553225887765297,2013,8,6,1,792.9879760742188
2013-08-07,795.875979519351,803.0533132890644,770.1607557087701,774.0891723632812,2694980,0.0,0.0,707.9583455403646,-2.5346253735352042,2013,8,7,2,794.2196655273438
2013-08-08,766.6146794975675,788.2953162213062,757.5262228584269,783.7298583984375,2158628,0.0,0.0,713.010264078776,1.2454231862878862,2013,8,8,3,774.0891723632812
2013-08-12,781.8612015796733,781.8612015796733,767.9100221209638,770.3944702148438,2077574,0.0,0.0,717.2468973795573,-1.7015286633132454,2013,8,12,0,783.7298583984375
2013-08-13,773.0275020326226,783.4962127836462,768.6743913258932,772.857666015625,2168296,0.0,0.0,721.9300516764323,0.31973176028825545,2013,8,13,1,770.3944702148438
2013-08-14,774.8538422055293,789.0810845809117,765.2982316548993,778.6760864257812,3302068,0.0,0.0,726.6913309733073,0.7528450148075017,2013,8,14,2,772.857666015625
2013-08-16,774.7263051317142,777.1895495777576,745.5711211529732,756.3370971679688,2779930,0.0,0.0,730.8598205566407,-2.868842339868327,2013,8,16,4,778.6760864257812
2013-08-19,763.5994262705456,767.4216703397531,745.5711958144519,754.8719482421875,2121352,0.0,0.0,734.2944274902344,-0.19371639065006718,2013,8,19,0,756.3370971679688
2013-08-20,760.1167630484961,760.1167630484961,734.7200604530648,737.4381103515625,2724844,0.0,0.0,737.2623209635417,-2.3095093056805016,2013,8,20,1,754.8719482421875
2013-08-21,739.0095798965175,740.5384670195149,722.4677791630138,729.5389404296875,3623994,0.0,0.0,740.2995340983073,-1.0711637778130556,2013,8,21,2,737.4381103515625
2013-08-22,724.1027711701197,763.2383066783995,719.940752100297,755.5088500976562,4260988,0.0,0.0,744.2271321614584,3.5597701820649696,2013,8,22,3,729.5389404296875
2013-08-23,761.9005005987248,780.5870234673669,757.7809924305894,776.9558715820312,4032884,0.0,0.0,748.7700480143229,2.8387518533506073,2013,8,23,4,755.5088500976562
2013-08-26,774.2591060074523,797.829607328754,770.3944035466927,782.2858276367188,2663238,0.0,0.0,752.7476806640625,0.6860049907126298,2013,8,26,0,776.9558715820312
2013-08-27,781.0116758113181,797.935708553794,777.1894326996803,780.9267578125,1945284,0.0,0.0,756.0401713053385,-0.17373059516168077,2013,8,27,1,782.2858276367188
2013-08-28,776.3400948346643,826.4964111619938,776.3400948346643,810.2731323242188,4444684,0.0,0.0,759.8603047688802,3.7578907648039284,2013,8,28,2,780.9267578125
2013-08-29,807.3427722004686,836.6466392608748,797.7022453683188,826.921142578125,5905182,0.0,0.0,764.128017171224,2.0546170901844407,2013,8,29,3,810.2731323242188
2013-08-30,823.4810580876267,870.6220572870731,819.6588149092933,863.4871826171875,5282942,0.0,0.0,769.202870686849,4.42195006951438,2013,8,30,4,826.921142578125
2013-09-02,857.8813061300262,878.6912982094179,856.8195718402613,873.5313110351562,2154034,0.0,0.0,774.8681864420573,1.1632052704622087,2013,9,2,0,863.4871826171875
2013-09-03,870.664533848211,877.8418153931575,843.5053425615891,849.8544921875,2355064,0.0,0.0,778.5804077148438,-2.7104716852792143,2013,9,3,1,873.5313110351562
2013-09-04,849.3876248756052,882.8535180327066,846.8182065733539,878.7340087890625,2626516,0.0,0.0,783.2030212402344,3.3981719067257554,2013,9,4,2,849.8544921875
2013-09-05,878.6913298774901,878.6913298774901,841.3395369543991,845.4590454101562,3927492,0.0,0.0,786.6698567708333,-3.786693475624181,2013,9,5,3,878.7340087890625
2013-09-06,853.2096514600499,860.0047507250379,838.7700655219505,844.630859375,2759596,0.0,0.0,789.6429728190104,-0.09795696665052533,2013,9,6,4,845.4590454101562
2013-09-10,843.441789766051,856.4798671890806,841.3183210103459,844.2487182617188,4300972,0.0,0.0,792.4204427083333,-0.045243565166919186,2013,9,10,1,844.630859375
2013-09-11,852.7851478062181,857.0320857933009,842.3801497378653,846.7545166015625,3008494,0.0,0.0,795.5815877278645,0.29680807156013955,2013,9,11,2,844.2487182617188
2013-09-12,847.2639498935459,848.7716332982739,826.3690401369282,835.7547607421875,1905568,0.0,0.0,798.2529154459636,-1.29904897390124,2013,9,12,3,846.7545166015625
2013-09-13,834.5232884851847,845.1406331224008,826.6877088799205,829.7454833984375,2096320,0.0,0.0,800.5384806315104,-0.7190240039330997,2013,9,13,4,835.7547607421875
2013-09-16,828.152670815344,843.016949522286,804.3910803050998,808.0009765625,2460506,0.0,0.0,801.7707967122395,-2.6206237058232884,2013,9,16,0,829.7454833984375
2013-09-17,806.9181264812571,829.2358038217251,805.6865042354964,827.06982421875,3327816,0.0,0.0,803.6401611328125,2.3600030457110455,2013,9,17,1,808.0009765625
2013-09-18,824.776548199167,834.4383313663172,823.0140587034724,830.06396484375,2109818,0.0,0.0,805.1782572428385,0.3620178777321792,2013,9,18,2,827.06982421875
2013-09-19,827.3034012439836,845.1405382317902,818.1724858811777,835.0753173828125,3907240,0.0,0.0,806.5811686197917,0.6037308871739588,2013,9,19,3,830.06396484375
2013-09-20,828.1528445705658,845.0981362202791,824.3306006725478,828.2802734375,3591858,0.0,0.0,807.7165222167969,-0.8137043214986539,2013,9,20,4,835.0753173828125
2013-09-23,828.1527978677061,839.7044469266053,823.9058604427436,830.3187255859375,2988758,0.0,0.0,809.5908406575521,0.2461065672827889,2013,9,23,0,828.2802734375
2013-09-24,830.2761726743262,840.0016686460174,817.9600555349116,823.6934204101562,4940300,0.0,0.0,810.9229593912761,-0.7979231313982371,2013,9,24,1,830.3187255859375
2013-09-25,824.5427601411418,837.0499679831606,815.4967642349438,831.9961547851562,4333858,0.0,0.0,812.9763488769531,1.007988429829343,2013,9,25,2,823.6934204101562
2013-09-26,830.1913782921808,838.3879367103228,821.8248801599585,825.1375122070312,4919704,0.0,0.0,814.7190104166667,-0.8243598890064652,2013,9,26,3,831.9961547851562
2013-09-27,825.2223565962576,833.2278228461959,822.8228267108263,827.3458251953125,1784666,0.0,0.0,816.3413350423177,0.26762969270111014,2013,9,27,4,825.1375122070312
2013-09-30,829.8515645806899,833.1854000576144,815.4119774794906,818.724609375,1987350,0.0,0.0,818.4209187825521,-1.0420329151086594,2013,9,30,0,827.3458251953125
2013-10-01,820.5082193361173,830.2124599054192,814.0103850608997,827.749267578125,1591994,0.0,0.0,820.8501627604167,1.102282513532149,2013,10,1,1,818.724609375
2013-10-03,837.4109835809164,865.0585306123272,832.5694654649694,859.8347778320312,4672354,0.0,0.0,824.9300516764323,3.8762354145940536,2013,10,3,3,827.749267578125
2013-10-04,862.9777269098113,878.6913961498029,860.8330026684339,863.6572265625,1934032,0.0,0.0,829.4006612141927,0.44455619021441795,2013,10,4,4,859.8347778320312
2013-10-07,864.2518008401312,890.8800788317191,860.1322921087532,887.5037841796875,1993878,0.0,0.0,833.8004923502605,2.7611136552519566,2013,10,7,0,863.6572265625
2013-10-08,884.6369721670561,891.0073776315332,873.4038446016917,875.4848022460938,1828106,0.0,0.0,837.0847900390625,-1.354245711155222,2013,10,8,1,887.5037841796875
2013-10-09,872.9581621005632,890.8589654490031,868.5413359277094,887.9711303710938,1775858,0.0,0.0,840.6076334635417,1.426218718242267,2013,10,9,2,875.4848022460938
2013-10-10,886.7604034423828,891.0073402404785,877.9480095863341,883.3628540039062,1164320,0.0,0.0,844.0221700032552,-0.5189669134019748,2013,10,10,3,887.9711303710938
2013-10-11,893.1309380025142,907.9952189488232,884.3822054572598,901.2213745117188,2284448,0.0,0.0,847.0537780761719,2.0216517399240352,2013,10,11,4,883.3628540039062
2013-10-14,903.5357121933168,944.9433417767945,902.4739781014327,939.7408447265624,4374460,0.0,0.0,850.8144348144531,4.274140772095358,2013,10,14,0,901.2213745117188
2013-10-15,949.1906168733204,959.3196051985216,934.7510280707731,940.8665771484376,4665092,0.0,0.0,853.3937479654948,0.11979179453487365,2013,10,15,1,939.7408447265624
2013-10-17,947.0670404532729,947.0670404532729,890.0306504190206,895.4454956054688,6687214,0.0,0.0,854.1242207845052,-4.827579451342645,2013,10,17,3,940.8665771484376
2013-10-18,893.8951333192526,906.211248040312,875.5271346404315,900.62646484375,5346166,0.0,0.0,855.8166198730469,0.5785912446606423,2013,10,18,4,895.4454956054688
2013-10-21,902.4739126363888,903.7267380369386,870.6218921903986,879.8164672851562,3685372,0.0,0.0,855.8527018229166,-2.310613597414557,2013,10,21,0,900.62646484375
2013-10-22,886.7606063020961,895.105797545449,882.0253121629424,887.333984375,2044614,0.0,0.0,857.2485331217448,0.8544415079022594,2013,10,22,1,879.8164672851562
2013-10-23,886.9727747774051,893.1308333047082,868.9870073092632,875.3573608398438,2455496,0.0,0.0,858.2727498372395,-1.3497311887126773,2013,10,23,2,887.333984375
2013-10-24,867.2247214418237,884.3611573870205,850.1732553603508,853.0823974609375,3617758,0.0,0.0,858.5672058105469,-2.544670825356976,2013,10,24,3,875.3573608398438
2013-10-25,848.9546008243221,881.7212696280678,848.9546008243221,879.9127197265625,2527402,2.0,0.0,859.6724792480469,3.145103256787518,2013,10,25,4,853.0823974609375
2013-10-28,880.0189333043448,889.2957494144556,873.4443445471505,878.2954711914062,1803942,0.0,0.0,861.0905029296875,-0.1837964719567653,2013,10,28,0,879.9127197265625
2013-10-29,878.7425986986638,887.5938766455333,871.4658543964505,880.7852172851562,1829076,0.0,0.0,862.7918273925782,0.28347477305930013,2013,10,29,1,878.2954711914062
2013-10-30,880.9765929681618,893.6364425712545,880.9765929681618,890.2108154296875,2114874,0.0,0.0,865.5321553548177,1.0701358242119152,2013,10,30,2,880.7852172851562
2013-10-31,888.9554767466767,905.977123022343,884.8702400837632,898.7642211914062,3523076,0.0,0.0,867.9219685872396,0.9608292343190827,2013,10,31,3,890.2108154296875
2013-11-01,897.8918421349734,911.4878613358442,889.8491558166792,892.6151733398438,1346480,0.0,0.0,870.0070088704427,-0.6841669602080214,2013,11,1,4,898.7642211914062
2013-11-05,893.6364034714358,895.7641091939868,864.5719225230124,868.9550170898438,2261286,0.0,0.0,871.1363321940104,-2.6506558432647154,2013,11,5,1,892.6151733398438
2013-11-06,877.891433695351,895.1471489169405,876.2105668522564,889.8491821289062,1667750,0.0,0.0,873.1886291503906,2.404516301550075,2013,11,6,2,868.9550170898438
2013-11-07,893.636261812825,914.126023116216,885.2531233732394,902.9768676757812,1956948,0.0,0.0,875.6105672200521,1.4752708448265262,2013,11,7,3,889.8491821289062
2013-11-08,906.4026931190378,907.1473901673752,881.3808515165292,889.7427978515625,1609346,0.0,0.0,877.8122131347657,-1.4656045240984517,2013,11,8,4,902.9768676757812
2013-11-11,889.3807118931858,910.6577624169462,872.3590714741774,891.3594360351562,1961138,0.0,0.0,879.7909891764323,0.18169724863155157,2013,11,11,0,889.7427978515625
2013-11-12,892.2958614035559,902.8704949804916,884.6999115156149,888.1680297851562,1000682,0.0,0.0,881.8920064290364,-0.35803808441133844,2013,11,12,1,891.3594360351562
2013-11-13,893.1895355568057,896.2747087545617,869.657142195278,871.9337768554688,1208338,0.0,0.0,883.378271484375,-1.8278357681501434,2013,11,13,2,888.1680297851562
2013-11-14,881.7211880739555,881.7211880739555,860.3802908209126,862.2313842773438,2129704,0.0,0.0,884.8284973144531,-1.1127442055422598,2013,11,14,3,871.9337768554688
2013-11-18,870.65711249484,876.5720923768389,864.8059222226973,869.8060302734375,2831602,0.0,0.0,886.2303894042968,0.8784934223244667,2013,11,18,0,862.2313842773438
2013-11-19,872.3380995535186,874.4871032376626,860.1037909315805,863.8060302734375,2077864,0.0,0.0,886.3627644856771,-0.6898089678814667,2013,11,19,1,869.8060302734375
2013-11-20,871.0189545123384,872.3168239446932,858.3165606695071,861.1251220703125,1658696,0.0,0.0,886.2783610026041,-0.3103599777228183,2013,11,20,2,863.8060302734375
2013-11-21,860.9549242890583,865.8486480278264,842.5715654574561,845.380126953125,2302882,0.0,0.0,884.8742390950521,-1.8284212960055668,2013,11,21,3,861.1251220703125
2013-11-22,847.2523392005704,855.7631612919874,844.7416362944152,851.4439086914062,1494494,0.0,0.0,884.0728759765625,0.7172846326700455,2013,11,22,4,845.380126953125
2013-11-25,854.4865512561313,862.5079908127498,848.1459783103123,856.7206420898438,1950998,0.0,0.0,883.0311930338542,0.6197394032153358,2013,11,25,0,851.4439086914062
2013-11-26,852.401219081823,858.0821813916733,845.5500189500741,848.401123046875,2047412,0.0,0.0,881.8658020019532,-0.9710888980887011,2013,11,26,1,856.7206420898438
2013-11-27,854.9120737002487,856.9120961007652,840.4436762359339,845.3161010742188,2120978,0.0,0.0,880.0022928873698,-0.3636277568300428,2013,11,27,2,848.401123046875
2013-11-28,848.145907737837,849.6140556168198,838.3159192766224,844.52880859375,2805722,0.0,0.0,876.8285583496094,-0.0931358670996918,2013,11,28,3,845.3161010742188
2013-11-29,847.6778057490316,857.3375671948072,843.3373076425445,852.9332275390625,1924812,0.0,0.0,873.8974466959636,0.9951607168152021,2013,11,29,4,844.52880859375
2013-12-02,848.9543951100593,860.0184624147519,848.9543951100593,856.9971313476562,1253260,0.0,0.0,872.6158345540365,0.4764621282628667,2013,12,2,0,852.9332275390625
2013-12-03,857.9122123557295,868.9549838550417,857.4866712274949,859.9335327148438,1449184,0.0,0.0,871.2594034830729,0.3426384126362203,2013,12,3,1,856.9971313476562
2013-12-04,859.5506195292187,864.5294304390131,848.3801638185766,851.1036376953125,1519036,0.0,0.0,870.3023091634115,-1.0268113387385758,2013,12,4,2,859.9335327148438
2013-12-05,857.8909879534236,865.3592561715739,843.8694273562724,845.6141357421875,1397190,0.0,0.0,868.9116475423177,-0.6449863107141574,2013,12,5,3,851.1036376953125
2013-12-06,847.2524075672729,855.3376892065387,847.2524075672729,851.2099609375,1446962,0.0,0.0,868.1067342122395,0.6617468841626062,2013,12,6,4,845.6141357421875
2013-12-09,863.4228232306046,863.8270664650804,851.0821323120795,853.14599609375,1826340,0.0,0.0,868.1088541666667,0.22744507760668053,2013,12,9,0,851.2099609375
2013-12-10,851.0822483420358,888.9554083932564,851.0822483420358,886.2957763671875,3653334,0.0,0.0,868.3216227213542,3.885592902647206,2013,12,10,1,853.14599609375
2013-12-11,884.6999160297675,888.0404551049526,869.3804369643169,875.7848510742188,1556062,0.0,0.0,868.2379353841146,-1.1859387772388708,2013,12,11,2,886.2957763671875
2013-12-12,870.2315110769075,878.3167916199204,861.763233171618,863.3803100585938,1655964,0.0,0.0,867.6577718098958,-1.4163913660312666,2013,12,12,3,875.7848510742188
2013-12-13,867.2314128324655,870.231498188947,848.9544444434958,851.84814453125,3463350,0.0,0.0,866.3790161132813,-1.3356993891325941,2013,12,13,4,863.3803100585938
2013-12-16,856.9121539479102,868.0188190138016,853.273808448686,859.2313842773438,2858500,0.0,0.0,865.0612548828125,0.8667319161863807,2013,12,16,0,851.84814453125
2013-12-17,864.5293029404542,879.1041378070144,863.848447558167,870.3804931640625,2995474,0.0,0.0,864.3200988769531,1.2975676972153183,2013,12,17,1,859.2313842773438
2013-12-18,868.1040648498667,881.2958423059187,867.2529824333473,874.82763671875,1587990,0.0,0.0,864.5158528645833,0.5109424659232698,2013,12,18,2,870.3804931640625
2013-12-19,883.4023244392191,897.8920245714667,877.7426051173308,885.7640991210938,2161986,0.0,0.0,864.3796834309895,1.2501276758200675,2013,12,19,3,874.82763671875
2013-12-20,888.5724372836465,906.4025683148752,887.6149697819054,902.3812255859376,1965812,0.0,0.0,864.3598286946615,1.8760216722863765,2013,12,20,4,885.7640991210938
2013-12-23,906.3811936859156,912.1259982096216,892.7638792593528,897.4874267578125,1321224,0.0,0.0,864.6179829915365,-0.5423205502693706,2013,12,23,0,902.3812255859376
2013-12-24,902.062163342301,905.9771211994504,895.4449775875731,898.189697265625,870156,0.0,0.0,864.8456583658855,0.0782485065389027,2013,12,24,1,897.4874267578125
2013-12-26,900.0195947170401,900.8706770761106,889.9980791606073,893.76416015625,2297194,0.0,0.0,865.0321960449219,-0.49271742070163826,2013,12,26,3,898.189697265625
2013-12-27,896.615193668445,923.3816901666262,895.7641113773502,919.4454345703124,2479946,0.0,0.0,866.61591796875,2.873383780523575,2013,12,27,4,893.76416015625
2013-12-30,923.4242540720204,925.6583450092916,913.5091249434709,917.4879760742188,1668776,0.0,0.0,868.4578043619791,-0.21289555883307054,2013,12,30,0,919.4454345703124
2013-12-31,919.2116172396768,929.7862540646328,915.2965549602482,924.2968139648438,1245776,0.0,0.0,870.2741638183594,0.7421173975226347,2013,12,31,1,917.4879760742188
2014-01-01,927.7220868634056,929.5944259311058,915.3813963841188,916.3175659179688,529952,0.0,0.0,872.0245483398437,-0.8632776751276938,2014,1,1,2,924.2968139648438
2014-01-02,921.7221639128836,931.509610713436,917.5305418785014,922.147705078125,1726948,0.0,0.0,874.0586344401041,0.6362574916170649,2014,1,2,3,916.3175659179688
2014-01-03,921.1690152665868,948.5739308937714,913.7433421017012,945.6376342773438,2618174,0.0,0.0,877.4005513509114,2.5473065833014896,2014,1,3,4,922.147705078125
2014-01-06,948.53115373664,954.9142705181785,934.9138379360242,953.0419311523438,2311810,0.0,0.0,880.7871520996093,0.7829951565599735,2014,1,6,0,945.6376342773438
2014-01-07,953.211979562635,960.212109259176,935.7647960081404,938.807373046875,2897486,0.0,0.0,883.5233764648438,-1.493592006834099,2014,1,7,1,953.0419311523438
2014-01-08,941.2972097994364,954.914529290206,940.4461273312636,950.0845947265624,2550020,0.0,0.0,886.9128255208333,1.201228495158424,2014,1,8,2,938.807373046875
2014-01-09,948.4247482475006,959.8079729320192,945.5949414247336,954.0418701171876,2582206,0.0,0.0,890.5370178222656,0.4165182145453139,2014,1,9,3,950.0845947265624
2014-01-10,961.722810414184,982.9147763069928,951.0842837503102,970.6165771484376,3369334,0.0,0.0,894.7399434407552,1.7373144251220385,2014,1,10,4,954.0418701171876
2014-01-13,972.3615975171092,1014.4901743898416,972.3615975171092,1008.0006713867188,3814316,0.0,0.0,899.908858235677,3.851582088996608,2014,1,13,0,970.6165771484376
2014-01-14,1009.383232315898,1014.8301777880456,987.2551007474212,990.1275024414062,2974964,0.0,0.0,904.3465372721354,-1.7731306588044449,2014,1,14,1,1008.0006713867188
2014-01-15,996.8087431990804,1012.0218377420564,990.2341538882524,1001.5535888671876,3048854,0.0,0.0,909.0672058105469,1.1540015197646358,2014,1,15,2,990.1275024414062
2014-01-16,1012.7882130242472,1012.8308087076092,989.3834433955356,1000.149658203125,2997962,0.0,0.0,914.0354064941406,-0.14017529163372622,2014,1,16,3,1001.5535888671876
2014-01-17,977.89334417986,977.89334417986,938.76486495939,941.74365234375,7564756,0.0,0.0,917.2397237141927,-5.839726622944363,2014,1,17,4,1000.149658203125
2014-01-20,944.2545805003584,1000.021772912878,942.7864842078644,995.0003662109376,6010558,0.0,0.0,922.0327372233073,5.6551179012086505,2014,1,20,0,941.74365234375
2014-01-21,993.2130503509114,995.447141402472,968.1487180149188,970.3615112304688,3132282,0.0,0.0,925.9399210611979,-2.4762659208153015,2014,1,21,1,995.0003662109376
2014-01-22,973.2549303356344,977.4039553741522,963.467486655028,967.7015991210938,2384030,0.0,0.0,928.6534484863281,-0.27411558255253654,2014,1,22,2,970.3615112304688
2014-01-23,965.1695443388091,968.8291344546218,952.0628612943646,958.509765625,2290762,0.0,0.0,931.4109456380208,-0.9498623857232547,2014,1,23,3,967.7015991210938
2014-01-24,954.9142841322704,971.6167732820884,951.0844140087452,956.914306640625,1850266,0.0,0.0,934.5287455240885,-0.1664520322685159,2014,1,24,4,958.509765625
2014-01-27,948.9424533985542,963.2234831329888,946.4273285985138,950.4771728515624,2532948,2.0,0.0,937.8163798014323,-0.6726969953726569,2014,1,27,0,956.914306640625
2014-01-28,951.5004000315172,958.2572881410424,936.1962909628922,943.1236572265624,2852166,0.0,0.0,940.6127888997396,-0.7736656739412706,2014,1,28,1,950.4771728515624
2014-01-29,954.9104116174608,954.9104116174608,939.989936435938,942.0361938476562,1698076,0.0,0.0,943.0013122558594,-0.11530443230572951,2014,1,29,2,943.1236572265624
2014-01-30,937.0275798372452,949.3689287967244,933.5958482554228,945.3617553710938,2225250,0.0,0.0,945.3524495442708,0.3530184450615037,2014,1,30,3,942.0361938476562
2014-01-31,948.5587612572936,967.614322108923,946.8108922252698,955.3582153320312,2174246,0.0,0.0,947.6722534179687,1.0574216593957075,2014,1,31,4,945.3617553710938
2014-02-03,947.2374301980528,956.7225934842394,933.9369074391186,935.4928588867188,1362480,0.0,0.0,948.7759745279948,-2.0793620786951017,2014,2,3,0,955.3582153320312
2014-02-04,926.7750875801328,927.20138706844,900.3658550948985,917.1194458007812,2694166,0.0,0.0,949.4303751627605,-1.9640356322765284,2014,2,4,1,935.4928588867188
2014-02-05,922.426675139674,937.8586928151404,912.2807284656368,935.4713745117188,1853650,0.0,0.0,950.6730977376302,2.0010401911076725,2014,2,5,2,917.1194458007812
2014-02-06,929.3324778357012,933.5527992923292,914.4120022741188,927.3075561523438,1922652,0.0,0.0,951.7912109375,-0.8726956892332716,2014,2,6,3,935.4713745117188
2014-02-07,933.595728256125,935.7272253526002,908.444062517718,914.1564331054688,1990912,0.0,0.0,951.6149108886718,-1.4182050992275541,2014,2,7,4,927.3075561523438
2014-02-10,913.9860348137258,913.9860348137258,888.8770384545469,892.479248046875,4019270,0.0,0.0,950.7812866210937,-2.3712774174715845,2014,2,10,0,914.1564331054688
2014-02-11,895.2286200379785,906.525552624172,893.5234226664776,895.9533081054688,3568786,0.0,0.0,949.836503092448,0.389259477595294,2014,2,11,1,892.479248046875
2014-02-12,902.9022641435922,905.2895827711906,893.0973764781991,897.5521850585938,3074348,0.0,0.0,949.2109903971354,0.17845538809448946,2014,2,12,2,895.9533081054688
2014-02-13,898.2128242050197,911.5985835614229,893.736680562802,909.6163330078124,2094350,0.0,0.0,948.7932779947917,1.3441166040313313,2014,2,13,3,897.5521850585938
2014-02-14,911.385335945384,931.3575020625656,907.2076855897592,924.17431640625,1910062,0.0,0.0,948.0778340657552,1.600453165819804,2014,2,14,4,909.6163330078124
2014-02-17,920.8065457741708,931.8903282696006,915.3498935764084,923.1085205078124,1670394,0.0,0.0,947.0800537109375,-0.11532412008398163,2014,2,17,0,924.17431640625
2014-02-18,922.938202552408,934.0219869710512,919.0376046666478,923.364501953125,1526916,0.0,0.0,946.5652913411458,0.027730374016243786,2014,2,18,1,923.1085205078124
2014-02-19,925.0696335907828,944.2531052551078,921.7658134708156,936.9846801757812,1072918,0.0,0.0,946.1286275227865,1.4750597617567696,2014,2,19,2,923.364501953125
2014-02-20,940.416385171113,947.2371749094348,930.5262608659448,933.3185424804688,1587924,0.0,0.0,945.4378499348958,-0.391269758500723,2014,2,20,3,936.9846801757812
2014-02-21,937.0062112688108,943.4007031564504,933.9155401897848,940.2886962890624,1717860,0.0,0.0,944.4269205729166,0.7468140287954839,2014,2,21,4,933.3185424804688
2014-02-24,939.563895143396,940.0967694033458,925.1123868443603,928.4374389648438,2450424,0.0,0.0,941.7748128255208,-1.2603849616602547,2014,2,24,0,940.2886962890624
2014-02-25,933.1694415928469,937.6455855566315,929.3327467667456,933.1267700195312,3305374,0.0,0.0,939.8747884114583,0.5050777637657378,2014,2,25,1,928.4374389648438
2014-02-26,935.3007733982422,935.7270727480136,928.1175877237998,930.2490844726562,3859712,0.0,0.0,937.4979715983073,-0.30839170403553773,2014,2,26,2,933.1267700195312
2014-02-28,921.2330217802512,971.9626513923982,920.8706256522198,970.15087890625,3988192,0.0,0.0,936.4980122884115,4.289366697545693,2014,2,28,4,930.2490844726562
2014-03-03,968.4670748995164,980.0623986879916,949.7951388764006,954.9320678710938,1606078,0.0,0.0,936.9376261393229,-1.5687055865283517,2014,3,3,0,970.15087890625
2014-03-04,952.0119559735572,960.8790057685464,948.0900216633752,955.1878662109376,2030332,0.0,0.0,935.6105428059896,0.026787071923783934,2014,3,4,1,954.9320678710938
2014-03-05,961.2414313855754,974.6271935280994,955.9979269264768,959.9837646484376,2302006,0.0,0.0,935.2646179199219,0.5020895477372944,2014,3,5,2,955.1878662109376
2014-03-06,960.388610867588,963.436609838712,951.5641303388824,955.2303466796876,1314562,0.0,0.0,934.8489095052083,-0.49515607907085757,2014,3,6,3,959.9837646484376
2014-03-07,957.2555757539272,959.195259392616,917.7376309169672,950.0084838867188,4698472,0.0,0.0,934.5655334472656,-0.5466600606984118,2014,3,7,4,955.2303466796876
2014-03-10,949.8377686827904,950.008246818076,910.1492514949932,913.410400390625,3829768,0.0,0.0,933.1154032389323,-3.8523954382346126,2014,3,10,0,950.0084838867188
2014-03-11,918.6752760758402,928.330916581054,904.6073948180664,917.2471313476562,2550254,0.0,0.0,932.007735188802,0.42004458843367676,2014,3,11,1,913.410400390625
2014-03-12,917.8227881466024,933.489294168148,917.8227881466024,929.098388671875,1669788,0.0,0.0,931.5402262369792,1.2920462674880673,2014,3,12,2,917.2471313476562
2014-03-13,915.7124795881708,938.7113122216144,910.93794695358,916.3519287109376,2019884,0.0,0.0,930.6840840657552,-1.37191713131245,2014,3,13,3,929.098388671875
2014-03-14,912.7069804784496,921.019818460388,905.5878015862406,912.0888671875,2161246,0.0,0.0,929.5749877929687,-0.46522099096082403,2014,3,14,4,916.3519287109376
2014-03-18,910.3624029564024,917.3111042532784,897.0405462051089,904.6073608398438,2565842,0.0,0.0,927.8832926432292,-0.8202606803793255,2014,3,18,1,912.0888671875
2014-03-19,884.5711437851674,884.5711437851674,858.1619200909308,869.3948974609375,8652662,0.0,0.0,925.6800272623698,-3.8925687434396727,2014,3,19,2,904.6073608398438
2014-03-20,868.7981094676932,904.99088407527,857.4585567194354,898.7243041992188,5728956,0.0,0.0,925.0668558756511,3.3735425436631328,2014,3,20,3,869.3948974609375
2014-03-21,905.8861098045132,914.4120967203204,888.8341359728987,906.7387084960938,4680776,0.0,0.0,924.1091003417969,0.8917533730231186,2014,3,21,4,898.7243041992188
2014-03-24,910.9803305918198,919.9326165037744,906.3762770217032,917.6519775390624,2183014,0.0,0.0,923.7872477213542,1.2035737462966933,2014,3,24,0,906.7387084960938
2014-03-25,913.985948763278,925.9223324224996,908.0177569336668,915.1156005859376,2249968,0.0,0.0,923.8192199707031,-0.2763985710494299,2014,3,25,1,917.6519775390624
2014-03-26,915.7124159696252,920.1672237333376,889.921303143187,892.457763671875,3192350,0.0,0.0,923.8185038248698,-2.4759535188292103,2014,3,26,2,915.1156005859376
2014-03-27,895.6337120469593,901.6232394887508,880.3296050736724,892.7775268554688,5012476,0.0,0.0,923.7126444498698,0.03582950326725953,2014,3,27,3,892.457763671875
2014-03-28,893.9499766091435,904.9698593917608,886.724221504888,896.1241455078125,2971162,0.0,0.0,923.6650431315104,0.37485471482814336,2014,3,28,4,892.7775268554688
2014-03-31,896.9341292391704,914.3910725836248,887.5555404353387,909.3607177734376,2683268,0.0,0.0,923.6565226236979,1.4770913530205432,2014,3,31,0,896.1241455078125
2014-04-01,914.4121727158966,931.464147964678,914.3695011469756,927.9258422851562,2755932,0.0,0.0,923.7815734863282,2.0415577832716636,2014,4,1,1,909.3607177734376
2014-04-02,933.5957454962812,938.7113386222884,921.254397895191,926.0289306640624,3763016,0.0,0.0,923.8789204915364,-0.20442491572628674,2014,4,2,2,927.9258422851562
2014-04-03,926.2849243565406,930.185523210319,915.5208618170994,923.577880859375,1581194,0.0,0.0,923.8860331217448,-0.26468393411096525,2014,4,3,3,926.0289306640624
2014-04-04,925.9222490591536,932.3167397294518,908.0176751823192,911.7904663085938,1694656,0.0,0.0,923.0462259928386,-1.276277268551862,2014,4,4,4,923.577880859375
2014-04-07,908.0603002919904,923.3430697658952,904.0530238974294,918.16357421875,2594986,0.0,0.0,922.5410603841145,0.6989662807024066,2014,4,7,0,911.7904663085938
2014-04-09,917.39622505925,921.65921867012,897.3601550881605,912.4511108398438,3350500,0.0,0.0,921.6131408691406,-0.6221618390565009,2014,4,9,2,918.16357421875
2014-04-10,912.4512315428362,915.9682017370442,901.708507037748,906.37646484375,2152886,0.0,0.0,920.8777750651042,-0.6657502987203912,2014,4,10,3,912.4511108398438
2014-04-11,902.9022410937356,927.1586383289512,895.2288509427973,922.5546875,2340742,0.0,0.0,920.5253723144531,1.7849341067167845,2014,4,11,4,906.37646484375
2014-04-15,929.7590843287892,962.5841414096312,926.7963240180636,960.3460693359376,3597244,0.0,0.0,921.5286051432291,4.096383916095769,2014,4,15,1,922.5546875
2014-04-16,965.1419458217472,965.1419458217472,931.1232292128044,936.281494140625,3475910,0.0,0.0,920.3996256510417,-2.5058232613950127,2014,4,16,2,960.3460693359376
2014-04-17,946.3844401723098,949.3685352539342,913.4314836698336,947.6206665039062,7681438,0.0,0.0,920.1559122721354,1.2110858149224635,2014,4,17,3,936.281494140625
2014-04-21,946.3847133189632,956.1469284156398,942.6759291767632,947.1307373046876,1842594,0.0,0.0,919.8873413085937,-0.05170098294987602,2014,4,21,0,947.6206665039062
2014-04-22,952.3315572480412,959.1310121013488,946.342029652367,946.8323364257812,1486274,0.0,0.0,919.4489603678386,-0.03150577498471918,2014,4,22,1,947.1307373046876
2014-04-23,951.2445415352644,956.5732846066884,938.3277515917428,943.7203979492188,1938992,0.0,0.0,919.0652954101563,-0.3286683773718435,2014,4,23,2,946.8323364257812
2014-04-24,943.7203979492188,943.7203979492188,943.7203979492188,943.7203979492188,0,0.0,0.0,918.8556925455729,0.0,2014,4,24,3,943.7203979492188
2014-04-25,949.3686909257738,952.7790858639894,934.959751496414,940.0966796875,3160448,0.0,0.0,919.7452351888021,-0.3839821910804675,2014,4,25,4,943.7203979492188
2014-04-28,940.0966620412512,947.535565045202,929.3752747862808,934.171142578125,2550766,0.0,0.0,920.3093688964843,-0.6303114602366988,2014,4,28,0,940.0966796875
2014-04-29,931.89056141273,940.5657965132272,928.0111949379846,935.4075317382812,1846180,0.0,0.0,920.5196736653646,0.13235146150458732,2014,4,29,1,934.171142578125
2014-04-30,931.5068735537168,940.2460113755188,929.7590043585548,933.254638671875,2397378,0.0,0.0,921.0830973307292,-0.23015562665028577,2014,4,30,2,935.4075317382812
2014-05-02,929.8656140394708,946.342045065459,929.8656140394708,941.4609375,1917778,0.0,0.0,922.0621663411458,0.8793204435397772,2014,5,2,4,933.254638671875
2014-05-05,942.4626260518984,950.2212534250768,939.6276729214172,943.6988525390624,1314478,0.0,0.0,923.3652160644531,0.23770662700091094,2014,5,5,0,941.4609375
2014-05-06,943.6988999650782,947.0667274535872,933.5956256535416,937.3896484375,961232,0.0,0.0,925.6317077636719,-0.6685611712451744,2014,5,6,1,943.6988525390624
2014-05-07,934.0434882063322,939.1377461318611,912.3235507078832,923.1728515625,4716182,0.0,0.0,926.4466593424479,-1.5166368541297048,2014,5,7,2,937.3896484375
2014-05-08,922.9808980838416,930.1000774452294,915.5418900866108,921.6806640625,2606900,0.0,0.0,926.9447245279948,-0.16163684812376955,2014,5,8,3,923.1728515625
2014-05-09,917.3962536241304,931.3362223503244,917.3962536241304,920.7639770507812,1799440,0.0,0.0,927.0484578450521,-0.09945820146407547,2014,5,9,4,921.6806640625
2014-05-12,917.8225593739888,923.6628400278992,905.0974813301324,920.5296020507812,2886064,0.0,0.0,927.2289245605468,-0.025454405889191456,2014,5,12,0,920.7639770507812
2014-05-13,923.2796541070062,954.4847626465444,923.2796541070062,942.5270385742188,2547484,0.0,0.0,928.897900390625,2.3896500964695866,2014,5,13,1,920.5296020507812
2014-05-14,943.9973757072028,953.9301728159452,938.3276767927792,944.72216796875,1389228,0.0,0.0,930.6293884277344,0.23289829412764806,2014,5,14,2,942.5270385742188
2014-05-15,944.722192613722,948.516215846304,925.5599502949063,934.9385375976562,2520196,0.0,0.0,931.9232014973958,-1.0356092725260724,2014,5,15,3,944.72216796875
2014-05-16,937.8799905939936,960.6230005269164,895.3352908013416,921.1264038085938,5241798,0.0,0.0,932.3153910319011,-1.4773306729395363,2014,5,16,4,934.9385375976562
2014-05-19,916.543699818384,920.8066937710277,852.385640831097,868.2439575195312,6516606,0.0,0.0,930.3259948730469,-5.741062906286121,2014,5,19,0,921.1264038085938
2014-05-20,864.5350890478221,920.8066037195738,864.5350890478221,881.6723022460938,4702114,0.0,0.0,928.8474405924479,1.5466096377941607,2014,5,20,1,868.2439575195312
2014-05-21,878.6884011865444,890.5395466534386,876.3864257987149,887.9178466796875,4116946,0.0,0.0,927.6587727864584,0.7083748029378834,2014,5,21,2,881.6723022460938
2014-05-22,893.843328570725,905.4599880215668,884.6139875552636,900.3230590820312,4216842,0.0,0.0,927.2765258789062,1.397112632518005,2014,5,22,3,887.9178466796875
2014-05-23,903.3281704379066,916.1171487829454,893.5232870400434,907.1221923828124,3094780,0.0,0.0,926.9084798177083,0.7551881774208402,2014,5,23,4,900.3230590820312
2014-05-26,916.1172825947002,924.8990906384552,909.552314382797,918.248779296875,2650850,0.0,0.0,927.1017354329427,1.2265808297375669,2014,5,26,0,907.1221923828124
2014-05-27,920.870884040108,931.293990764297,902.9024005606144,908.6361083984376,1795094,0.0,0.0,927.1770568847656,-1.046848208804374,2014,5,27,1,918.248779296875
2014-05-28,912.280718743263,920.2738325172986,904.7991434353652,916.7781982421876,1887488,0.0,0.0,926.9845072428385,0.8960781734836942,2014,5,28,2,908.6361083984376
2014-05-29,914.4123055660266,929.332786076428,910.2345502077115,920.7854614257812,2820710,0.0,0.0,925.6658203125,0.4371028010130562,2014,5,29,3,916.7781982421876
2014-05-30,920.295104392244,923.7907384245984,908.0815649474938,912.856201171875,2585648,0.0,0.0,924.8849772135417,-0.8611409048127516,2014,5,30,4,920.7854614257812
2014-06-02,913.9858296768888,919.8474458886692,902.0707833563408,907.9537353515624,1095158,0.0,0.0,923.5627461751302,-0.5370468880004475,2014,6,2,0,912.856201171875
2014-06-03,907.9536505184705,911.4279483540408,897.4453098089846,907.4207763671876,2484628,0.0,0.0,922.2390808105469,-0.05869891423139206,2014,6,3,1,907.9537353515624
2014-06-04,908.0176339235632,910.1064591501496,885.4237679151366,890.6459350585938,2141062,0.0,0.0,920.366200764974,-1.8486287448421734,2014,6,4,2,907.4207763671876
2014-06-05,888.0243444321392,902.2200315527948,881.5871816970695,896.9978637695312,4348470,0.0,0.0,918.8087829589844,0.7131822490740625,2014,6,5,3,890.6459350585938
2014-06-06,903.8841181145278,907.1766668515296,884.8824289968663,897.0409545898438,3361586,10.0,0.0,917.2528015136719,0.004803893303750861,2014,6,6,4,896.9978637695312
2014-06-09,898.2245521980799,911.5666514401212,895.2118201111673,909.759033203125,2666196,0.0,0.0,916.2415466308594,1.4177812671993806,2014,6,9,0,897.0409545898438
2014-06-10,910.2752029122438,930.0516100643886,910.2752029122438,928.8464965820312,2628068,0.0,0.0,916.0640584309896,2.098079016781207,2014,6,10,1,909.759033203125
2014-06-11,931.7948816588045,952.8840036917288,920.2604020623828,949.8497314453124,3544562,0.0,0.0,916.5454650878906,2.2612169977029417,2014,6,11,2,928.8464965820312
2014-06-12,967.9478431581376,970.0997947881024,939.88641491855,962.933837890625,2734338,0.0,0.0,917.5347717285156,1.3774922508430487,2014,6,12,3,949.8497314453124
2014-06-13,963.2132042294104,963.6435944010948,940.4240656538732,952.690185546875,1904022,0.0,0.0,917.9090799967448,-1.0637960720322637,2014,6,13,4,962.933837890625
2014-06-16,951.1624777775291,979.97708476564,951.1624777775291,976.8782958984376,2439906,0.0,0.0,919.0150614420573,2.5389272103897964,2014,6,16,0,952.690185546875
2014-06-17,983.3984840129808,988.6062472411902,977.4161025183904,981.22509765625,1918144,0.0,0.0,920.4762430826823,0.44496860827629714,2014,6,17,1,976.8782958984376
2014-06-18,986.8850771930752,986.8850771930752,956.0261099680444,958.5008544921876,1948824,0.0,0.0,921.6538431803385,-2.315905210572111,2014,6,18,2,981.22509765625
2014-06-19,959.7701106149387,985.163131478742,951.205387980998,979.589599609375,1896354,0.0,0.0,923.584141031901,2.200180106084537,2014,6,19,3,958.5008544921876
2014-06-20,983.398659974138,989.4672046514949,973.542765081201,986.6265869140624,1155674,0.0,0.0,925.7795613606771,0.7183607612303744,2014,6,20,4,979.589599609375
2014-06-23,986.885034422982,989.8546856929456,970.1213519532788,976.4911499023438,1262734,0.0,0.0,927.6449462890625,-1.0272819672759836,2014,6,23,0,986.6265869140624
2014-06-24,976.5552125431216,998.2899142766728,970.5297506763944,993.7923583984376,1479100,0.0,0.0,929.3537902832031,1.7717732001794495,2014,6,24,1,976.4911499023438
2014-06-25,994.2014357440124,998.5053380632507,986.8848018013076,994.4381713867188,1028422,0.0,0.0,931.0109903971354,0.06498470055875671,2014,6,25,2,993.7923583984376
2014-06-26,988.175937412652,1008.8991843137246,986.0885028316382,993.18994140625,2036182,0.0,0.0,932.9527038574219,-0.1255211250316468,2014,6,26,3,994.4381713867188
2014-06-27,997.2141846458236,1035.9062251358805,996.3534041670614,1032.742919921875,3058836,0.0,0.0,936.6732543945312,3.9824183538973656,2014,6,27,4,993.18994140625
2014-06-30,1033.173394992118,1048.000318941041,1022.8655689277454,1043.8685302734375,2146470,0.0,0.0,942.5274068196615,1.0772874969120272,2014,6,30,0,1032.742919921875
2014-07-01,1041.0710108108904,1041.1140918693793,1025.3187895395088,1028.95556640625,1092790,0.0,0.0,947.4368489583334,-1.4286247199425728,2014,7,1,1,1043.8685302734375
2014-07-02,1032.936577725178,1037.9936630536242,1025.835138753317,1033.625244140625,907740,0.0,0.0,952.2937622070312,0.45382695685143304,2014,7,2,2,1028.95556640625
2014-07-03,1032.506290667808,1052.304243719379,1029.4935586816991,1040.640625,1526762,0.0,0.0,956.9710144042969,0.6787160916534862,2014,7,3,3,1033.625244140625
2014-07-04,1038.2735100805796,1043.9116649995624,1033.3671027268397,1037.455810546875,536136,0.0,0.0,961.3154683430989,-0.30604364048587573,2014,7,4,4,1040.640625
2014-07-07,1041.5662333606422,1075.1151416041105,1037.412903254938,1071.0479736328125,2204902,0.0,0.0,966.4087748209636,3.2379367626492073,2014,7,7,0,1037.455810546875
2014-07-08,1069.4983378269717,1070.0147851635422,1047.2471806887845,1054.219482421875,2500588,0.0,0.0,971.2615539550782,-1.5712173147443775,2014,7,8,1,1071.0479736328125
2014-07-09,1063.063712240739,1064.2042041527318,1025.0172635171496,1032.14013671875,1554242,0.0,0.0,975.1069519042969,-2.094378454513268,2014,7,9,2,1054.219482421875
2014-07-10,1032.7428438422742,1041.3721885213097,1004.9611349216904,1012.1917114257812,1990562,0.0,0.0,978.1538269042969,-1.9327244996388049,2014,7,10,3,1032.14013671875
2014-07-11,1020.4558261918966,1037.2410548808396,1016.1950024781004,1030.5484619140625,1329446,0.0,0.0,982.0769022623698,1.8135645926623756,2014,7,11,4,1012.1917114257812
2014-07-14,1041.0278668621654,1049.7217281382823,1026.588254219696,1044.2342529296875,1587924,0.0,0.0,986.6195861816407,1.328010425652959,2014,7,14,0,1030.5484619140625
2014-07-15,1044.2130788645406,1045.8485832609265,1030.2469325847087,1032.6356201171875,1389656,0.0,0.0,990.7934143066407,-1.1107309284252076,2014,7,15,1,1044.2342529296875
2014-07-16,1037.090115129017,1043.2662589812662,1027.277298733872,1033.733154296875,1407240,0.0,0.0,995.56298828125,0.10628474926741571,2014,7,16,2,1032.6356201171875
2014-07-17,1037.240806021278,1045.7625564800933,1022.1771428632926,1025.1683349609375,1790220,0.0,0.0,999.8353373209635,-0.8285329052605594,2014,7,17,3,1033.733154296875
2014-07-18,1055.3169370811834,1069.5198159244458,1048.0003025255637,1050.668701171875,3507488,0.0,0.0,1004.9562622070313,2.4874320968867103,2014,7,18,4,1025.1683349609375
2014-07-21,1062.20305979674,1062.9993237316637,1051.4648448548662,1060.3739013671875,981072,0.0,0.0,1009.9767578125,0.9237165040214546,2014,7,21,0,1050.668701171875
2014-07-22,1060.912263285101,1093.19154107268,1059.578011106238,1089.9205322265625,2399016,0.0,0.0,1015.3458923339844,2.7864351264472953,2014,7,22,1,1060.3739013671875
2014-07-23,1093.1914825727115,1117.4224801504022,1089.8774979123498,1113.053955078125,2065858,0.0,0.0,1020.7860331217448,2.1224871142030866,2014,7,23,2,1089.9205322265625
2014-07-24,1116.819714437727,1119.8755275077308,1104.8118674528612,1116.9488525390625,1481418,0.0,0.0,1025.9198669433595,0.34992889995741905,2014,7,24,3,1113.053955078125
2014-07-25,1116.4322945086883,1125.1907780167237,1104.8117579043192,1121.4893798828125,1806914,0.0,0.0,1031.5465067545572,0.4065116619645037,2014,7,25,4,1116.9488525390625
2014-07-28,1126.4723733844498,1136.307124703378,1116.7906497715912,1131.783203125,1314922,20.0,0.0,1036.7100036621093,0.9178707731733571,2014,7,28,0,1121.4893798828125
2014-07-30,1129.816111677767,1140.831010435752,1124.48351297176,1134.29638671875,1899252,0.0,0.0,1041.8123799641928,0.22205521223594982,2014,7,30,2,1131.783203125
2014-07-31,1125.576244522527,1135.585791764388,1123.0191668555249,1127.7398681640625,2407210,0.0,0.0,1047.453680419922,-0.5780251644505352,2014,7,31,3,1134.29638671875
2014-08-01,1125.5320614554482,1131.1924829071872,1097.120572525505,1099.91796875,2381882,0.0,0.0,1051.4646260579427,-2.46704937898099,2014,8,1,4,1127.7398681640625
2014-08-04,1106.7373206203602,1111.0645684064284,1087.5049185242715,1104.1365966796875,1828636,0.0,0.0,1055.3816263834635,0.3835402320485626,2014,8,4,0,1099.91796875
2014-08-05,1112.3758747185493,1112.4196274091073,1088.4228773462269,1103.109375,1404656,0.0,0.0,1059.6022338867188,-0.09303393101691704,2014,8,5,1,1104.1365966796875
2014-08-06,1099.809556130106,1107.9834147253468,1088.4887043501865,1095.6571044921875,1837562,0.0,0.0,1062.9977254231771,-0.6755695016926633,2014,8,6,2,1103.109375
2014-08-07,1088.3792050078384,1090.5647054195006,1074.850978802426,1079.5498046875,1672656,0.0,0.0,1065.8347798665366,-1.4701040807975074,2014,8,7,3,1095.6571044921875
2014-08-08,1077.4515702880649,1096.115720162856,1077.4515702880649,1083.4398193359375,1464790,0.0,0.0,1068.8431091308594,0.3603367469983132,2014,8,8,4,1079.5498046875
2014-08-11,1088.772618661987,1090.8051981968738,1073.0807674367586,1078.9378662109375,1290896,0.0,0.0,1070.3829406738282,-0.41552406000356923,2014,8,11,0,1083.4398193359375
2014-08-12,1088.3356691393076,1088.3356691393076,1066.6118120621943,1080.40234375,984552,0.0,0.0,1071.6007344563802,0.13573325998887942,2014,8,12,1,1078.9378662109375
2014-08-13,1079.63709515581,1105.863097467287,1079.63709515581,1092.77197265625,2768378,0.0,0.0,1073.7279479980468,1.1449094846754937,2014,8,13,2,1080.40234375
2014-08-14,1098.869422196126,1106.737222355048,1088.400898327445,1092.6407470703125,1578056,0.0,0.0,1075.6951314290366,-0.01200850582016022,2014,8,14,3,1092.77197265625
2014-08-18,1088.838296366064,1094.9358218154302,1079.637317319007,1087.330322265625,1373260,0.0,0.0,1077.2514546712239,-0.4860174598948719,2014,8,18,0,1092.6407470703125
2014-08-19,1092.749934522055,1094.891681708174,1064.3384362244817,1065.8682861328125,3234156,0.0,0.0,1078.1985371907551,-1.9738285315260007,2014,8,19,1,1087.330322265625
2014-08-20,1068.4908660969518,1073.1022920776138,1062.1747929356936,1064.8629150390625,2056758,0.0,0.0,1077.9923685709634,-0.0943241399364303,2014,8,20,2,1065.8682861328125
2014-08-21,1069.5835805151198,1075.2658798803411,1062.152881345215,1063.2237548828125,2265450,0.0,0.0,1078.2925109863281,-0.15393156556586796,2014,8,21,3,1064.8629150390625
2014-08-22,1068.2720447089837,1078.8498398481966,1064.6878472438066,1077.1014404296875,3096238,0.0,0.0,1079.791221110026,1.3052460014312484,2014,8,22,4,1063.2237548828125
2014-08-25,1079.6371050375317,1105.2074575252627,1078.282052220152,1102.38818359375,3143512,0.0,0.0,1082.7977701822917,2.3476658943074824,2014,8,25,0,1077.1014404296875
2014-08-26,1105.426068259744,1114.6051696569186,1092.7501663303124,1107.524169921875,1815490,0.0,0.0,1085.3636271158855,0.46589635162650467,2014,8,26,1,1102.38818359375
2014-08-27,1107.611284879883,1122.210380676972,1098.8911621289865,1114.5830078125,1435460,0.0,0.0,1087.708585611979,0.6373529429270164,2014,8,27,2,1107.524169921875
2014-08-28,1113.294006531065,1114.299358150649,1098.4326024391703,1102.51953125,1766288,0.0,0.0,1090.0380493164062,-1.0823309235779566,2014,8,28,3,1114.5830078125
2014-09-01,1103.852234472076,1118.9759362966297,1102.8251135588705,1108.9881591796875,810148,0.0,0.0,1092.5465494791667,0.5867132278694065,2014,9,1,0,1102.51953125
2014-09-02,1112.7696838459403,1116.7035855517022,1098.913629180651,1109.3165283203125,1407940,0.0,0.0,1095.3514892578125,0.02960979681405629,2014,9,2,1,1108.9881591796875
2014-09-03,1109.797066621805,1143.453771674928,1109.797066621805,1139.257568359375,3061690,0.0,0.0,1098.3044514973958,2.6990529100290317,2014,9,3,2,1109.3165283203125
2014-09-04,1146.076287770366,1148.4584616100274,1126.603459936298,1129.7943115234375,1701598,0.0,0.0,1100.6184651692708,-0.8306512152089884,2014,9,4,3,1139.257568359375
2014-09-05,1136.4164113124586,1145.9889667222092,1129.051339277914,1135.8482666015625,1467060,0.0,0.0,1102.1493896484376,0.5358457744367495,2014,9,5,4,1129.7943115234375
2014-09-08,1141.7054381916428,1158.3152416569117,1136.0450133534937,1155.1243896484375,1697342,0.0,0.0,1103.551737467448,1.697068491775644,2014,9,8,0,1135.8482666015625
2014-09-09,1159.1895789415082,1165.746081084843,1147.431627783356,1150.1197509765625,1418098,0.0,0.0,1104.6574340820312,-0.4332553893523272,2014,9,9,1,1155.1243896484375
2014-09-10,1153.070037935388,1155.146263363816,1132.6137323714668,1136.5257568359375,1258768,0.0,0.0,1105.1586466471354,-1.181963367647798,2014,9,10,2,1150.1197509765625
2014-09-11,1140.8315546730846,1147.125755047782,1132.7452007414938,1135.7393798828125,1075622,0.0,0.0,1105.2905192057292,-0.06919130062782441,2014,9,11,3,1136.5257568359375
2014-09-12,1140.8312240829982,1147.1036530005806,1133.4879212978472,1139.7822265625,1196210,0.0,0.0,1105.4733805338542,0.3559660562359568,2014,9,12,4,1135.7393798828125
2014-09-15,1142.579607372869,1144.5903104233494,1116.3536026129716,1118.233154296875,1151544,0.0,0.0,1105.1564900716146,-1.8906306628956204,2014,9,15,0,1139.7822265625
2014-09-16,1121.5987075195712,1125.5326078966857,1111.9825065977354,1114.9766845703125,1535608,0.0,0.0,1105.658447265625,-0.29121563012590723,2014,9,16,1,1118.233154296875
2014-09-17,1119.4132470694317,1138.5363745818438,1119.4132470694317,1132.6136474609375,1657700,0.0,0.0,1106.6076822916666,1.5818234708129264,2014,9,17,2,1114.9766845703125
2014-09-18,1132.8321580689346,1159.1019132916788,1128.1552089599968,1154.949462890625,1483078,0.0,0.0,1108.3356852213542,1.9720595350196657,2014,9,18,3,1132.6136474609375
2014-09-19,1155.2552126794817,1197.653909474756,1154.81811271252,1186.376708984375,3587864,0.0,0.0,1111.3596720377604,2.721092749382592,2014,9,19,4,1154.949462890625
2014-09-22,1186.289329329085,1195.031328808297,1169.788805312072,1189.69873046875,999584,0.0,0.0,1115.0313028971354,0.2800140511203031,2014,9,22,0,1186.376708984375
2014-09-23,1190.6606558775072,1216.2091350251992,1172.870703397152,1175.012451171875,2055990,0.0,0.0,1118.0837239583334,-1.2344536411405982,2014,9,23,1,1189.69873046875
2014-09-24,1177.1107455775723,1183.2082715429256,1150.7754606087462,1155.2557373046875,2442132,0.0,0.0,1120.6276529947916,-1.6814046393707205,2014,9,24,2,1175.012451171875
2014-09-25,1163.100958723708,1191.097228689434,1162.685735161062,1183.9288330078125,2473158,0.0,0.0,1124.0785359700521,2.4819695568032207,2014,9,25,3,1155.2557373046875
2014-09-26,1184.5409915202065,1191.0537387880368,1167.100744330603,1173.1763916015625,1612712,0.0,0.0,1126.758683268229,-0.9081999784508188,2014,9,26,4,1183.9288330078125
2014-09-29,1178.159462948967,1213.149344210881,1169.373815742135,1209.87109375,2089534,0.0,0.0,1130.6663614908855,3.1278077543261507,2014,9,29,0,1173.1763916015625
2014-09-30,1212.0566142909584,1213.673863202548,1183.7325084933352,1196.1680908203125,2788954,0.0,0.0,1134.294287109375,-1.1326002415030012,2014,9,30,1,1209.87109375
2014-10-01,1202.8993617476794,1224.754364686409,1196.3428608660604,1213.2149658203125,2142022,0.0,0.0,1139.2058430989584,1.4251237038357623,2014,10,1,2,1196.1680908203125
2014-10-07,1197.479488947985,1241.2331453791576,1191.3600874851163,1193.8734130859375,3457674,0.0,0.0,1143.506193033854,-1.594239543632503,2014,10,7,1,1213.2149658203125
2014-10-08,1196.7801344029106,1197.6324582982925,1157.9874985635174,1172.8270263671875,1962442,0.0,0.0,1147.1596354166666,-1.7628658522806928,2014,10,8,2,1193.8734130859375
2014-10-09,1183.6671432403214,1190.3547965223834,1174.269490515186,1182.8148193359375,1685176,0.0,0.0,1150.6834147135417,0.8515998305126837,2014,10,9,3,1172.8270263671875
2014-10-10,1182.7925887528877,1192.1683623209603,1166.401338908751,1170.7723388671875,2344362,0.0,0.0,1152.9628865559896,-1.0181205267204008,2014,10,10,4,1182.8148193359375
2014-10-13,1171.4280260365135,1191.0101278145248,1167.0570259393623,1187.404052734375,2209532,0.0,0.0,1155.6255493164062,1.4205762568049618,2014,10,13,0,1170.7723388671875
2014-10-14,1193.2827670742645,1195.7742152451665,1170.9032727854576,1179.820068359375,2369406,0.0,0.0,1157.800118001302,-0.6387029215148332,2014,10,14,1,1187.404052734375
2014-10-15,1179.820068359375,1179.820068359375,1179.820068359375,1179.820068359375,0,0.0,0.0,1160.3768025716147,0.0,2014,10,15,2,1179.820068359375
2014-10-16,1193.283105571467,1205.7842093630047,1164.5437780288578,1170.59765625,3848014,0.0,0.0,1162.4304524739584,-0.7816795422203149,2014,10,16,3,1179.820068359375
2014-10-17,1081.8224888613304,1097.711116383285,1062.1529890638517,1067.026611328125,9892812,0.0,0.0,1161.0207885742188,-8.847706500085096,2014,10,17,4,1170.59765625
2014-10-20,1088.3791623819734,1089.9527653022958,1056.8860813405536,1059.224609375,3399242,0.0,0.0,1158.3530232747396,-0.7311909440959385,2014,10,20,0,1067.026611328125
2014-10-21,1060.339383715533,1068.1634332881251,1055.596804661206,1063.639404296875,1950732,0.0,0.0,1156.147859700521,0.4167949727376552,2014,10,21,1,1059.224609375
2014-10-22,1086.1936821664283,1087.942082459654,1068.753431927057,1071.703857421875,2067664,0.0,0.0,1154.0097127278646,0.7581942801687669,2014,10,22,2,1063.639404296875
2014-10-27,1101.055192684455,1101.3611414230093,1068.687907737752,1074.0205078125,2797208,0.0,0.0,1151.30625,0.21616516303282207,2014,10,27,0,1071.703857421875
2014-10-28,1086.1501299740382,1086.1501299740382,1072.4033514737089,1083.396484375,2289958,0.0,0.0,1149.0821411132813,0.8729792861773555,2014,10,28,1,1074.0205078125
2014-10-29,1084.0094737530203,1101.0908351576134,1083.1335065015026,1097.60888671875,2425016,2.5,0.0,1147.784912109375,1.3118375911981062,2014,10,29,2,1083.396484375
2014-10-30,1104.5069049167485,1127.7637665721084,1098.9006942576182,1120.449462890625,4111292,0.0,0.0,1147.2752482096355,2.0809394355539412,2014,10,30,3,1097.60888671875
2014-10-31,1121.6757427665905,1147.5167692496943,1121.6757427665905,1142.1953125,3170070,0.0,0.0,1147.3556844075522,1.9408148541812276,2014,10,31,4,1120.449462890625
2014-11-03,1160.2185796724884,1160.2185796724884,1130.2167024706896,1134.5308837890625,2541632,0.0,0.0,1147.8989420572916,-0.6710261044726051,2014,11,3,0,1142.1953125
2014-11-05,1155.40045035704,1155.40045035704,1134.377242769042,1138.5380859375,2310642,0.0,0.0,1148.6843221028646,0.35320344344038634,2014,11,5,2,1134.5308837890625
2014-11-07,1140.859766352752,1145.6337450874164,1119.9241277181325,1126.8662109375,2126740,0.0,0.0,1148.4927408854167,-1.025163333942325,2014,11,7,4,1138.5380859375
2014-11-10,1127.851818281792,1130.873862905008,1117.296368811261,1125.4647216796875,1541964,0.0,0.0,1147.5099161783853,-0.12437051037731406,2014,11,10,0,1126.8662109375
2014-11-11,1129.121664943167,1136.1294021964993,1119.2231933010014,1130.30419921875,1249940,0.0,0.0,1145.6408325195312,0.4299981550589971,2014,11,11,1,1125.4647216796875
2014-11-12,1129.9977354526382,1143.5752276228056,1127.8078173606757,1135.14404296875,1320582,0.0,0.0,1143.8223429361979,0.4281894868076508,2014,11,12,2,1130.30419921875
2014-11-13,1136.5672999354572,1140.9032942616464,1123.4934483377797,1133.698486328125,1645540,0.0,0.0,1142.4452107747395,-0.1273456571066034,2014,11,13,3,1135.14404296875
2014-11-14,1132.274761133679,1143.640409949836,1127.8073514575049,1141.5819091796875,1457174,0.0,0.0,1141.9894165039063,0.695372089372337,2014,11,14,4,1133.698486328125
2014-11-17,1136.611383972227,1149.7070520022414,1135.363087829642,1146.7725830078125,1570552,0.0,0.0,1140.7508748372395,0.45469131793223205,2014,11,17,0,1141.5819091796875
2014-11-18,1147.517404761226,1150.4299538755065,1129.888559134646,1132.560302734375,1467026,0.0,0.0,1139.3970052083334,-1.2393285716825186,2014,11,18,1,1146.7725830078125
2014-11-19,1137.881232640997,1137.881232640997,1120.1209787748694,1127.2601318359375,1865746,0.0,0.0,1136.6433064778646,-0.4679813415357392,2014,11,19,2,1132.560302734375
2014-11-20,1133.5017375968698,1143.2468742512478,1121.4791072451428,1141.14453125,1795386,0.0,0.0,1134.809187825521,1.2316943553613902,2014,11,20,3,1127.2601318359375
2014-11-21,1142.261557423862,1156.277036656057,1132.910562101784,1148.458984375,2001594,0.0,0.0,1132.650655110677,0.6409751722674217,2014,11,21,4,1141.14453125
2014-11-24,1148.393058788957,1167.2263545661976,1148.393058788957,1164.029052734375,1942766,0.0,0.0,1131.6558430989583,1.3557356920193664,2014,11,24,0,1148.458984375
2014-11-25,1165.0365099523424,1173.5333499974472,1145.7652293365895,1154.52490234375,2371684,0.0,0.0,1131.045772298177,-0.8164873864874078,2014,11,25,1,1164.029052734375
2014-11-26,1151.9189325896548,1163.4379240957855,1145.3272571995838,1150.7144775390625,1584800,0.0,0.0,1129.975760904948,-0.3300426692358194,2014,11,26,2,1154.52490234375
2014-11-27,1150.714234026664,1168.5401436172176,1149.8382669025134,1162.101806640625,1732418,0.0,0.0,1129.6867431640626,0.9895877147488186,2014,11,27,3,1150.7144775390625
2014-11-28,1164.3135439677758,1179.0078056564712,1154.2399229143002,1157.5904541015625,1989768,0.0,0.0,1128.6929565429687,-0.38820630974697456,2014,11,28,4,1162.101806640625
2014-12-01,1160.8755133689194,1182.5557012247057,1158.576099505427,1179.4678955078125,1896354,0.0,0.0,1128.6812174479167,1.8899120434808347,2014,12,1,0,1157.5904541015625
2014-12-02,1179.4896280891166,1187.351410945386,1160.3716900714576,1163.8536376953125,1436572,0.0,0.0,1128.1490030924479,-1.323839154246531,2014,12,2,1,1179.4678955078125
2014-12-03,1170.2482034289285,1170.905178753342,1146.8599246516292,1154.239990234375,3094670,0.0,0.0,1127.6037475585938,-0.8260185945695553,2014,12,3,2,1163.8536376953125
2014-12-04,1166.788031477524,1168.101981963422,1151.8527515159897,1155.3785400390625,1285308,0.0,0.0,1130.5488118489584,0.0986406478999502,2014,12,4,3,1154.239990234375
2014-12-05,1156.6707808206932,1160.568898797207,1126.55941002968,1129.5377197265625,2359676,0.0,0.0,1132.8925821940104,-2.236567446685167,2014,12,5,4,1155.3785400390625
2014-12-08,1136.5674152330805,1136.5674152330805,1095.681604364133,1100.565185546875,3232574,0.0,0.0,1134.1234415690103,-2.5649904092358344,2014,12,8,0,1129.5377197265625
2014-12-09,1101.9665288977797,1120.7998201309292,1098.9444854019623,1101.462890625,2487940,0.0,0.0,1135.115409342448,0.08156764269069416,2014,12,9,1,1100.565185546875
2014-12-10,1101.5285489952746,1108.93042768588,1093.2944374618014,1098.4188232421875,2087970,0.0,0.0,1135.9286865234376,-0.2763658593241569,2014,12,10,2,1101.462890625
2014-12-11,1095.221676317242,1104.9886236569153,1089.265057437191,1091.5206298828125,1938822,0.0,0.0,1136.1994913736978,-0.6280112115170877,2014,12,11,3,1098.4188232421875
2014-12-12,1094.9586957329534,1103.718365298817,1061.0806309151517,1073.3660888671875,2380786,0.0,0.0,1135.3913981119792,-1.6632338884491893,2014,12,12,4,1091.5206298828125
2014-12-15,1044.546995716816,1044.590836846589,1030.2468746215466,1033.0499267578125,3487788,0.0,0.0,1132.4780802408854,-3.7560495461454346,2014,12,15,0,1073.3660888671875
2014-12-16,1029.2614732500608,1077.1111821660477,1027.0715552218692,1070.015869140625,3339140,0.0,0.0,1130.0720987955729,3.578330671667418,2014,12,16,1,1033.0499267578125
2014-12-17,1074.5488697480916,1081.8194399299812,1053.460003194975,1070.4757080078125,2287076,0.0,0.0,1127.9369262695313,0.042974957703845185,2014,12,17,2,1070.015869140625
2014-12-18,1075.2934500421954,1081.16238680579,1066.402362643658,1077.74609375,1481444,0.0,0.0,1125.910526529948,0.6791733514175613,2014,12,18,3,1070.4757080078125
2014-12-19,1082.3890965076762,1105.3613192807538,1080.9437289687571,1099.5799560546875,1903130,0.0,0.0,1125.0009847005208,2.0258818316582383,2014,12,19,4,1077.74609375
2014-12-22,1106.34639402515,1107.660344611878,1083.7464011615957,1100.8277587890625,1643954,0.0,0.0,1124.1797526041667,0.11347994545591877,2014,12,22,0,1099.5799560546875
2014-12-23,1094.958768104041,1111.0108208726192,1092.593699936763,1102.2730712890625,1266476,0.0,0.0,1123.245381673177,0.131293246237707,2014,12,23,1,1100.8277587890625
2014-12-24,1101.5289089427004,1104.091156134946,1079.9143724705316,1086.1556396484375,3288972,0.0,0.0,1121.6124348958333,-1.4621995275432398,2014,12,24,2,1102.2730712890625
2014-12-26,1088.8273584666604,1099.3389661107474,1079.6297017780846,1097.1490478515625,626206,0.0,0.0,1120.3941202799479,1.0121393105948728,2014,12,26,4,1086.1556396484375
2014-12-29,1098.4629780841467,1111.1425831797003,1098.0249944405723,1104.9888916015625,778920,0.0,0.0,1119.1743530273438,0.714565059811334,2014,12,29,0,1097.1490478515625
2014-12-30,1105.9085228964154,1113.5513148667533,1101.9666707355966,1108.120361328125,701342,0.0,0.0,1117.8859456380208,0.28339377439565716,2014,12,30,1,1104.9888916015625
2014-12-31,1109.281417675735,1124.0414486040902,1105.9089642005338,1120.471923828125,1573792,0.0,0.0,1117.482999674479,1.1146408757615633,2014,12,31,2,1108.120361328125
2015-01-01,1124.3036603685605,1124.3036603685605,1112.9160892078346,1114.908935546875,366830,0.0,0.0,1117.0712931315104,-0.49648618255814236,2015,1,1,3,1120.471923828125
2015-01-02,1117.296102514361,1134.7935249918112,1117.120951855773,1129.7567138671875,925740,0.0,0.0,1116.69169921875,1.3317480779746038,2015,1,2,4,1114.908935546875
2015-01-05,1130.4357231387169,1138.7135707842835,1105.7553033816534,1112.587890625,1754242,0.0,0.0,1115.49599609375,-1.519692074536838,2015,1,5,0,1129.7567138671875
2015-01-06,1107.7041981816103,1107.7041981816103,1068.6798225455166,1071.570556640625,2423784,0.0,0.0,1112.4140462239584,-3.6866601128773158,2015,1,6,1,1112.587890625
2015-01-07,1081.8189047469837,1085.8264097397196,1054.4230240526065,1058.912353515625,2636332,0.0,0.0,1109.226961263021,-1.1812757495580528,2015,1,7,2,1071.570556640625
2015-01-08,1069.7312411442788,1072.6219760524805,1060.1613623960602,1070.344482421875,1565408,0.0,0.0,1106.5479614257813,1.0796104954574393,2015,1,8,3,1058.912353515625
2015-01-09,1075.2495910987163,1103.674680083427,1073.0596733979044,1100.3460693359375,3197642,0.0,0.0,1104.4894368489583,2.802984217396798,2015,1,9,4,1070.344482421875
2015-01-12,1102.4048214880331,1107.22264152632,1086.308922723756,1099.20751953125,1596006,0.0,0.0,1102.543339029948,-0.10347197453748347,2015,1,12,0,1100.3460693359375
2015-01-13,1103.718172238046,1108.2731568437198,1086.2426772827605,1094.0386962890625,1468432,0.0,0.0,1099.6956990559895,-0.47023179430137896,2015,1,13,1,1099.20751953125
2015-01-14,1101.9666510066354,1108.886812728762,1095.1779057401002,1104.5726318359375,1787096,0.0,0.0,1097.7196655273438,0.9628485338412318,2015,1,14,2,1094.0386962890625
2015-01-15,1109.4124857189615,1130.7641867370426,1105.1421455153454,1112.084228515625,5009920,0.0,0.0,1096.314473470052,0.6800455183469722,2015,1,15,3,1104.5726318359375
2015-01-16,1114.0988932408836,1114.668293322802,1088.0827094416502,1109.0401611328125,5293830,0.0,0.0,1094.7698608398437,-0.27372633337994223,2015,1,16,4,1112.084228515625
2015-01-19,1110.7264458258662,1117.2962000401358,1096.2729865544727,1099.77685546875,1135074,0.0,0.0,1093.77783203125,-0.8352543026575954,2015,1,19,0,1109.0401611328125
2015-01-20,1103.7187291388864,1108.098565365628,1087.622831005611,1095.1561279296875,2058566,0.0,0.0,1093.597530110677,-0.42015137126094615,2015,1,20,1,1099.77685546875
2015-01-21,1104.5944954244271,1104.5944954244271,1089.8125508484657,1101.0030517578125,2310480,0.0,0.0,1093.5822021484375,0.5338895230562413,2015,1,21,2,1095.1561279296875
2015-01-22,1102.1855847520194,1104.26600657899,1092.9879303590956,1100.8935546875,2113214,0.0,0.0,1093.6646931966145,-0.009945210427675377,2015,1,22,3,1101.0030517578125
2015-01-23,1101.0906306211778,1108.99625498351,1093.2507679482512,1096.53564453125,3150380,0.0,0.0,1093.8318603515625,-0.3958520910304575,2015,1,23,4,1100.8935546875
2015-01-27,1102.5700846112736,1103.733020881217,1092.564054086699,1098.0498046875,2738736,2.5,0.0,1094.6546508789063,0.13808581269578735,2015,1,27,1,1096.53564453125
2015-01-28,1098.4664910371862,1116.854680690538,1098.422562183322,1114.52880859375,3121980,0.0,0.0,1097.3706136067708,1.5007519545927828,2015,1,28,2,1098.0498046875
2015-01-29,1113.8269843880094,1127.299968641212,1102.8115525202766,1116.745361328125,3734392,0.0,0.0,1098.9282633463542,0.19887801170179742,2015,1,29,3,1114.52880859375
2015-01-30,1123.7886303972882,1130.064348987363,1083.98405514516,1089.2723388671875,5817402,0.0,0.0,1099.5548177083333,-2.4600972981221325,2015,1,30,4,1116.745361328125
2015-02-02,1089.250444278266,1106.563448646002,1080.495209315617,1103.3817138671875,3181802,0.0,0.0,1100.4093383789063,1.2953027903630954,2015,2,2,0,1089.2723388671875
2015-02-03,1102.262703678562,1125.6759281208772,1100.265976343525,1122.713623046875,2345054,0.0,0.0,1101.1804606119792,1.7520599568332518,2015,2,3,1,1103.3817138671875
2015-02-04,1126.9922937867218,1128.6160540897165,1098.0714674227406,1103.425537109375,2245418,0.0,0.0,1101.2670532226562,-1.7179880551511428,2015,2,4,2,1122.713623046875
2015-02-05,1105.9273393702122,1137.393583906913,1105.4884793149065,1120.1463623046875,4530168,0.0,0.0,1101.8628295898438,1.5153560102583619,2015,2,5,3,1103.425537109375
2015-02-06,1120.409974453739,1138.7543503408072,1119.4664679789882,1130.39404296875,2136416,0.0,0.0,1103.3374430338542,0.9148519344363226,2015,2,6,4,1120.1463623046875
2015-02-09,1124.14004312999,1127.475422441756,1097.1501494534357,1102.8114013671875,2076432,0.0,0.0,1103.5261881510417,-2.440090849127474,2015,2,9,0,1130.39404296875
2015-02-10,1101.5385505478075,1108.670025227649,1067.746332064867,1071.322998046875,3799054,0.0,0.0,1102.4039916992188,-2.8552845283677186,2015,2,10,1,1102.8114013671875
2015-02-11,1077.4231072684715,1091.554375778478,1073.9999783390815,1079.551513671875,2937522,0.0,0.0,1101.4516967773438,0.7680704736108046,2015,2,11,2,1071.322998046875
2015-02-12,1088.2851284186618,1088.2851284186618,1073.8904979451593,1080.5391845703125,3107980,0.0,0.0,1100.12060546875,0.09148900130555582,2015,2,12,3,1079.551513671875
2015-02-13,1083.984494726274,1118.1058690035889,1079.7056085628808,1114.1561279296875,4158326,0.0,0.0,1100.0955118815104,3.111126726305913,2015,2,13,4,1080.5391845703125
2015-02-16,1123.4816069492804,1138.8417070442902,1121.2873069357076,1134.3653564453125,2364392,0.0,0.0,1100.2491333007813,1.8138596565615561,2015,2,16,0,1114.1561279296875
2015-02-18,1134.4751432280864,1159.907060565848,1125.7856931958158,1156.681396484375,2660014,0.0,0.0,1101.7189168294271,1.967270942493582,2015,2,18,2,1134.3653564453125
2015-02-19,1156.8350469754766,1179.348588096845,1156.396186942481,1176.605712890625,2618002,0.0,0.0,1105.220088704427,1.7225414419915541,2015,2,19,3,1156.681396484375
2015-02-20,1184.395389532141,1184.395389532141,1159.577835101263,1174.19189453125,1801588,0.0,0.0,1109.0627400716146,-0.20515099773269485,2015,2,20,4,1176.605712890625
2015-02-23,1172.1951869353231,1194.5770493590228,1172.1951869353231,1183.451904296875,1614892,0.0,0.0,1112.832987467448,0.7886283161000485,2015,2,23,0,1174.19189453125
2015-02-24,1182.2887251847155,1198.0876836504356,1175.7058258239988,1187.0064697265625,2199922,0.0,0.0,1115.7216674804688,0.30035571507229797,2015,2,24,1,1183.451904296875
2015-02-25,1189.310980636401,1194.5773023218758,1170.8130685736062,1172.7220458984375,1767994,0.0,0.0,1118.1721516927084,-1.2033989866470973,2015,2,25,2,1187.0064697265625
2015-02-26,1175.7061304852143,1181.740456462882,1152.1613305279618,1165.809814453125,1991994,0.0,0.0,1120.564522298177,-0.5894177115103982,2015,2,26,3,1172.7220458984375
2015-02-27,1167.1262894739334,1174.2797294168925,1148.1895219700243,1168.3990478515625,2877376,0.0,0.0,1122.692069498698,0.22209740957208624,2015,2,27,4,1165.809814453125
2015-03-02,1176.0133221958893,1188.8499793967028,1164.0983140105122,1171.4930419921875,2176038,0.0,0.0,1124.67236328125,0.2648062873993329,2015,3,2,0,1168.3990478515625
2015-03-03,1177.022667524794,1224.4195534653898,1174.4552933455846,1218.2755126953125,3424308,0.0,0.0,1128.3135416666667,3.9934057673589596,2015,3,3,1,1171.4930419921875
2015-03-04,1223.5416161078044,1234.1181844129278,1191.7900539084194,1205.1094970703125,3862994,0.0,0.0,1131.8246297200521,-1.0807092063987667,2015,3,4,2,1218.2755126953125
2015-03-05,1206.8651123588334,1215.949493775876,1176.605733970404,1183.3641357421875,2173514,0.0,0.0,1134.7648966471354,-1.8044303344209922,2015,3,5,3,1205.1094970703125
2015-03-09,1158.5904375059322,1176.0570875000742,1145.4246370797284,1161.57470703125,2883174,0.0,0.0,1136.7839518229166,-1.841312243020743,2015,3,9,0,1183.3641357421875
2015-03-10,1162.4961790508637,1175.3767625527057,1138.9513835582595,1159.7752685546875,3037052,0.0,0.0,1138.7466756184897,-0.15491371029948686,2015,3,10,1,1161.57470703125
2015-03-11,1159.4685825194922,1167.3461012331743,1140.070984210376,1143.9110107421875,2240200,0.0,0.0,1140.3258544921875,-1.3678734357105315,2015,3,11,2,1159.7752685546875
2015-03-12,1151.524769125727,1151.963629147825,1136.69138609366,1149.3963623046875,1827636,0.0,0.0,1142.0374064127604,0.4795260742302965,2015,3,12,3,1143.9110107421875
2015-03-13,1157.712801917615,1158.5685575790228,1130.0646190060115,1133.290283203125,1586838,0.0,0.0,1142.6627888997396,-1.4012641443607587,2015,3,13,4,1149.3963623046875
2015-03-16,1134.5408176478145,1145.4245667606876,1119.970687499339,1124.490966796875,1556296,0.0,0.0,1142.9209757486979,-0.7764397645217302,2015,3,16,0,1133.290283203125
2015-03-17,1133.3559577844687,1143.976348428704,1122.4941727098644,1133.882568359375,1267318,0.0,0.0,1144.4079833984374,0.8351869281130853,2015,3,17,1,1124.490966796875
2015-03-18,1137.064446760938,1140.794757256938,1119.8391894705835,1123.196533203125,1255170,0.0,0.0,1145.068477376302,-0.942428735959111,2015,3,18,2,1133.882568359375
2015-03-19,1130.5033439155031,1143.6033575865415,1127.036392822252,1139.3902587890625,2448964,0.0,0.0,1145.624365234375,1.4417535228457679,2015,3,19,3,1123.196533203125
2015-03-20,1139.2806168357777,1148.935537317437,1131.7542103177266,1145.841552734375,1963908,0.0,0.0,1147.038232421875,0.5662058189060515,2015,3,20,4,1139.3902587890625
2015-03-23,1148.05809784954,1154.6409997867506,1143.6694965580662,1148.562744140625,1566608,0.0,0.0,1147.9854451497397,0.23748409191097775,2015,3,23,0,1145.841552734375
2015-03-24,1154.201879316542,1157.2738995276509,1133.1805267293803,1137.218017578125,2394878,0.0,0.0,1148.212910970052,-0.987732417786924,2015,3,24,1,1148.562744140625
2015-03-25,1137.261827807568,1147.180107246388,1116.9865160477632,1129.5159912109375,2224858,0.0,0.0,1149.1030639648438,-0.6772691118269614,2015,3,25,2,1137.218017578125
2015-03-26,1120.5410734240234,1135.1989521334606,1097.588677805305,1102.89892578125,3091642,0.0,0.0,1150.1555948893229,-2.3565018677736194,2015,3,26,3,1129.5159912109375
2015-03-27,1110.7546521224303,1128.70398313771,1098.9493610635764,1103.6451416015625,2751776,0.0,0.0,1150.9587158203126,0.0676594928936014,2015,3,27,4,1102.89892578125
2015-03-30,1108.1215298400666,1127.826301513265,1105.9272297809775,1125.3028564453125,1339006,0.0,0.0,1152.450838216146,1.9623803002767115,2015,3,30,0,1103.6451416015625
2015-03-31,1127.6292368988236,1127.6292368988236,1106.366483194355,1120.826904296875,2427028,0.0,0.0,1152.6731974283855,-0.3977553351794061,2015,3,31,1,1125.3028564453125
2015-04-01,1122.603976074573,1125.061635142326,1106.9147297318575,1115.867431640625,2075758,0.0,0.0,1152.0565999348958,-0.4424833698439157,2015,4,1,2,1120.826904296875
2015-04-06,1122.603984131866,1124.754355473911,1097.1940306322806,1117.908203125,1568542,0.0,0.0,1150.76416015625,0.18288655323279723,2015,4,6,0,1115.867431640625
2015-04-07,1124.5565683423206,1140.59691967254,1116.4596243351064,1134.452880859375,1886922,0.0,0.0,1149.3590657552083,1.4799674685386455,2015,4,7,1,1117.908203125
2015-04-08,1138.4027916548898,1165.8315404900598,1137.0204255710173,1159.2047119140625,1652134,0.0,0.0,1148.859493001302,2.1818298029211647,2015,4,8,2,1134.452880859375
2015-04-09,1166.9288073837658,1179.414353676027,1156.4619529219403,1169.364501953125,2544450,0.0,0.0,1148.389912923177,0.8764448534967384,2015,4,9,3,1159.2047119140625
2015-04-10,1162.3209844559583,1172.1075861955553,1153.3243523316062,1164.625,1815544,0.0,0.0,1147.6438639322917,-0.40530578320180366,2015,4,10,4,1169.364501953125
2015-04-13,1169.1230100999103,1169.5618700886869,1153.3240505039655,1165.3927001953125,1308642,0.0,0.0,1147.399552408854,0.06591823078780923,2015,4,13,0,1164.625
2015-04-15,1165.0414876200336,1191.0219752265025,1145.1611104600154,1153.2142333984375,2913934,0.0,0.0,1146.9796997070312,-1.045009703152766,2015,4,15,2,1165.3927001953125
2015-04-16,1152.8636702207702,1152.8856346573812,1128.4631097307747,1133.488037109375,3217570,0.0,0.0,1145.8159993489583,-1.710540480490852,2015,4,16,3,1153.2142333984375
2015-04-17,1122.209282852439,1123.4819343737872,1083.9845226184586,1086.113037109375,9668742,0.0,0.0,1142.9699991861978,-4.179576532701301,2015,4,17,4,1133.488037109375
2015-04-20,1088.3947734281603,1090.0843201559976,1064.1697226565652,1065.9031982421875,2890722,0.0,0.0,1137.8909220377604,-1.8607491280074107,2015,4,20,0,1086.113037109375
2015-04-21,1065.9032589563462,1076.0847901917648,1053.702928731822,1065.13525390625,2546032,0.0,0.0,1133.2251139322916,-0.07204634878701377,2015,4,21,1,1065.9031982421875
2015-04-22,1067.0879803107898,1085.3006684386523,1056.577305819925,1073.0565185546875,4186812,0.0,0.0,1129.548193359375,0.7436862707705272,2015,4,22,2,1065.13525390625
2015-04-23,1084.862470511369,1088.2856016771416,1067.176382107887,1078.3892822265625,4342990,0.0,0.0,1126.7753458658854,0.49696950530226935,2015,4,23,3,1073.0565185546875
2015-04-24,1077.5327696703273,1103.2938252268293,1074.1316053324165,1094.0997314453125,3625158,0.0,0.0,1124.586161295573,1.4568439688414259,2015,4,24,4,1078.3892822265625
2015-04-27,1096.9307344217293,1105.9273657702572,1091.0061235336743,1097.2379150390625,2733052,0.0,0.0,1123.030391438802,0.286827928346578,2015,4,27,0,1094.0997314453125
2015-04-28,1101.5387112114854,1101.5387112114854,1077.4453376364372,1094.955810546875,3088298,0.0,0.0,1121.2157063802083,-0.20798629548872682,2015,4,28,1,1097.2379150390625
2015-04-29,1090.128156697583,1094.9556163286916,1075.6677422312905,1091.576416015625,2019620,0.0,0.0,1119.825244140625,-0.30863296022531905,2015,4,29,2,1094.955810546875
2015-04-30,1088.37279977882,1092.761399777928,1065.1571486409596,1081.2193603515625,3738054,0.0,0.0,1118.3828572591146,-0.9488163643061154,2015,4,30,3,1091.576416015625
2015-05-04,1093.2006739384967,1099.256965660412,1078.3671788931092,1089.053466796875,1890630,0.0,0.0,1116.888553873698,0.7245621686579051,2015,5,4,0,1081.2193603515625
2015-05-05,1097.5890515706508,1113.1466198573216,1097.1501914940532,1104.98388671875,3255070,0.0,0.0,1116.2814656575522,1.462776659508691,2015,5,5,1,1089.053466796875
2015-05-06,1103.7328362864696,1103.7328362864696,1077.752347214917,1080.93408203125,3394406,0.0,0.0,1114.3329264322917,-2.176484650732413,2015,5,6,2,1104.98388671875
2015-05-07,1081.7460969629954,1120.7388553557562,1076.8308858200066,1117.008544921875,3205028,0.0,0.0,1113.371826171875,3.337341609474942,2015,5,7,3,1080.93408203125
2015-05-08,1123.4813037887031,1135.769380548892,1104.303148273828,1109.108642578125,3003664,0.0,0.0,1112.056689453125,-0.7072374136853687,2015,5,8,4,1117.008544921875
2015-05-11,1112.5100149235254,1124.820058410856,1108.1214152591328,1121.72607421875,2573082,0.0,0.0,1111.5402913411458,1.1376190894424765,2015,5,11,0,1109.108642578125
2015-05-12,1123.481453769466,1125.6757534838594,1102.8550364541672,1107.19970703125,2467386,0.0,0.0,1110.7964152018228,-1.2950012950012968,2015,5,12,1,1121.72607421875
2015-05-13,1117.7763430986352,1117.7763430986352,1088.5701906792644,1103.9083251953125,1863774,0.0,0.0,1110.8300618489584,-0.2972708369624377,2015,5,13,2,1107.19970703125
2015-05-14,1105.9272684148996,1105.9272684148996,1090.5671674646926,1096.8209228515625,1309050,0.0,0.0,1110.602587890625,-0.6420281632078528,2015,5,14,3,1103.9083251953125
2015-05-15,1103.732866697065,1111.3689876092385,1097.5888268824492,1102.043212890625,1461454,0.0,0.0,1109.827266438802,0.47612968810673006,2015,5,15,4,1096.8209228515625
2015-05-18,1103.3381724780509,1108.231419523676,1095.877551101196,1106.1029052734375,4507752,0.0,0.0,1109.3364664713542,0.3683786928975419,2015,5,18,0,1102.043212890625
2015-05-19,1105.6638513405967,1110.3158102409254,1095.7237151063364,1102.7235107421875,1957722,0.0,0.0,1108.8983357747395,-0.305522615946352,2015,5,19,1,1106.1029052734375
2015-05-20,1105.9274674978044,1127.8265439372533,1104.5669583113074,1122.187255859375,1897814,0.0,0.0,1109.0409708658854,1.7650612259175968,2015,5,20,2,1102.7235107421875
2015-05-21,1122.165248141646,1132.259030193761,1118.281293494597,1121.5069580078125,1579578,0.0,0.0,1108.6094401041667,-0.060622489518602496,2015,5,21,3,1122.187255859375
2015-05-22,1119.0930491121912,1153.6532756288914,1114.3753039051496,1148.8916015625,2691632,0.0,0.0,1108.2656697591146,2.4417720602761372,2015,5,22,4,1121.5069580078125
2015-05-25,1149.813439392301,1157.2301320790418,1134.7605168295563,1141.47509765625,982978,0.0,0.0,1107.3360229492187,-0.6455355662939422,2015,5,25,0,1148.8916015625
2015-05-26,1143.2302680647774,1151.2394628410468,1136.16457940473,1144.919921875,1961740,0.0,0.0,1106.6791870117188,0.3017870670874112,2015,5,26,1,1141.47509765625
2015-05-27,1144.5466591685783,1155.583943181598,1137.5249005233725,1147.7283935546875,1620690,0.0,0.0,1106.0903767903646,0.24529852490366988,2015,5,27,2,1144.919921875
2015-05-28,1142.747663081435,1151.1299330533568,1133.246385675574,1145.205322265625,2763608,0.0,0.0,1105.8234130859375,-0.2198317392190785,2015,5,28,3,1147.7283935546875
2015-05-29,1148.4964925888455,1162.3645099077864,1139.8290085503934,1145.55615234375,4423532,0.0,0.0,1106.22568359375,0.030634688060215964,2015,5,29,4,1145.205322265625
2015-06-01,1145.183246106419,1161.706389977408,1144.7005643754665,1148.8258056640625,882264,0.0,0.0,1108.3161092122396,0.28542060671779,2015,6,1,0,1145.55615234375
2015-06-02,1148.057877077975,1154.201917704539,1136.8669459367331,1140.9921875,3935820,0.0,0.0,1110.8190755208334,-0.68188041437095,2015,6,2,1,1148.8258056640625
2015-06-03,1142.791610553937,1152.2710308260985,1136.866999669729,1145.8197021484375,1804684,0.0,0.0,1113.5085571289062,0.42309795819153173,2015,6,3,2,1140.9921875
2015-06-04,1148.540412979734,1151.0418932550865,1135.9889756072057,1143.515380859375,4131468,0.0,0.0,1115.8571858723958,-0.2011067958372359,2015,6,4,3,1145.8197021484375
2015-06-05,1148.1002134269615,1155.6301916786044,1138.3555356895413,1140.94677734375,2308534,12.0,0.0,1117.9424357096354,-0.22462343389685335,2015,6,5,4,1143.515380859375
2015-06-08,1147.214067414432,1147.214067414432,1134.6566809882456,1141.6551513671875,1570320,0.0,0.0,1119.5276163736978,0.06208650898569257,2015,6,8,0,1140.94677734375
2015-06-09,1144.9993030748194,1147.2140019202254,1129.93935092606,1134.6566162109375,2578914,0.0,0.0,1120.7749064127604,-0.6130165617760253,2015,6,9,1,1141.6551513671875
2015-06-10,1136.5835496483887,1156.072901240177,1135.6091036967196,1151.9757080078125,2763350,0.0,0.0,1122.6755696614584,1.5263729616022736,2015,6,10,2,1134.6566162109375
2015-06-11,1154.0796721814231,1157.4017207484396,1132.4863564958182,1138.93115234375,1847336,0.0,0.0,1124.254060872396,-1.1323637793214658,2015,6,11,3,1151.9757080078125
2015-06-12,1139.1970857535375,1146.7492326777842,1097.0735661399394,1109.9188232421875,2571456,0.0,0.0,1125.2107096354166,-2.5473294888685327,2015,6,12,4,1138.93115234375
2015-06-15,1109.6973000175317,1116.4077959256972,1098.9338393344576,1109.475830078125,2525176,0.0,0.0,1125.891455078125,-0.0399122129281948,2015,6,15,0,1109.9188232421875
2015-06-16,1107.3497602134755,1115.8985219902484,1104.8914221178766,1112.6650390625,1267396,0.0,0.0,1126.1474934895834,0.28745186672074485,2015,6,16,1,1109.475830078125
2015-06-17,1116.6514257480071,1120.2613424762324,1108.1470017692818,1113.4622802734375,1975720,0.0,0.0,1127.2317667643229,0.0716515018400532,2015,6,17,2,1112.6650390625
2015-06-18,1113.9938888854042,1127.8579298859397,1110.8933094729996,1120.66015625,2165046,0.0,0.0,1127.3534871419272,0.6464409350979361,2015,6,18,3,1113.4622802734375
2015-06-19,1122.8526879407816,1131.7114862677306,1119.353505857488,1129.2974853515625,1999610,0.0,0.0,1128.0264485677083,0.770735807228573,2015,6,19,4,1120.66015625
2015-06-22,1128.1678380831866,1151.64365096831,1128.1678380831866,1147.878662109375,1102002,0.0,0.0,1128.8982014973958,1.6453748457633255,2015,6,22,0,1129.2974853515625
2015-06-23,1151.6433263585193,1155.1868442857765,1137.1148812288486,1140.3927001953125,898318,0.0,0.0,1130.0046346028646,-0.652156204411547,2015,6,23,1,1147.878662109375
2015-06-24,1142.7847760280754,1146.2839574740235,1133.416641759503,1138.48828125,1170246,0.0,0.0,1131.1572998046875,-0.1669967674281292,2015,6,24,2,1140.3927001953125
2015-06-25,1134.8117374195772,1139.684075089997,1126.905218944012,1129.4964599609375,1930992,0.0,0.0,1132.246484375,-0.7898035875424148,2015,6,25,3,1138.48828125
2015-06-26,1129.5853069219045,1150.0270481105076,1129.5853069219045,1148.45458984375,1290102,0.0,0.0,1133.7935302734375,1.6784585481098402,2015,6,26,4,1129.4964599609375
2015-06-29,1139.2412579122788,1153.4153326607986,1126.573135349946,1148.4986572265625,1372756,0.0,0.0,1135.2067220052083,0.0038371027641925792,2015,6,29,0,1148.45458984375
2015-06-30,1144.9996052137058,1146.660629786066,1125.067310345382,1129.91748046875,1549952,0.0,0.0,1136.1131876627603,-1.6178666505960893,2015,6,30,1,1148.4986572265625
2015-07-01,1135.653351132888,1155.1870402768463,1132.4863747039217,1148.5872802734375,1279708,0.0,0.0,1136.9931884765624,1.6523153351820197,2015,7,1,2,1129.91748046875
2015-07-02,1151.6436197537826,1152.9502706944268,1138.8205326156003,1141.7882080078125,1445880,0.0,0.0,1137.6692301432292,-0.5919508584499078,2015,7,2,3,1148.5872802734375
2015-07-03,1139.7065841556437,1156.0731925914165,1138.355595770092,1153.3712158203125,963470,0.0,0.0,1137.8185506184896,1.0144620281820949,2015,7,3,4,1141.7882080078125
2015-07-06,1142.917861726527,1171.5760520330202,1142.917861726527,1166.3936767578125,1182338,0.0,0.0,1138.649169921875,1.12907802439286,2015,7,6,0,1153.3712158203125
2015-07-07,1166.1499384924264,1172.417494374237,1152.972477407952,1158.8414306640625,1642836,0.0,0.0,1139.1132202148438,-0.64748688579509,2015,7,7,1,1166.3936767578125
2015-07-08,1150.735580310733,1161.255401918556,1143.0063014310133,1149.4732666015625,2667850,0.0,0.0,1139.1713826497396,-0.8084077609420315,2015,7,8,2,1158.8414306640625
2015-07-09,1149.428810142313,1150.868364528811,1110.2950345642855,1117.315673828125,3934122,0.0,0.0,1138.2417277018228,-2.7975937942873563,2015,7,9,3,1149.4732666015625
2015-07-10,1133.4829707394365,1133.4829707394365,1087.4172306234138,1095.9881591796875,8263654,0.0,0.0,1136.589461263021,-1.9088172794860747,2015,7,10,4,1117.315673828125
2015-07-13,1096.4531308835344,1115.58821663688,1096.4531308835344,1111.57958984375,2280308,0.0,0.0,1135.347920735677,1.4225911597194774,2015,7,13,0,1095.9881591796875
2015-07-14,1112.222227453303,1113.9939872740172,1102.9204883945538,1107.12841796875,1703274,0.0,0.0,1134.2191284179687,-0.4004366323085984,2015,7,14,1,1111.57958984375
2015-07-15,1107.7928170821622,1129.4747060484658,1107.3498771313095,1127.6143798828125,2003660,0.0,0.0,1133.612284342448,1.850369079284242,2015,7,15,2,1107.12841796875
2015-07-16,1126.7062956382135,1133.41690056468,1119.1320876025252,1125.156005859375,1456608,0.0,0.0,1133.0003051757812,-0.21801549069399018,2015,7,16,3,1127.6143798828125
2015-07-17,1128.0792016604091,1138.399721519349,1126.5289122265651,1135.8748779296875,1070526,0.0,0.0,1132.8312418619792,0.9526565218061167,2015,7,17,4,1125.156005859375
2015-07-20,1138.1388504834915,1146.9722560912332,1132.7677150555578,1144.86376953125,853786,2.75,0.0,1132.9381958007812,0.7913628319649257,2015,7,20,0,1135.8748779296875
2015-07-21,1143.4656067095875,1154.2744185069257,1134.1883087617357,1136.9847412109375,1274500,0.0,0.0,1133.015799967448,-0.6882066259759845,2015,7,21,1,1144.86376953125
2015-07-22,1136.806753242163,1140.3578871843486,1119.073299792775,1122.1805419921875,1320628,0.0,0.0,1132.0226277669271,-1.3020578625341006,2015,7,22,2,1136.9847412109375
2015-07-23,1117.497866246731,1126.5311098251905,1102.1835955871431,1104.66943359375,1496780,0.0,0.0,1130.8805704752604,-1.5604537543798758,2015,7,23,3,1122.1805419921875
2015-07-24,1108.6200173928823,1117.0539634711463,1106.223044487878,1112.0157470703125,1574972,0.0,0.0,1130.9504679361978,0.6650236942524312,2015,7,24,4,1104.66943359375
2015-07-27,1104.4031663534229,1111.949329467574,1101.3624631615446,1108.42041015625,2003738,0.0,0.0,1130.9152872721354,-0.3233170864292756,2015,7,27,0,1112.0157470703125
2015-07-28,1109.5078244675728,1118.163716676862,1106.245175593714,1110.6397705078125,1891188,0.0,0.0,1130.8477783203125,0.20022730826922963,2015,7,28,1,1108.42041015625
2015-07-29,1114.612370330576,1116.4101538926118,1102.4053451676568,1112.725830078125,2413318,0.0,0.0,1130.8232299804688,0.18782503793814964,2015,7,29,2,1110.6397705078125
2015-07-30,1116.8540950801676,1117.1870139629618,1097.655772839036,1101.1402587890625,2770574,0.0,0.0,1130.1725667317708,-1.041188312151342,2015,7,30,3,1112.725830078125
2015-07-31,1105.2463974586392,1118.1636950857408,1103.9591542986252,1114.5015869140625,1963776,0.0,0.0,1129.6793701171875,1.2134083753956748,2015,7,31,4,1101.1402587890625
2015-08-03,1111.2389943231194,1120.827103188323,1110.1292645179824,1113.9912109375,1179324,0.0,0.0,1128.5497884114584,-0.045794100479989996,2015,8,3,0,1114.5015869140625
2015-08-04,1114.346135673636,1119.939216727871,1103.5152171167215,1113.6802978515625,2342692,0.0,0.0,1127.659375,-0.027909832939865264,2015,8,4,1,1113.9912109375
2015-08-05,1118.6075582716053,1131.9243149176957,1114.612531277778,1130.6591796875,988994,0.0,0.0,1127.3984049479166,1.5245741411329616,2015,8,5,2,1113.6802978515625
2015-08-06,1138.5828869407776,1146.5729422877305,1131.96894003018,1142.2672119140625,2211366,0.0,0.0,1127.8240966796875,1.0266605919009741,2015,8,6,3,1130.6591796875
2015-08-07,1142.1337411894178,1142.1337411894178,1130.592552976855,1132.834228515625,1188506,0.0,0.0,1127.30341796875,-0.8258123230755254,2015,8,7,4,1142.2672119140625
2015-08-10,1141.6900645276903,1149.2362274736358,1134.8541720313624,1141.7344970703125,1431182,0.0,0.0,1127.0779459635417,0.7856638094657198,2015,8,10,0,1132.834228515625
2015-08-11,1144.3530884558384,1158.5576264040876,1128.4174157939558,1155.9830322265625,2200306,0.0,0.0,1127.946797688802,1.2479727285819697,2015,8,11,1,1141.7344970703125
2015-08-12,1155.4947668106795,1194.6903253367138,1155.0064424907955,1185.9456787109375,3479784,0.0,0.0,1129.1920776367188,2.5919624812021036,2015,8,12,2,1155.9830322265625
2015-08-13,1185.1915937854374,1191.406081543114,1134.5879077586435,1169.9217529296875,1406426,0.0,0.0,1130.129862467448,-1.3511517490975788,2015,8,13,3,1185.9456787109375
2015-08-14,1170.9867388973228,1207.0973854338924,1170.5872795679695,1199.928466796875,2293964,0.0,0.0,1131.6817708333333,2.5648479303889804,2015,8,14,4,1169.9217529296875
2015-08-17,1194.113634527146,1197.0876885602922,1178.5329856059109,1191.73876953125,773644,0.0,0.0,1132.5266072591146,-0.6825154575661352,2015,8,17,0,1199.928466796875
2015-08-18,1201.5712457874693,1220.6586023329126,1194.0695141219269,1216.66357421875,1916926,0.0,0.0,1134.454012044271,2.0914654557478096,2015,8,18,1,1191.73876953125
2015-08-19,1220.7028804412964,1221.968015866214,1208.229473114145,1213.423095703125,1690070,0.0,0.0,1136.585673014323,-0.26634137688438253,2015,8,19,2,1216.66357421875
2015-08-20,1218.483166986784,1218.483166986784,1186.0790609066255,1192.6708984375,2349298,0.0,0.0,1139.0975138346355,-1.7102194064964604,2015,8,20,3,1213.423095703125
2015-08-21,1203.8344614929877,1211.7800807034469,1178.5770635221204,1187.9208984375,3536080,0.0,0.0,1142.1619384765625,-0.3982657752631402,2015,8,21,4,1192.6708984375
2015-08-24,1171.4305163248014,1174.093867252406,1140.4025213670172,1144.6416015625,4692344,0.0,0.0,1143.264005533854,-3.6432810410126026,2015,8,24,0,1187.9208984375
2015-08-25,1148.7477437412265,1163.884500077318,1125.4878527635544,1139.5369873046875,3925800,0.0,0.0,1144.3442911783854,-0.445957429019217,2015,8,25,1,1144.6416015625
2015-08-26,1135.4973414428623,1171.4303578385743,1115.0338879021824,1143.798095703125,3216158,0.0,0.0,1144.8837483723958,0.37393331203019464,2015,8,26,2,1139.5369873046875
2015-08-27,1160.732859505276,1160.732859505276,1130.059994937612,1142.8662109375,5264798,0.0,0.0,1145.4740885416666,-0.08147283765603808,2015,8,27,3,1143.798095703125
2015-08-28,1158.1138746436204,1158.1138746436204,1135.3422003171556,1141.179443359375,2744152,0.0,0.0,1145.6509073893228,-0.1475909920148344,2015,8,28,4,1142.8662109375
2015-08-31,1149.6801068027733,1149.6801068027733,1123.51269901926,1138.1611328125,3692044,0.0,0.0,1145.4274861653646,-0.2644904413971694,2015,8,31,0,1141.179443359375
2015-09-01,1134.587731774364,1159.0905437439071,1123.0465420145306,1126.331298828125,2987602,0.0,0.0,1145.072371419271,-1.039381300531883,2015,9,1,1,1138.1611328125
2015-09-02,1136.2299105562722,1163.1963395842886,1131.0363977512084,1150.4788818359375,3765950,0.0,0.0,1146.0156494140624,2.1439147640606615,2015,9,2,2,1126.331298828125
2015-09-03,1152.3873985542846,1160.776909156941,1143.576104097732,1156.6043701171875,2265074,0.0,0.0,1147.7468139648438,0.5324294411623631,2015,9,3,3,1150.4788818359375
2015-09-04,1159.1793478449802,1160.7329696069387,1127.1081557588377,1130.79248046875,2426396,0.0,0.0,1148.372705078125,-2.2316956701298185,2015,9,4,4,1156.6043701171875
2015-09-07,1133.255956992799,1136.3409838499615,1124.2449302549544,1127.3743896484375,1759184,0.0,0.0,1149.0045043945313,-0.30227392553013877,2015,9,7,0,1130.79248046875
2015-09-08,1129.7051672603036,1138.1835480137188,1120.1614890300102,1127.618896484375,1787746,0.0,0.0,1149.5704752604167,0.021688166609301618,2015,9,8,1,1127.3743896484375
2015-09-09,1137.672583104746,1142.5776096691463,1129.2608543116971,1131.813232421875,2045076,0.0,0.0,1150.2067220052083,0.37196396323055936,2015,9,9,2,1127.618896484375
2015-09-10,1128.3731352073353,1144.575188486276,1121.7147571474966,1129.88232421875,2665818,0.0,0.0,1151.1647908528646,-0.17060307724032775,2015,9,10,3,1131.813232421875
2015-09-11,1130.3709719427702,1140.0921633418498,1127.752052505632,1132.8123779296875,1592672,0.0,0.0,1151.7751505533854,0.25932379400337435,2015,9,11,4,1129.88232421875
2015-09-14,1138.582615864544,1138.582615864544,1128.8169949877329,1132.6566162109375,1589318,0.0,0.0,1152.3973307291667,-0.013750001481682705,2015,9,14,0,1132.8123779296875
2015-09-15,1132.6565252608389,1135.8747409731898,1125.709661589196,1126.2645263671875,1379900,0.0,0.0,1152.816805013021,-0.5643448996160316,2015,9,15,1,1132.6566162109375
2015-09-16,1134.1436435369917,1138.5825619069992,1127.9513740852367,1132.07958984375,1756816,0.0,0.0,1152.864152018229,0.5163141820083039,2015,9,16,2,1126.2645263671875
2015-09-18,1138.5825164211783,1147.904244625796,1127.0413291202228,1132.47900390625,2455294,0.0,0.0,1152.5378784179688,0.03528144717768189,2015,9,18,4,1132.07958984375
2015-09-21,1131.9241506996632,1135.075825997481,1124.466746385354,1132.3902587890625,1108840,0.0,0.0,1152.5230794270833,-0.00783635872112498,2015,9,21,0,1132.47900390625
2015-09-22,1135.2538056873325,1141.8677532298982,1105.2910952732973,1121.6263427734375,2081246,0.0,0.0,1151.8528076171874,-0.9505482700933432,2015,9,22,1,1132.3902587890625
2015-09-23,1124.9552649792788,1135.364508370371,1115.322832413971,1124.2227783203125,1228352,0.0,0.0,1150.7941324869792,0.23148845991391998,2015,9,23,2,1121.6263427734375
2015-09-24,1125.4878767721816,1149.6799845552948,1123.002038862164,1145.4185791015625,2354254,0.0,0.0,1149.4432291666667,1.8853737168462725,2015,9,24,3,1124.2227783203125
2015-09-28,1151.4555769383726,1162.5528743259822,1145.0191444535592,1151.3223876953125,2366812,0.0,0.0,1148.8232503255208,0.5154280453858906,2015,9,28,0,1145.4185791015625
2015-09-29,1146.7281713035964,1169.2112524562629,1140.7356307158366,1148.9031982421875,3325952,0.0,0.0,1147.1224080403647,-0.21012267970986764,2015,9,29,1,1151.3223876953125
2015-09-30,1173.517118698922,1173.517118698922,1141.223979552211,1148.8145751953125,3368336,0.0,0.0,1145.6916015625,-0.007713708779866213,2015,9,30,2,1148.9031982421875
2015-10-01,1153.6749909206574,1176.2912604303228,1150.656504475853,1173.91650390625,2834408,0.0,0.0,1144.26669921875,2.185028746407558,2015,10,1,3,1148.8145751953125
2015-10-05,1177.512037179361,1229.5805794190612,1177.512037179361,1203.679443359375,4807306,0.0,0.0,1143.9419108072916,2.5353540353243,2015,10,5,0,1173.91650390625
2015-10-06,1209.605599862558,1210.0494918258105,1191.406029369213,1198.50830078125,3979590,0.0,0.0,1144.1364908854166,-0.429611272889463,2015,10,6,1,1203.679443359375
2015-10-07,1195.8226945649903,1206.054425665827,1174.9597729579627,1178.0670166015625,2065530,0.0,0.0,1143.8080281575521,-1.7055605010297237,2015,10,7,2,1198.50830078125
2015-10-08,1185.1913006480784,1188.8978411356252,1162.9967070029834,1169.1224365234375,2357550,0.0,0.0,1144.6240559895834,-0.7592590194000937,2015,10,8,3,1178.0670166015625
2015-10-09,1176.535339720023,1176.579772253508,1157.669936234605,1167.2801513671875,2249724,0.0,0.0,1145.548828125,-0.15757846216075677,2015,10,9,4,1169.1224365234375
2015-10-12,1178.5327907986314,1180.9076554019707,1148.3481468158416,1150.833984375,2455912,0.0,0.0,1145.783357747396,-1.4089305787410855,2015,10,12,0,1167.2801513671875
2015-10-13,1155.361637870186,1159.445420894183,1139.736667655052,1153.47509765625,6179712,0.0,0.0,1146.1369873046874,0.2294955933791254,2015,10,13,1,1150.833984375
2015-10-14,1131.0365328236298,1131.0365328236298,1100.851884380927,1102.4942626953125,8337128,0.0,0.0,1144.847481282552,-4.419760345457446,2015,10,14,2,1153.47509765625
2015-10-15,1105.2902861958323,1111.282823892075,1094.1929941657538,1095.4136962890625,3215710,0.0,0.0,1143.4225667317708,-0.6422315875766915,2015,10,15,3,1102.4942626953125
2015-10-16,1101.251375827203,1106.1786192860034,1096.4129974463997,1097.30078125,2333828,0.0,0.0,1142.4548828125,0.172271441130456,2015,10,16,4,1095.4136962890625
2015-10-19,1105.290704655324,1107.48794763475,1090.1318413519368,1104.73583984375,3130642,0.0,0.0,1140.9301147460938,0.6775770801220382,2015,10,19,0,1097.30078125
2015-10-20,1108.0649374084987,1123.0462860865305,1107.7764510790648,1121.6036376953125,2695084,0.0,0.0,1139.7634236653646,1.526862553309405,2015,10,20,1,1104.73583984375
2015-10-21,1130.1863176549375,1133.307147723413,1124.5019486016436,1127.9571533203125,1929688,5.5,0.0,1139.6689127604166,0.5664671022336698,2015,10,21,2,1121.6036376953125
2015-10-23,1138.456877036029,1138.456877036029,1129.208053736998,1133.6090087890625,2335398,2.75,0.0,1139.8767333984374,0.5010700497011689,2015,10,23,4,1127.9571533203125
2015-10-26,1138.903508847072,1138.903508847072,1123.7568953794885,1133.3408203125,1414630,0.0,0.0,1140.0674641927083,-0.023657934480336706,2015,10,26,0,1133.6090087890625
2015-10-27,1130.4368396943262,1137.071815743872,1126.102861339628,1130.906005859375,1530420,0.0,0.0,1140.0372233072917,-0.21483515015842114,2015,10,27,1,1133.3408203125
2015-10-28,1121.500810058436,1132.0007078786718,1121.500810058436,1130.012451171875,1255342,0.0,0.0,1140.0415608723958,-0.07901228597870791,2015,10,28,2,1130.906005859375
2015-10-29,1132.0003874796323,1132.8269094966088,1112.5644119092503,1114.9324951171875,3130316,0.0,0.0,1139.4455647786458,-1.3344946809257574,2015,10,29,3,1130.012451171875
2015-10-30,1117.01003753398,1122.326961679437,1110.307977308776,1114.8653564453125,1516696,0.0,0.0,1138.8525227864584,-0.006021770122321968,2015,10,30,4,1114.9324951171875
2015-11-02,1117.0102344413276,1127.1973895960386,1111.4475452904155,1124.7623291015625,1319294,0.0,0.0,1138.8024495442708,0.8877280650110064,2015,11,2,0,1114.8653564453125
2015-11-03,1129.520484171054,1138.367224969691,1125.2758462756328,1136.423583984375,1364906,0.0,0.0,1138.9472493489584,1.0367750218063687,2015,11,3,1,1124.7623291015625
2015-11-04,1137.1166116407612,1138.099558997279,1125.9465074006753,1132.1124267578125,991434,0.0,0.0,1138.9350301106772,-0.37936182311945066,2015,11,4,2,1136.423583984375
2015-11-05,1130.7719864689514,1132.626180094033,1108.074313394108,1109.25830078125,1596098,0.0,0.0,1138.16396484375,-2.0187152297243993,2015,11,5,3,1132.1124267578125
2015-11-06,1113.4354252796693,1125.164028776295,1109.615229752741,1119.5789794921875,908024,0.0,0.0,1138.0957194010416,0.9304125742100489,2015,11,6,4,1109.25830078125
2015-11-09,1114.7762238643045,1118.2389556217986,1102.980639317149,1104.2093505859375,2021556,0.0,0.0,1137.428605143229,-1.3728043476862406,2015,11,9,0,1119.5789794921875
2015-11-10,1104.9242463474695,1106.733824882193,1094.6701134280877,1098.3115234375,1361920,0.0,0.0,1135.8583699544272,-0.5341221884516578,2015,11,10,1,1104.2093505859375
2015-11-13,1089.3304944024612,1089.3304944024612,1066.3200888167794,1071.1678466796875,2743232,0.0,0.0,1133.1865519205728,-2.471400525131351,2015,11,13,4,1098.3115234375
2015-11-16,1067.861573011574,1067.861573011574,1052.6702368264723,1060.9808349609375,2043528,0.0,0.0,1130.2558064778646,-0.9510191843721594,2015,11,16,0,1071.1678466796875
2015-11-17,1063.6172625612342,1071.6373751126048,1061.1598397743885,1068.107666015625,1985028,0.0,0.0,1127.565576171875,0.6717209981413008,2015,11,17,1,1060.9808349609375
2015-11-18,1067.370242455024,1067.370242455024,1048.2023907082762,1050.637451171875,1520352,0.0,0.0,1123.4562744140626,-1.6356230181288178,2015,11,18,2,1068.107666015625
2015-11-19,1056.8479969772434,1064.108562746301,1050.883119312225,1055.596923828125,1866906,0.0,0.0,1118.5201904296875,0.47204415288244483,2015,11,19,3,1050.637451171875
2015-11-20,1057.36177677281,1082.8519694598508,1055.3287965432264,1071.592529296875,2012126,0.0,0.0,1114.2896647135417,1.5153137630168345,2015,11,20,4,1055.596923828125
2015-11-23,1074.698013646288,1078.3170617098797,1064.399156461254,1068.3310546875,1088082,0.0,0.0,1110.6317993164062,-0.30435772182128007,2015,11,23,0,1071.592529296875
2015-11-24,1063.4162616586034,1068.9565896033098,1056.9152393211225,1058.0098876953125,998640,0.0,0.0,1106.928047688802,-0.9661019350604372,2015,11,24,1,1068.3310546875
2015-11-26,1062.455513218797,1064.4661318343126,1044.561094807143,1048.00146484375,2915292,0.0,0.0,1102.9520914713542,-0.945966854181679,2015,11,26,3,1058.0098876953125
2015-11-27,1049.0958828847092,1054.211767311304,1042.170420284746,1051.486328125,1737206,0.0,0.0,1099.6405029296875,0.33252465746977933,2015,11,27,4,1048.00146484375
2015-11-30,1056.6918873991842,1068.420497143044,1050.056801682294,1060.5120849609375,4100048,0.0,0.0,1096.5417358398438,0.8583808076736643,2015,11,30,0,1051.486328125
2015-12-01,1055.753200515078,1062.5223470300386,1053.139462385274,1055.306396484375,1721994,0.0,0.0,1094.9688069661458,-0.49086554980222186,2015,12,1,1,1060.5120849609375
2015-12-02,1062.500242726489,1062.5449667736134,1048.4259123455452,1056.7811279296875,1640296,0.0,0.0,1093.6810546875,0.13974438610675488,2015,12,2,2,1055.306396484375
2015-12-03,1054.457522283447,1060.2659747367031,1048.6490698301905,1050.3245849609375,2283358,0.0,0.0,1092.1151814778646,-0.6109631217013578,2015,12,3,3,1056.7811279296875
2015-12-04,1045.5214715628167,1048.7831629274583,1037.07691869494,1040.3385009765625,1246092,0.0,0.0,1089.968603515625,-0.9507617099857146,2015,12,4,4,1050.3245849609375
2015-12-07,1042.0364205331944,1047.2640062869064,1034.4631134338276,1036.49609375,1382604,0.0,0.0,1087.1316853841147,-0.3693420192519725,2015,12,7,0,1040.3385009765625
2015-12-08,1036.317448272092,1049.5428940612087,1035.3792250554493,1040.6068115234375,1139964,0.0,0.0,1084.2200073242188,0.39659751717588954,2015,12,8,1,1036.49609375
2015-12-09,1044.5830687621255,1060.1765944209224,1036.5853204829832,1057.87548828125,5282806,0.0,0.0,1081.695556640625,1.6594814262777424,2015,12,9,2,1040.6068115234375
2015-12-10,1058.4789321147684,1068.3979614982238,1050.8832622768828,1065.4267578125,1723988,0.0,0.0,1079.4317545572917,0.7138145854498124,2015,12,10,3,1057.87548828125
2015-12-11,1064.734172657969,1068.7330475452186,1055.9097916634266,1066.0745849609375,1652378,0.0,0.0,1077.2707071940104,0.06080447517271548,2015,12,11,4,1065.4267578125
2015-12-14,1043.3770147270388,1066.5214911911985,1041.3217811154989,1062.7012939453125,2718532,0.0,0.0,1075.027001953125,-0.3164216709798606,2015,12,14,0,1066.0745849609375
2015-12-15,1062.7010537723972,1065.627642069317,1055.8203151465405,1061.5394287109375,1135868,0.0,0.0,1073.2472330729167,-0.10933130890069531,2015,12,15,1,1062.7012939453125
2015-12-16,1065.1809099945806,1078.808434220602,1065.1809099945806,1076.0828857421875,1435934,0.0,0.0,1071.954484049479,1.3700345590470064,2015,12,16,2,1061.5394287109375
2015-12-17,1079.032051093462,1092.4361759517658,1069.3587846206049,1090.0904541015625,1618844,0.0,0.0,1070.7987548828125,1.3017183476265126,2015,12,17,3,1076.0828857421875
2015-12-18,1081.2656884946307,1087.6102835278737,1072.6199873935054,1079.8359375,3024970,0.0,0.0,1068.9125,-0.940703274941912,2015,12,18,4,1090.0904541015625
2015-12-21,1081.243455876622,1094.6699396055308,1075.390388179973,1093.0614013671875,1610104,0.0,0.0,1067.6107991536458,1.224766041571712,2015,12,21,0,1079.8359375
2015-12-22,1090.20196252494,1090.20196252494,1072.329799204859,1074.586181640625,1560858,0.0,0.0,1066.4550618489584,-1.690227072646966,2015,12,22,1,1093.0614013671875
2015-12-23,1079.03203724166,1087.9681203658145,1077.0437805631448,1083.8575439453125,849834,0.0,0.0,1065.2643473307292,0.8627844339606616,2015,12,23,2,1074.586181640625
2015-12-24,1081.712779950591,1089.3977890365652,1074.117109872458,1087.6329345703125,843160,0.0,0.0,1064.7118001302083,0.34832904435553314,2015,12,24,3,1083.8575439453125
2015-12-28,1084.8405216541844,1101.9977580998448,1081.355427321552,1100.3446044921875,3704198,0.0,0.0,1064.7795694986978,1.1687463222044725,2015,12,28,0,1087.6329345703125
2015-12-29,1098.4008468228456,1101.5061133427944,1092.7710718168892,1097.261474609375,1708524,0.0,0.0,1065.6493570963542,-0.28019675565504887,2015,12,29,1,1100.3446044921875
2015-12-30,1096.0327897117963,1098.6912522183704,1077.8255231286737,1080.50634765625,1605762,0.0,0.0,1066.3002075195313,-1.5269949178786102,2015,12,30,2,1097.261474609375
2015-12-31,1079.3669460321853,1093.9997795135282,1075.6808124071142,1088.7945556640625,1240318,0.0,0.0,1066.9897705078124,0.7670670353571385,2015,12,31,3,1080.50634765625
2016-01-01,1089.7549181748982,1089.7549181748982,1077.802911589749,1079.6571044921875,712262,0.0,0.0,1067.9570922851562,-0.8392263833742253,2016,1,1,4,1088.7945556640625
2016-01-04,1076.8651381555098,1078.5853780212865,1057.1611376688347,1058.747314453125,1870184,0.0,0.0,1068.0621053059897,-1.9367065665628513,2016,1,4,0,1079.6571044921875
2016-01-05,1065.62781803164,1066.3427482513748,1045.9684369023353,1049.5205078125,2678020,0.0,0.0,1067.3263712565104,-0.8714833572343816,2016,1,5,1,1058.747314453125
2016-01-06,1050.0794108332348,1066.142003093618,1050.0794108332348,1064.109130859375,2653228,0.0,0.0,1067.1856404622397,1.3900274399860857,2016,1,6,2,1049.5205078125
2016-01-07,1058.9258697944122,1064.6895998828588,1054.45782814971,1059.484375,3199580,0.0,0.0,1067.2347900390625,-0.4346129288111733,2016,1,7,3,1064.109130859375
2016-01-08,1065.627428703222,1075.613540693451,1060.0423792865383,1071.2572021484375,1907544,0.0,0.0,1068.0099812825522,1.1111845937735065,2016,1,8,4,1059.484375
2016-01-11,1064.510749250789,1065.1809553888277,1049.475835187343,1055.5076904296875,2930228,0.0,0.0,1068.1440266927084,-1.470189576057357,2016,1,11,0,1071.2572021484375
2016-01-12,1055.664243599772,1056.6919150589351,1028.364572893114,1039.7357177734375,3482594,0.0,0.0,1067.4514811197917,-1.494254641558257,2016,1,12,1,1055.5076904296875
2016-01-13,1035.245299152074,1039.7133410128945,1007.5881636668176,1018.3560791015624,4746092,0.0,0.0,1066.2198038736979,-2.056257018625751,2016,1,13,2,1039.7357177734375
2016-01-14,1015.5856386326712,1027.1578202702872,1005.3091451489264,1018.1771240234376,2742052,0.0,0.0,1064.9330037434895,-0.0175729375802125,2016,1,14,3,1018.3560791015624
2016-01-15,1022.6677362290774,1023.9410626240184,1007.5433719132586,1010.2689208984376,3269408,0.0,0.0,1063.5978149414063,-0.7767021020615661,2016,1,15,4,1018.1771240234376
2016-01-18,1010.6707075935548,1024.03010434808,1009.7770995408636,1017.6631469726562,2213922,0.0,0.0,1062.8419698079426,0.7319067152578462,2016,1,18,0,1010.2689208984376
2016-01-19,1017.3729634909462,1027.6494580716628,1013.4857895313692,1018.400634765625,967910,0.0,0.0,1062.238787841797,0.07246875306063938,2016,1,19,1,1017.6631469726562
2016-01-20,1015.9430473035516,1020.9472307316722,1002.1814610639566,1018.7579345703124,1615954,0.0,0.0,1061.5104919433593,0.035084405143726016,2016,1,20,2,1018.400634765625
2016-01-21,1023.415968897708,1025.6105589653812,1005.8365042240824,1009.7554931640624,2675536,2.75,0.0,1059.9064921061197,-0.8836683475792473,2016,1,21,3,1018.7579345703124
2016-01-22,1018.0414626445436,1031.0525291640683,1012.2189641780328,1028.2308349609375,1343178,0.0,0.0,1058.6666280110678,1.8296847030742747,2016,1,22,4,1009.7554931640624
2016-01-25,1030.9851147056088,1047.601670620474,1026.327160421897,1032.216796875,1397560,0.0,0.0,1057.5380350748699,0.3876524393682468,2016,1,25,0,1028.2308349609375
2016-01-27,1031.029910133938,1043.5482575036108,1022.0273897689482,1038.9798583984375,1626986,0.0,0.0,1056.7473205566407,0.655197778597727,2016,1,27,2,1032.216796875
2016-01-28,1037.0766331591192,1052.0359327792876,1033.739915267291,1044.1083984375,3106660,0.0,0.0,1056.1662862141927,0.49361303759709596,2016,1,28,3,1038.9798583984375
2016-01-29,1056.425166427653,1074.9228184647616,1045.8327415594197,1071.0262451171875,2235744,0.0,0.0,1055.9977315266926,2.578070123750553,2016,1,29,4,1044.1083984375
2016-02-01,1070.9363209766643,1080.7225284887795,1056.5591894961915,1076.1317138671875,1495274,0.0,0.0,1055.5324401855469,0.4766894157146817,2016,2,1,0,1071.0262451171875
2016-02-02,1078.9539195151435,1089.7031490993545,1065.830879861723,1074.072021484375,1475588,0.0,0.0,1055.3403096516927,-0.19139779603843943,2016,2,2,1,1076.1317138671875
2016-02-03,1069.3239307670428,1088.31418427002,1057.1414978021085,1082.2230224609375,1308692,0.0,0.0,1054.9790303548177,0.7588877480765088,2016,2,3,2,1074.072021484375
2016-02-04,1084.7312305279347,1092.8379822497295,1075.818374329447,1083.9027099609375,1250046,0.0,0.0,1055.2895812988281,0.15520714909396105,2016,2,4,3,1082.2230224609375
2016-02-05,1078.5510139153616,1092.8160736758618,1078.5510139153616,1084.754150390625,1402996,0.0,0.0,1055.3194681803386,0.07855321532670434,2016,2,5,4,1083.9027099609375
2016-02-08,1074.922755183759,1080.3197850531033,1051.1848776734507,1058.32861328125,1063658,0.0,0.0,1054.3426574707032,-2.4360853655050807,2016,2,8,0,1084.754150390625
2016-02-09,1045.1831833098097,1045.1831833098097,1010.2481966426234,1021.8035278320312,2489610,0.0,0.0,1051.7246215820312,-3.451204568302857,2016,2,9,1,1058.32861328125
2016-02-10,1018.937323691314,1025.610759567095,1011.36811873976,1016.1604614257812,1890732,0.0,0.0,1049.0212544759115,-0.5522653085983098,2016,2,10,2,1021.8035278320312
2016-02-11,1021.176237000854,1025.2071958311203,972.6479277888872,984.4273071289062,1962408,0.0,0.0,1045.8186197916666,-3.12284875287806,2016,2,11,3,1016.1604614257812
2016-02-12,985.3457518370852,1004.7838924755208,969.2219122615692,997.259521484375,2172568,0.0,0.0,1042.767451985677,1.3035207640566204,2016,2,12,4,984.4273071289062
2016-02-15,1007.7399515710364,1033.2022247527775,1003.2611073418316,1016.31689453125,2479712,0.0,0.0,1040.656111653646,1.9109742886695091,2016,2,15,0,997.259521484375
2016-02-16,1014.9062991092486,1022.07245126536,1004.6049553848388,1014.7047729492188,1588702,0.0,0.0,1039.188026936849,-0.15862390861610676,2016,2,16,1,1016.31689453125
2016-02-17,1014.4588156806182,1021.0202826040078,1006.1281167667536,1019.1840209960938,1585178,0.0,0.0,1038.1768107096354,0.44143362348203485,2016,2,17,2,1014.7047729492188
2016-02-18,1023.4155151816592,1038.9794929289517,1020.2803254196148,1037.2327880859375,1529140,0.0,0.0,1037.2809326171875,1.770903656064382,2016,2,18,3,1019.1840209960938
2016-02-19,1033.4264105116004,1042.2272977573773,1032.575364299416,1038.935302734375,879012,0.0,0.0,1036.5959635416666,0.1641400723148445,2016,2,19,4,1037.2327880859375
2016-02-22,1039.2043233443949,1049.393698780699,1032.3740826673115,1037.2559814453125,1324884,0.0,0.0,1035.4625895182292,-0.16163867804306342,2016,2,22,0,1038.935302734375
2016-02-23,1034.725342814577,1039.0473852388875,1010.7635179728586,1014.0106811523438,1306852,0.0,0.0,1034.0793558756511,-2.241037960617853,2016,2,23,1,1037.2559814453125
2016-02-24,1013.3162341496824,1013.3162341496824,985.8833093640886,990.2501831054688,1659328,0.0,0.0,1032.4298380533853,-2.3432197005926025,2016,2,24,2,1014.0106811523438
2016-02-25,994.2139102691232,997.8865408391196,978.9185909044722,991.1011352539062,1830556,0.0,0.0,1031.5213399251302,0.08593304631046017,2016,2,25,3,990.2501831054688
2016-02-26,998.6480667486608,1010.83050351069,985.1668086506828,990.0487060546876,1537536,0.0,0.0,1030.5837259928385,-0.10618787142737673,2016,2,26,4,991.1011352539062
2016-02-29,1001.917266213879,1001.917266213879,947.2753768629208,974.9546508789062,2191718,0.0,0.0,1029.406583658854,-1.5245770317634855,2016,2,29,0,990.0487060546876
2016-03-01,982.2107136147184,1023.4609200182434,968.3262940424172,1019.6762084960938,1999760,0.0,0.0,1029.4736857096354,4.587039774298396,2016,3,1,1,974.9546508789062
2016-03-02,1032.3737822449125,1043.5708948506056,1010.5394126638106,1038.5770263671875,1527486,0.0,0.0,1030.1462320963542,1.8536097747117397,2016,3,2,2,1019.6762084960938
2016-03-03,1046.2579883877468,1070.891631093794,1030.582033938444,1062.8968505859375,2648284,0.0,0.0,1031.617529296875,2.3416485827553624,2016,3,3,3,1038.5770263671875
2016-03-04,1065.9651417047023,1065.9651417047023,1052.3270801434296,1055.91015625,1512966,0.0,0.0,1033.1560180664062,-0.6573257162335144,2016,3,4,4,1062.8968505859375
2016-03-08,1048.990298910932,1060.1425788790518,1032.015411275174,1054.4544677734375,1268152,0.0,0.0,1034.0301391601563,-0.13786101667326855,2016,3,8,1,1055.91015625
2016-03-09,1048.4976335785043,1061.217509871235,1027.9620851411182,1055.7757568359375,2017784,0.0,0.0,1034.8154378255208,0.12530546390401298,2016,3,9,2,1054.4544677734375
2016-03-10,1055.2381943775838,1056.9401771796604,1036.8300994981496,1051.76708984375,1661666,0.0,0.0,1035.241678873698,-0.37968924425780815,2016,3,10,3,1055.7757568359375
2016-03-11,1048.0499230806072,1070.824897840126,1045.810500168042,1059.3590087890625,1530528,0.0,0.0,1035.7500325520834,0.7218251092492745,2016,3,11,4,1051.76708984375
2016-03-14,1057.9028908116045,1074.0267282668192,1048.0494345889729,1054.7677001953125,1636742,0.0,0.0,1035.2080810546875,-0.43340440357403365,2016,3,14,0,1059.3590087890625
2016-03-15,1052.1030543335985,1058.574963167761,1039.1368205720262,1043.5260009765625,1623356,0.0,0.0,1034.1212239583333,-1.065798584528932,2016,3,15,1,1054.7677001953125
2016-03-16,1036.8526037661893,1044.4666401653365,1033.2246956255228,1042.2496337890625,1918246,0.0,0.0,1033.060477701823,-0.1223129262045708,2016,3,16,2,1043.5260009765625
2016-03-17,1045.3620767164448,1057.813283561255,1044.4663080131745,1053.4464111328125,2221088,0.0,0.0,1032.1012573242188,1.0742894006155135,2016,3,17,3,1042.2496337890625
2016-03-18,1057.007373582996,1088.3592872062204,1057.007373582996,1086.5006103515625,3204070,0.0,0.0,1032.1878540039063,3.137720046262782,2016,3,18,4,1053.4464111328125
2016-03-21,1086.56791116425,1099.534146932235,1083.8806038818982,1095.6375732421875,2336982,0.0,0.0,1032.550634765625,0.8409533141144232,2016,3,21,0,1086.5006103515625
2016-03-22,1093.733835691816,1112.9928671966268,1091.2704711970146,1107.6630859375,1951984,0.0,0.0,1034.1951171875,1.0975812612675329,2016,3,22,1,1095.6375732421875
2016-03-23,1114.2917903358614,1114.2917903358614,1100.586590409683,1107.9766845703125,2278434,0.0,0.0,1037.0675557454426,0.02831173456927516,2016,3,23,2,1107.6630859375
2016-03-28,1115.6802963386012,1127.3924323466704,1102.490119602112,1107.7974853515625,3320882,0.0,0.0,1040.1221232096354,-0.016173555025622566,2016,3,28,0,1107.9766845703125
2016-03-29,1109.857709530976,1113.8662536423683,1099.5563667871452,1106.005859375,1838796,0.0,0.0,1044.1747416178384,-0.1617286553050712,2016,3,29,1,1107.7974853515625
2016-03-30,1106.6777277109395,1121.9506323531489,1101.7958305743498,1115.0084228515625,2136504,0.0,0.0,1048.0997049967448,0.8139706856209461,2016,3,30,2,1106.005859375
2016-03-31,1109.9921954348106,1142.105492713512,1107.2376401090075,1128.8033447265625,4363964,0.0,0.0,1051.8492533365886,1.237203378223839,2016,3,31,3,1115.0084228515625
2016-04-01,1121.950786793662,1129.0498005805628,1090.195816247489,1099.0638427734375,3041400,0.0,0.0,1054.661222330729,-2.63460434379994,2016,4,1,4,1128.8033447265625
2016-04-04,1100.004113318791,1114.3364144695245,1095.9731536201473,1106.8343505859375,1752352,0.0,0.0,1057.582899983724,0.7070115047085324,2016,4,4,0,1099.0638427734375
2016-04-05,1106.6327126930964,1112.9478166417027,1093.7560371786142,1103.0272216796875,1491794,0.0,0.0,1059.7760477701822,-0.3439655540356634,2016,4,5,1,1106.8343505859375
2016-04-06,1106.2747103983902,1114.7845158629932,1101.5047842319516,1111.6044921875,1763150,0.0,0.0,1062.1983540852864,0.7776118611788174,2016,4,6,2,1103.0272216796875
2016-04-07,1110.7533271669083,1112.8583620062966,1100.451985826248,1106.6328125,2390942,0.0,0.0,1064.5109151204426,-0.44725257251492234,2016,4,7,3,1111.6044921875
2016-04-08,1104.4829981939788,1107.9316864163063,1087.0155055218113,1089.27734375,1399500,0.0,0.0,1067.0198038736978,-1.5683132249433407,2016,4,8,4,1106.6328125
2016-04-11,1089.703164327154,1127.3254683976352,1080.745472881801,1122.6898193359375,2400648,0.0,0.0,1071.4344584147136,3.067398379085895,2016,4,11,0,1089.27734375
2016-04-12,1118.8153818246476,1130.9082622526962,1114.3813694064131,1127.8402099609375,1303628,0.0,0.0,1075.9924275716146,0.458754549680207,2016,4,12,1,1122.6898193359375
2016-04-13,1133.147539240856,1139.865805283786,1125.3095621907712,1131.445556640625,1601468,0.0,0.0,1080.705655924479,0.31966821610416307,2016,4,13,2,1127.8402099609375
2016-04-18,1098.6605966187433,1143.6729855140484,1092.8380985526835,1128.556884765625,7121504,0.0,0.0,1085.8257303873697,-0.2553080754125525,2016,4,18,0,1131.445556640625
2016-04-20,1135.3424256289957,1135.3424256289957,1092.8382284339552,1097.473876953125,6405024,0.0,0.0,1088.4189860026042,-2.7542260591459033,2016,4,20,2,1128.556884765625
2016-04-21,1097.7647215473544,1105.1099823510226,1080.3867840533396,1085.8509521484375,2525724,0.0,0.0,1089.994783528646,-1.0590616367977534,2016,4,21,3,1097.473876953125
2016-04-22,1083.4323126304955,1090.7775727062308,1076.8036019529843,1082.5589599609375,1964126,0.0,0.0,1090.6501871744792,-0.30317164441275857,2016,4,22,4,1085.8509521484375
2016-04-25,1075.9527880062928,1100.4744605476062,1075.9527880062928,1097.876708984375,2267654,0.0,0.0,1092.049072265625,1.4149574840699897,2016,4,25,0,1082.5589599609375
2016-04-26,1096.8693533901649,1116.8002175085244,1093.734161281659,1115.14306640625,2554368,0.0,0.0,1094.0720255533854,1.572704592471763,2016,4,26,1,1097.876708984375
2016-04-27,1110.753488466152,1126.2503349068577,1108.9171183956958,1124.6827392578125,1848670,0.0,0.0,1096.3689249674478,0.855466275040917,2016,4,27,2,1115.14306640625
2016-04-28,1120.293733395062,1137.6268449507345,1118.8605245936224,1132.1402587890625,4992744,0.0,0.0,1099.0480305989583,0.6630776192200871,2016,4,28,3,1124.6827392578125
2016-04-29,1127.3249788549472,1138.5220882992753,1124.1897882105354,1135.61083984375,2372178,0.0,0.0,1101.5897583007813,0.3065504497119065,2016,4,29,4,1132.1402587890625
2016-05-02,1132.6995895302928,1133.1474739073312,1119.7109425961771,1131.66943359375,1116692,0.0,0.0,1104.1531494140625,-0.3470736727506307,2016,5,2,0,1135.61083984375
2016-05-03,1130.9082021532763,1133.1476243357583,1107.1703270189705,1109.9024658203125,2153118,0.0,0.0,1106.3656982421876,-1.9234386939580017,2016,5,3,1,1131.66943359375
2016-05-04,1108.0212960337035,1117.046233300459,1100.4520925748147,1109.857666015625,1364892,0.0,0.0,1108.6192993164063,-0.004036373110893887,2016,5,4,2,1109.9024658203125
2016-05-05,1109.857501357188,1115.2096978660488,1103.385593890541,1106.4088134765625,1246566,0.0,0.0,1110.3847127278646,-0.3107472827073243,2016,5,5,3,1109.857666015625
2016-05-06,1104.0352992672226,1112.679492039568,1088.8072261738816,1107.7974853515625,885598,0.0,0.0,1111.094608561198,0.12551164253984393,2016,5,6,4,1106.4088134765625
2016-05-09,1107.7975307809857,1127.7732241613269,1100.183493922073,1125.332275390625,1821276,0.0,0.0,1112.0844319661458,1.5828515835182522,2016,5,9,0,1107.7974853515625
2016-05-10,1126.4296512763265,1134.91704168994,1117.9198447656902,1129.9678955078125,1158534,0.0,0.0,1112.8279256184896,0.4119334545504172,2016,5,10,1,1125.332275390625
2016-05-11,1119.7112843029788,1131.1771715929633,1115.232439165767,1127.9075927734375,1598716,0.0,0.0,1113.4922892252605,-0.1823328558772097,2016,5,11,2,1129.9678955078125
2016-05-12,1128.9149622446027,1151.017990131024,1128.9149622446027,1149.36083984375,1513082,0.0,0.0,1114.877734375,1.9020394230666149,2016,5,12,3,1127.9075927734375
2016-05-13,1148.823440287326,1149.2713246695043,1124.2569381861374,1130.19140625,1621730,0.0,0.0,1115.6839192708333,-1.6678342370143762,2016,5,13,4,1149.36083984375
2016-05-16,1136.7308460396707,1148.7341723510572,1129.788636381036,1142.6204833984375,1111526,0.0,0.0,1116.6043212890625,1.0997320524385623,2016,5,16,0,1130.19140625
2016-05-17,1148.4655247697904,1160.5808235429,1143.001355207518,1151.15283203125,1756698,0.0,0.0,1117.3493041992188,0.7467351370627595,2016,5,17,1,1142.6204833984375
2016-05-18,1149.204563409695,1149.204563409695,1131.3787372716097,1142.5982666015625,1500740,0.0,0.0,1118.8004516601563,-0.7431302944017171,2016,5,18,2,1151.15283203125
2016-05-19,1144.345152758924,1146.5845757584525,1131.4013315603815,1145.218505859375,1038792,0.0,0.0,1120.079923502604,0.22932288052615046,2016,5,19,3,1142.5982666015625
2016-05-20,1138.656604013607,1149.1818880793703,1129.9228576611652,1132.8341064453125,1230918,0.0,0.0,1121.073486328125,-1.081400566852453,2016,5,20,4,1145.218505859375
2016-05-23,1139.4179394195714,1140.268876060143,1110.8428921826965,1115.881591796875,1533016,0.0,0.0,1121.2160563151042,-1.4964693022557651,2016,5,23,0,1132.8341064453125
2016-05-24,1112.5450457121844,1114.4485547477225,1101.6167081645192,1105.2445068359375,1339158,0.0,0.0,1121.1697794596355,-0.9532449535088139,2016,5,24,1,1115.881591796875
2016-05-25,1111.201411211983,1134.468988420601,1111.201411211983,1131.5577392578125,1548678,0.0,0.0,1122.5791259765624,2.380761203437576,2016,5,25,2,1105.2445068359375
2016-05-26,1133.1475328021763,1148.778654634531,1121.9952549729924,1141.52294921875,1943248,0.0,0.0,1123.2068969726563,0.880662967094703,2016,5,26,3,1131.5577392578125
2016-05-27,1143.516252365108,1155.474855834939,1142.374234382601,1152.25,1104676,0.0,0.0,1124.020556640625,0.9397139837259871,2016,5,27,4,1141.52294921875
2016-05-30,1156.885385353081,1183.2881484107731,1156.4375009607645,1180.8023681640625,1349464,0.0,0.0,1125.6657836914062,2.4779664277771785,2016,5,30,0,1152.25
2016-05-31,1182.4151242148855,1185.550315832122,1147.4801319085366,1150.79443359375,3722608,0.0,0.0,1126.4070353190104,-2.5413172753853353,2016,5,31,1,1180.8023681640625
2016-06-01,1151.6004836640973,1184.6543781642772,1151.510928642857,1179.526123046875,1911942,0.0,0.0,1129.142110188802,2.496683040375891,2016,6,1,2,1150.79443359375
2016-06-02,1164.499815476977,1188.8199681080316,1164.499815476977,1186.961181640625,1408756,0.0,0.0,1132.512451171875,0.630342851122645,2016,6,2,3,1179.526123046875
2016-06-03,1187.5209521968018,1190.4770337167615,1173.681364505182,1177.7347412109375,1554922,0.0,0.0,1135.6849772135417,-0.7773161053956867,2016,6,3,4,1186.961181640625
2016-06-06,1185.857430449125,1194.2292535604815,1178.0286224163206,1182.2371826171875,1322026,13.5,0.0,1138.4969930013021,0.38229673021452637,2016,6,6,0,1177.7347412109375
2016-06-07,1182.9163813572925,1194.2296596793783,1182.463850224409,1190.67724609375,1202194,0.0,0.0,1141.0147989908853,0.713906109591167,2016,6,7,1,1182.2371826171875
2016-06-08,1184.3869930305332,1189.5006164339686,1179.0697527332331,1182.509033203125,938266,0.0,0.0,1142.9423421223958,-0.6860140241549462,2016,6,8,2,1190.67724609375
2016-06-09,1186.7175013835845,1186.7175013835845,1156.3074338433466,1166.2857666015625,1562138,0.0,0.0,1144.0805257161458,-1.3719359553320043,2016,6,9,3,1182.509033203125
2016-06-10,1161.1945952906435,1178.051375756184,1155.4021761485255,1156.55615234375,1396832,0.0,0.0,1144.778702799479,-0.8342393036454232,2016,6,10,4,1166.2857666015625
2016-06-13,1149.4287186058352,1155.4700515358693,1139.473036791139,1152.596435546875,1029978,0.0,0.0,1145.47626953125,-0.3423713400210304,2016,6,13,0,1156.55615234375
2016-06-14,1158.0040743441448,1158.0040743441448,1139.586086426462,1147.09814453125,977570,0.0,0.0,1146.7161254882812,-0.4770352263857358,2016,6,14,1,1152.596435546875
2016-06-15,1144.903574076914,1160.696863771892,1141.2833256213348,1157.0540771484375,1270844,0.0,0.0,1148.2893391927084,0.867923347679711,2016,6,15,2,1147.09814453125
2016-06-16,1151.9403127398132,1160.6062372243669,1138.771616406252,1157.7100830078125,1145070,0.0,0.0,1149.9993815104167,0.05669621431971805,2016,6,16,3,1157.0540771484375
2016-06-17,1158.027046785957,1181.1061321263571,1158.027046785957,1177.7574462890625,1878988,0.0,0.0,1152.3313802083333,1.7316393435190314,2016,6,17,4,1157.7100830078125
2016-06-20,1177.7574040457366,1207.3528917576537,1172.8700464056465,1203.4158935546875,1872838,0.0,0.0,1154.9341674804687,2.17858501735404,2016,6,20,0,1177.7574462890625
2016-06-21,1205.3162752669025,1205.9950717425547,1195.3152963331436,1199.7501220703125,1027690,0.0,0.0,1157.2602416992188,-0.3046138499589679,2016,6,21,1,1203.4158935546875
2016-06-22,1199.207207596369,1211.7422948021729,1190.9485164497148,1207.1943359375,1761712,0.0,0.0,1159.9031331380208,0.620480359221931,2016,6,22,2,1199.7501220703125
2016-06-23,1201.469785158842,1203.506174625213,1188.0296367770338,1197.1029052734375,1397014,0.0,0.0,1161.4945353190103,-0.8359408558875958,2016,6,23,3,1207.1943359375
2016-06-24,1160.8099411208534,1173.503458758502,1137.730858318296,1164.792236328125,3766586,0.0,0.0,1162.6478963216146,-2.699071968080491,2016,6,24,4,1197.1029052734375
2016-06-27,1152.5966269007872,1152.5966269007872,1123.4762085657535,1129.44970703125,4272566,0.0,0.0,1162.2088704427083,-3.0342346209559445,2016,6,27,0,1164.792236328125
2016-06-28,1129.4495998926036,1132.6398552252836,1112.5022246670949,1115.0137939453125,4499524,0.0,0.0,1161.0042358398437,-1.278136865773527,2016,6,28,1,1129.44970703125
2016-06-29,1120.0143207907856,1136.984234742161,1115.6247918116053,1132.639892578125,2531264,0.0,0.0,1160.6722900390625,1.5807964644495742,2016,6,29,2,1115.0137939453125
2016-06-30,1141.2834165495417,1159.7918940608097,1131.4861625785509,1155.357177734375,5121812,0.0,0.0,1161.0102457682292,2.005693539942399,2016,6,30,3,1132.639892578125
2016-07-01,1159.3845088027683,1160.5611336833424,1128.770828553212,1131.7122802734375,2197296,0.0,0.0,1160.9728515625,-2.0465443861529042,2016,7,1,4,1155.357177734375
2016-07-04,1138.5682026161674,1143.0256779675465,1123.182145824057,1128.7030029296875,1883484,0.0,0.0,1161.4002319335937,-0.26590480603629896,2016,7,4,0,1131.7122802734375
2016-07-05,1128.703019607272,1129.9927774028624,1120.9873424468606,1124.675537109375,1559748,0.0,0.0,1162.0479329427083,-0.35682245992600947,2016,7,5,1,1128.7030029296875
2016-07-07,1125.761189432248,1127.639259108765,1097.387521789837,1099.5596923828125,3316800,0.0,0.0,1160.9813313802083,-2.233163601220922,2016,7,7,3,1124.675537109375
2016-07-08,1101.9127877928486,1105.1031528681156,1087.6580638439882,1098.111572265625,2456356,0.0,0.0,1159.534285481771,-0.13170000021093253,2016,7,8,4,1099.5596923828125
2016-07-11,1099.650237814567,1118.5660541250645,1098.292644928376,1115.1041259765625,1543632,0.0,0.0,1158.2960896809896,1.5474341715458362,2016,7,11,0,1098.111572265625
2016-07-12,1118.5207705548307,1120.014144844195,1102.2976016545913,1115.4661865234375,1465536,0.0,0.0,1156.1182169596354,0.032468765780757636,2016,7,12,1,1115.1041259765625
2016-07-13,1121.37193717661,1130.9882219486046,1109.266731640099,1128.2052001953125,2102300,0.0,0.0,1155.3652425130208,1.1420349469828839,2016,7,13,2,1115.4661865234375
2016-07-14,1124.9922162323753,1144.451051830924,1118.204250325905,1141.238037109375,2699988,0.0,0.0,1154.088972981771,1.155183198216636,2016,7,14,3,1128.2052001953125
2016-07-15,1139.0204803160973,1143.9078370120244,1098.0890751399525,1106.5966796875,8336366,0.0,0.0,1151.41015625,-3.0354191058701074,2016,7,15,4,1141.238037109375
2016-07-18,1107.3432422923065,1117.2989232610155,1099.921778853563,1101.21142578125,2598850,0.0,0.0,1148.8593790690104,-0.4866501052371519,2016,7,18,0,1106.5966796875
2016-07-19,1098.519053997132,1119.0187313543702,1098.519053997132,1116.031982421875,2362896,0.0,0.0,1146.6525390625,1.3458411612566223,2016,7,19,1,1101.21142578125
2016-07-20,1108.700869383124,1132.4587451556197,1107.8636429015207,1129.0421142578125,2815252,0.0,0.0,1144.5980346679687,1.1657490144417304,2016,7,20,2,1116.031982421875
2016-07-21,1126.5760189136038,1140.1519500513457,1115.2400943173473,1134.0654296875,2527148,0.0,0.0,1142.9832478841147,0.44491833973701045,2016,7,21,3,1129.0421142578125
2016-07-22,1130.8295547048097,1142.188125822061,1127.707135320355,1138.16064453125,1517216,0.0,0.0,1142.045743815104,0.3611092214387046,2016,7,22,4,1134.0654296875
2016-07-25,1139.703160027626,1162.932756422469,1136.890220560029,1161.0045166015625,1688796,3.25,0.0,1142.194022623698,2.007086800977964,2016,7,25,0,1138.16064453125
2016-07-26,1161.0048528853583,1165.1108927879718,1149.23126613393,1158.1239013671875,2311290,0.0,0.0,1142.378271484375,-0.24811404203723963,2016,7,26,1,1161.0045166015625
2016-07-27,1159.2124453417407,1170.7364699630086,1154.6754103306182,1169.4434814453125,1750510,0.0,0.0,1143.123116048177,0.9774066543970061,2016,7,27,2,1158.1239013671875
2016-07-28,1170.782144607496,1193.0363284323728,1169.2168893345647,1188.3631591796875,4632080,0.0,0.0,1144.1667521158854,1.6178360078583864,2016,7,28,3,1169.4434814453125
2016-07-29,1185.98096937239,1195.4633283782923,1179.1754167554866,1188.3856201171875,2488084,0.0,0.0,1145.1892700195312,0.0018900735289983928,2016,7,29,4,1188.3631591796875
2016-08-01,1194.1478976997369,1236.3423332947505,1194.1478976997369,1228.7427978515625,3961704,0.0,0.0,1146.8887817382813,3.395966515514992,2016,8,1,0,1188.3856201171875
2016-08-02,1226.315644369558,1232.1230736839077,1220.3721925638768,1224.636962890625,2578162,0.0,0.0,1147.5961507161458,-0.33414925956160024,2016,8,2,1,1228.7427978515625
2016-08-03,1218.6477024100188,1224.5458484008343,1201.8833788434636,1205.1727294921875,2294702,0.0,0.0,1147.776904296875,-1.589388038108397,2016,8,3,2,1224.636962890625
2016-08-04,1211.388465570648,1217.263904326945,1196.075970921581,1203.2218017578125,1415416,0.0,0.0,1147.6444864908854,-0.16187951209259976,2016,8,4,3,1205.1727294921875
2016-08-05,1213.158010656027,1217.8765945523264,1194.1478741398955,1201.90625,1868484,0.0,0.0,1147.804597981771,-0.10933576468532546,2016,8,5,4,1203.2218017578125
2016-08-08,1197.7773408013304,1210.4810398704356,1192.8093092117272,1202.0875244140625,2058244,0.0,0.0,1149.0477742513021,0.015082242401387447,2016,8,8,0,1201.90625
2016-08-09,1205.9440612851754,1206.7607498458603,1170.033468853743,1202.4051513671875,2261914,0.0,0.0,1151.4796223958333,0.026422947304083344,2016,8,9,1,1202.0875244140625
2016-08-10,1202.7679361328685,1216.83274413744,1201.4068256808132,1213.8382568359375,2062078,0.0,0.0,1154.773771158854,0.9508530012325656,2016,8,10,2,1202.4051513671875
2016-08-11,1209.3694047994973,1231.805021059033,1209.3694047994973,1229.4910888671875,2233138,0.0,0.0,1158.0021443684896,1.2895319407753458,2016,8,11,3,1213.8382568359375
2016-08-12,1227.2680964912022,1245.325519842607,1225.9296931790211,1242.4444580078125,2327358,0.0,0.0,1160.9050537109374,1.0535553496821004,2016,8,12,4,1229.4910888671875
2016-08-16,1242.2403843267102,1243.1477914737711,1213.1353443917135,1221.23388671875,3183754,0.0,0.0,1163.8891072591146,-1.7071645458560325,2016,8,16,1,1242.4444580078125
2016-08-17,1224.5459080737146,1224.5459080737146,1187.7959197247071,1190.7677001953125,1848566,0.0,0.0,1165.9579305013021,-2.4947053021346366,2016,8,17,2,1221.23388671875
2016-08-18,1195.5090809151905,1205.7401200609604,1193.2859774056835,1197.1197509765625,1292064,0.0,0.0,1168.3727376302083,0.5334416427493105,2016,8,18,3,1190.7677001953125
2016-08-19,1197.7775898129923,1200.7039560891512,1179.629444512795,1181.2174072265625,2416244,0.0,0.0,1171.0946614583333,-1.3283837090673267,2016,8,19,4,1197.1197509765625
2016-08-22,1174.1848202136605,1177.1111860394465,1150.728368176642,1156.354248046875,2265274,0.0,0.0,1173.036083984375,-2.1048757855732014,2016,8,22,0,1181.2174072265625
2016-08-23,1154.6527784380464,1181.8749902832665,1152.4976866669665,1180.1055908203125,1503374,0.0,0.0,1175.2027994791667,2.053984997551961,2016,8,23,1,1156.354248046875
2016-08-24,1175.0013573166416,1180.536517914324,1165.5870096046035,1166.9481201171875,1116878,0.0,0.0,1176.9188639322917,-1.114940121076713,2016,8,24,2,1180.1055908203125
2016-08-25,1170.555105171249,1174.9560072503768,1146.055114597897,1157.42041015625,1939690,0.0,0.0,1177.892704264323,-0.8164638852994344,2016,8,25,3,1166.9481201171875
2016-08-26,1161.3903480852707,1167.1750682413883,1142.0625329037262,1145.5787353515625,1250314,0.0,0.0,1178.0373942057292,-1.0231092091324778,2016,8,26,4,1157.42041015625
2016-08-29,1150.115780509749,1150.115780509749,1119.1732208601954,1134.5084228515625,1488728,0.0,0.0,1178.9677856445312,-0.9663510816306009,2016,8,29,0,1145.5787353515625
2016-08-30,1138.7959840657727,1156.8534086757688,1134.8260777468183,1154.2899169921875,1444026,0.0,0.0,1180.7370686848958,1.7436180941613921,2016,8,30,1,1134.5084228515625
2016-08-31,1156.944047340707,1156.944047340707,1134.6445622646363,1139.3857421875,3231668,0.0,0.0,1181.51552734375,-1.2911985615818522,2016,8,31,2,1154.2899169921875
2016-09-01,1145.556264179654,1150.1160078667929,1128.3836480482744,1137.661865234375,1345736,0.0,0.0,1181.802852376302,-0.15129879980904093,2016,9,1,3,1139.3857421875
2016-09-02,1139.7033627390038,1143.060724834988,1132.4668129833872,1140.9737548828125,1742330,0.0,0.0,1182.0331298828125,0.29111370870773534,2016,9,2,4,1137.661865234375
2016-09-06,1143.2875448666748,1143.400970755517,1125.1848173144504,1127.0223388671875,2239066,0.0,0.0,1181.6618530273438,-1.22276397295904,2016,9,6,1,1140.9737548828125
2016-09-07,1134.123026434641,1134.123026434641,1099.3239775689335,1107.2864990234375,3854040,0.0,0.0,1179.8712524414063,-1.7511489491492505,2016,9,7,2,1127.0223388671875
2016-09-08,1070.7406120831572,1070.7406120831572,1036.5994124817769,1053.5452880859375,7021516,0.0,0.0,1176.3852986653646,-4.85341517167387,2016,9,8,3,1107.2864990234375
2016-09-09,1056.993185185721,1073.7575099486462,1052.614990040925,1067.31494140625,2742438,0.0,0.0,1172.9810139973958,1.3069825736043095,2016,9,9,4,1053.5452880859375
2016-09-12,1060.30514126066,1072.532429144384,1054.4069954171048,1070.309326171875,2024454,0.0,0.0,1169.0458862304688,0.2805530635296538,2016,9,12,0,1067.31494140625
2016-09-14,1071.6479257142275,1078.7257463299177,1048.055338018571,1056.4261474609375,2069858,0.0,0.0,1164.647237141927,-1.297118353681248,2016,9,14,2,1070.309326171875
2016-09-15,1061.6437524676496,1062.619281701035,1051.1178507461873,1055.74560546875,2818964,0.0,0.0,1158.8806640625,-0.06441926809773735,2016,9,15,3,1056.4261474609375
2016-09-16,1060.169129292157,1077.9997020733813,1052.5923016878132,1071.51171875,4358004,0.0,0.0,1153.7764892578125,1.493362908600493,2016,9,16,4,1055.74560546875
2016-09-19,1073.0088668471008,1101.1384861893926,1066.2033137804171,1094.0833740234375,2802546,0.0,0.0,1150.0735107421874,2.1065243504540643,2016,9,19,0,1071.51171875
2016-09-20,1093.879312559247,1096.556119328201,1082.2644568040964,1091.837646484375,1184552,0.0,0.0,1146.3607055664063,-0.20526109731509035,2016,9,20,1,1094.0833740234375
2016-09-21,1092.382173263004,1099.777564351704,1089.2062479534077,1094.96826171875,1678020,0.0,0.0,1142.7961059570312,0.28672900631840914,2016,9,21,2,1091.837646484375
2016-09-22,1100.344722969177,1101.592407945227,1075.7767158386785,1078.9072265625,2857574,0.0,0.0,1138.690096028646,-1.4668037163962477,2016,9,22,3,1094.96826171875
2016-09-23,1080.7219393037578,1090.6354069414735,1075.7992111002743,1088.026611328125,1800726,0.0,0.0,1134.8774780273438,0.8452427179193256,2016,9,23,4,1078.9072265625
2016-09-26,1089.387451171875,1097.5541136697168,1086.619815685071,1089.387451171875,1753476,0.0,0.0,1130.7291178385417,0.12507413234028597,2016,9,26,0,1088.026611328125
2016-09-27,1089.3874680737952,1110.6661169385543,1089.3874680737952,1105.26708984375,2038792,0.0,0.0,1126.5883178710938,1.457666751603659,2016,9,27,1,1089.387451171875
2016-09-28,1102.9532342322218,1105.9023070510243,1095.7846966114869,1099.3463134765625,1731328,0.0,0.0,1121.818379720052,-0.5356873846686705,2016,9,28,2,1105.26708984375
2016-09-29,1104.768182081753,1114.5228087407909,1097.7811914794772,1106.03857421875,3603958,0.0,0.0,1117.978535970052,0.6087490957261688,2016,9,29,3,1099.3463134765625
2016-09-30,1105.6981958545018,1111.4829157883105,1099.3690538451217,1102.862548828125,2175364,0.0,0.0,1115.0483642578124,-0.2871532209325012,2016,9,30,4,1106.03857421875
2016-10-03,1111.5738926536417,1115.044681113504,1089.3878294705294,1094.197021484375,1818880,0.0,0.0,1111.617606608073,-0.7857304931568998,2016,10,3,0,1102.862548828125
2016-10-04,1097.962394333286,1100.253619003876,1087.9809180211653,1091.224853515625,1780718,0.0,0.0,1108.6178548177083,-0.27163005477002233,2016,10,4,1,1094.197021484375
2016-10-05,1092.518317784355,1095.875680267894,1078.0452166024286,1082.6956787109375,1176354,0.0,0.0,1106.1625691731772,-0.781614786101037,2016,10,5,2,1091.224853515625
2016-10-06,1086.6199488058444,1089.9773106037292,1076.5250453148506,1083.7843017578125,2267572,0.0,0.0,1102.9518595377604,0.10054746391627845,2016,10,6,3,1082.6956787109375
2016-10-07,1083.4442096202622,1083.4442096202622,1069.923820026781,1074.2794189453125,1816512,0.0,0.0,1099.8629028320313,-0.8770087181631858,2016,10,7,4,1083.7843017578125
2016-10-10,1075.23222130729,1082.9451832531288,1068.494788656273,1079.9508056640625,1202142,0.0,0.0,1097.2805826822917,0.5279247297055978,2016,10,10,0,1074.2794189453125
2016-10-13,1072.2378428914362,1075.2322204781935,1053.0007419455658,1056.63037109375,5173334,0.0,0.0,1094.3156372070312,-2.1593978584953044,2016,10,13,3,1079.9508056640625
2016-10-14,1050.3236251096914,1082.9902778128871,1039.434740875293,1073.55322265625,7741214,0.0,0.0,1092.283797200521,1.6015867067101786,2016,10,14,4,1056.63037109375
2016-10-17,1074.7784168562578,1077.9090381658434,1063.662678623956,1071.85205078125,2728346,0.0,0.0,1089.535868326823,-0.15846181065815035,2016,10,17,0,1073.55322265625
2016-10-18,1077.9994025155986,1096.011407415927,1068.3809114816586,1088.97900390625,2128632,0.0,0.0,1087.855643717448,1.5978840654842674,2016,10,18,1,1071.85205078125
2016-10-19,1089.3423342537917,1093.425666618758,1075.4136560067914,1086.66552734375,1985058,0.0,0.0,1086.1557657877604,-0.212444551658153,2016,10,19,2,1088.97900390625
2016-10-20,1087.4821600099888,1093.1308586801938,1082.5368348701743,1089.410400390625,1265854,0.0,0.0,1084.4369873046876,0.2525959439961811,2016,10,20,3,1086.66552734375
2016-10-21,1088.8885225302204,1103.361621501864,1088.0945413158754,1101.8870849609375,1259660,0.0,0.0,1083.5991455078124,1.1452694563810706,2016,10,21,4,1089.410400390625
2016-10-24,1104.6392036751176,1107.6871523103157,1092.9705238838712,1104.4117431640625,1253190,3.25,0.0,1083.5033203125,0.2291213172005202,2016,10,24,0,1101.8870849609375
2016-10-25,1094.0851017060072,1098.4523881179098,1083.1669967409575,1091.1053466796875,1772466,0.0,0.0,1084.755322265625,-1.2048401845359824,2016,10,25,1,1104.4117431640625
2016-10-26,1091.1739675785268,1093.0618460164196,1079.3004805635026,1090.1048583984375,1437130,0.0,0.0,1085.5149861653647,-0.09169492976041083,2016,10,26,2,1091.1053466796875
2016-10-27,1082.5757622355572,1105.2308561237285,1076.115904573237,1100.0447998046875,2941602,0.0,0.0,1086.5061686197917,0.9118335112141107,2016,10,27,3,1090.1048583984375
2016-10-28,1096.3599916540077,1098.6801339875517,1086.3517261700292,1091.2193603515625,1752102,0.0,0.0,1087.6659423828125,-0.8022800030227817,2016,10,28,4,1100.0447998046875
2016-11-01,1091.6741314450096,1091.6741314450096,1061.8540314005536,1069.0645751953125,2934776,0.0,0.0,1088.1099080403646,-2.030277867239483,2016,11,1,1,1091.2193603515625
2016-11-02,1064.9700755685708,1066.3348385872405,1044.0437092823024,1048.1607666015625,2325076,0.0,0.0,1087.33154296875,-1.955336382737305,2016,11,2,2,1069.0645751953125
2016-11-03,1043.5890279919925,1062.240793531518,1039.267277440151,1055.166748046875,1463310,0.0,0.0,1086.0343221028645,0.6684071440708372,2016,11,3,3,1048.1607666015625
2016-11-04,1055.416869152549,1062.7637999149456,1043.5889214810118,1060.21630859375,1183752,0.0,0.0,1084.9802775065104,0.4785556933273094,2016,11,4,4,1055.166748046875
2016-11-07,1063.5601830830758,1066.7446313454325,1028.144635832715,1035.8782958984375,2048052,0.0,0.0,1083.0106119791667,-2.295570488591514,2016,11,7,0,1060.21630859375
2016-11-08,1037.42499213427,1049.5031717858462,1028.1218761317782,1038.676025390625,1933634,0.0,0.0,1081.669571940104,0.27008283726621674,2016,11,8,1,1035.8782958984375
2016-11-09,991.7278164916796,1034.9453130819134,974.8275451456952,987.1104125976562,4500226,0.0,0.0,1078.3056986490885,-4.964552134875355,2016,11,9,2,1038.676025390625
2016-11-10,1003.0100937714252,1008.7875697028892,973.8951424925144,980.5596923828124,2172426,0.0,0.0,1074.6781066894532,-0.6636258853358834,2016,11,10,3,987.1104125976562
2016-11-11,976.7383669390812,976.7383669390812,949.0563736640344,955.857421875,2398424,0.0,0.0,1069.6977844238281,-2.519201095017942,2016,11,11,4,980.5596923828124
2016-11-15,963.0223894965736,981.5149980310756,933.4525193066924,965.0241088867188,6290324,0.0,0.0,1065.2203776041667,0.9590014997987284,2016,11,15,1,955.857421875
2016-11-16,975.8514067034258,1004.8752873231348,972.6214221012372,996.0953979492188,4019958,0.0,0.0,1061.555605061849,3.2197422609829607,2016,11,16,2,965.0241088867188
2016-11-17,994.0026991750374,1004.7388825943084,969.0502300124164,972.2574462890624,2504688,0.0,0.0,1057.2021016438803,-2.3931394231149317,2016,11,17,3,996.0953979492188
2016-11-18,974.441052294182,978.080421303684,957.245011511339,966.7529296875,2140534,0.0,0.0,1052.953965250651,-0.5661583382644331,2016,11,18,4,972.2574462890624
2016-11-21,967.2532592173716,973.5311928609152,957.6089537253396,970.3012084960938,1793366,0.0,0.0,1048.9231770833333,0.36703057209670487,2016,11,21,0,966.7529296875
2016-11-22,969.8918284360362,990.5679711397972,965.3653855022,971.256591796875,1318860,0.0,0.0,1045.2085408528646,0.09846254878544958,2016,11,22,1,970.3012084960938
2016-11-23,977.6254626710036,983.9715899249088,967.7081602876412,980.9691772460938,1275808,0.0,0.0,1041.7813700358072,1.0000020109258712,2016,11,23,2,971.256591796875
2016-11-24,980.3094570422784,1004.283888428455,972.166413586466,995.5720825195312,3026234,0.0,0.0,1039.1577921549479,1.4886201944114719,2016,11,24,3,980.9691772460938
2016-11-25,1006.285460114873,1049.61669432642,997.2780002390564,1046.477783203125,4276148,0.0,0.0,1038.0420247395834,5.113210944481761,2016,11,25,4,995.5720825195312
2016-11-28,1043.589010249713,1055.1667301077605,1024.4367873881167,1038.4029541015625,1924296,0.0,0.0,1037.434444173177,-0.7716197353800025,2016,11,28,0,1046.477783203125
2016-11-29,1034.9457226426066,1042.6793829876283,1024.7327639881594,1028.0537109375,1442296,0.0,0.0,1035.917793782552,-0.9966500117497001,2016,11,29,1,1038.4029541015625
2016-11-30,1030.396560235065,1043.930466489808,1020.069870784732,1035.4234619140625,3445832,0.0,0.0,1034.703507486979,0.716864391242944,2016,11,30,2,1028.0537109375
2016-12-01,1035.8553653502054,1041.7693397681028,1025.4149481100155,1029.691162109375,1123052,0.0,0.0,1032.72724609375,-0.5536188830501221,2016,12,1,3,1035.4234619140625
2016-12-02,1027.212018737464,1033.035032022086,1003.1921583538611,1010.7666625976562,1998032,0.0,0.0,1030.197283935547,-1.8378811247589,2016,12,2,4,1029.691162109375
2016-12-05,1014.0191267315444,1018.0452228719122,987.1787819683498,994.45751953125,2249526,0.0,0.0,1027.032187906901,-1.6135418459975681,2016,12,5,0,1010.7666625976562
2016-12-06,996.2772211722554,1002.6233483818464,987.1332625246482,992.797119140625,1593444,0.0,0.0,1023.3958557128906,-0.16696544176242334,2016,12,6,1,994.45751953125
2016-12-07,992.7286069644788,993.75217923817,976.1012218166863,980.1500854492188,2065706,0.0,0.0,1019.2538004557292,-1.2738789675733164,2016,12,7,2,992.797119140625
2016-12-08,982.8570966506676,1000.3715600716585,982.6296360867584,998.89306640625,3239546,0.0,0.0,1016.1800577799479,1.9122562182342762,2016,12,8,3,980.1500854492188
2016-12-09,1003.1011306038072,1009.8794112781392,988.6801524357376,998.6656494140624,1588718,0.0,0.0,1013.1320841471354,-0.022766900665938117,2016,12,9,4,998.89306640625
2016-12-12,998.4610463034,1008.8332716096884,983.994530302372,1004.5569458007812,1311758,0.0,0.0,1009.9491556803385,0.5899167944922734,2016,12,12,0,998.6656494140624
2016-12-13,1009.0150947097612,1009.0150947097612,993.0928547120868,1000.9630126953124,2147534,0.0,0.0,1006.9406107584635,-0.3577630039284574,2016,12,13,1,1004.5569458007812
2016-12-14,1007.1951415177284,1012.0627742344352,995.8221159811684,1004.28369140625,1870366,0.0,0.0,1004.7812479654948,0.33174839317948734,2016,12,14,2,1000.9630126953124
2016-12-15,1001.736222447732,1033.6262347181175,1001.736222447732,1027.80322265625,4295410,0.0,0.0,1004.1026631673177,2.341921057890195,2016,12,15,3,1004.28369140625
2016-12-16,1035.8555210233787,1041.769496330056,1024.4824915874613,1038.42578125,1987230,0.0,0.0,1003.5446309407552,1.0335206544981546,2016,12,16,4,1027.80322265625
2016-12-19,1037.2202888985075,1045.272371559903,1028.7132850577707,1041.26904296875,1334210,0.0,0.0,1002.9130554199219,0.2738050008087578,2016,12,19,0,1038.42578125
2016-12-20,1042.678990621047,1066.7898049765947,1040.4271537573843,1064.19677734375,2922760,0.0,0.0,1003.8570048014323,2.201903007663697,2016,12,20,1,1041.26904296875
2016-12-21,1066.2439644000726,1066.2439644000726,1048.866002744276,1052.50537109375,2034902,0.0,0.0,1004.3179829915365,-1.0986131981325808,2016,12,21,2,1064.19677734375
2016-12-22,1049.0481894481356,1057.691691442721,1040.0407283145148,1049.821533203125,1868300,0.0,0.0,1006.4083536783854,-0.25499517288315454,2016,12,22,3,1052.50537109375
2016-12-23,1046.3184233388226,1054.3932720406765,1036.6741192149025,1040.9049072265625,1118954,0.0,0.0,1008.4198608398438,-0.8493468360624035,2016,12,23,4,1049.821533203125
2016-12-26,1030.8512804526315,1047.0465171045223,1030.8512804526315,1043.1796875,897408,0.0,0.0,1011.3306030273437,0.2185387212265688,2016,12,26,0,1040.9049072265625
2016-12-27,1037.902473676125,1059.9661466865532,1037.902473676125,1056.963623046875,1294692,0.0,0.0,1014.395253499349,1.3213385682296463,2016,12,27,1,1043.1796875
2016-12-28,1058.4651471003856,1069.0192968597871,1047.7517304930884,1052.4146728515625,1350418,0.0,0.0,1016.2725626627604,-0.43037906850562635,2016,12,28,2,1056.963623046875
2016-12-29,1047.6836146828214,1073.5685887872935,1047.6836146828214,1069.8382568359375,1963516,0.0,0.0,1019.5252563476563,1.6555816289756775,2016,12,29,3,1052.4146728515625
2016-12-30,1071.2936953340695,1082.075414672203,1067.0856749965692,1076.138671875,1405748,0.0,0.0,1023.1714477539062,0.5889128565747859,2016,12,30,4,1069.8382568359375
2017-01-02,1076.6162408736025,1080.4830699405363,1070.1562728747188,1074.2279052734375,823132,0.0,0.0,1026.6356709798176,-0.17755765604383633,2017,1,2,0,1076.138671875
2017-01-03,1074.1823738071566,1078.9362767636303,1066.0165628343552,1077.3668212890625,1475324,0.0,0.0,1030.1726786295574,0.2922020550961246,2017,1,3,1,1074.2279052734375
2017-01-04,1078.0266138524362,1086.738420407996,1072.8405572313,1082.48486328125,1420066,0.0,0.0,1033.556534830729,0.47505101243638936,2017,1,4,2,1077.3668212890625
2017-01-05,1084.5321537943769,1087.2389127538588,1055.5991207018158,1061.968017578125,2216404,0.0,0.0,1035.7697326660157,-1.8953471220774287,2017,1,5,3,1082.48486328125
2017-01-06,1055.8721016191787,1059.6707380521948,1026.8026814636614,1037.857177734375,3009896,0.0,0.0,1035.4823791503907,-2.2703922759120476,2017,1,6,4,1061.968017578125
2017-01-09,1034.9453751634042,1051.4590312745574,1026.7567963709023,1048.0015869140625,1854578,0.0,0.0,1035.802333577474,0.9774378784788595,2017,1,9,0,1037.857177734375
2017-01-10,1048.1382367213382,1059.8752235642355,1042.451722850237,1053.3016357421875,1533914,0.0,0.0,1036.6439310709636,0.5057290842212847,2017,1,10,1,1048.0015869140625
2017-01-11,1053.142365111879,1059.784257715148,1037.311088339153,1057.4185791015625,1931296,0.0,0.0,1037.3771016438802,0.3908608151428572,2017,1,11,2,1053.3016357421875
2017-01-12,1057.4184984305368,1073.6137330670958,1048.1381529604191,1066.4942626953125,2570374,0.0,0.0,1038.6038716634114,0.8582867535258609,2017,1,12,3,1057.4185791015625
2017-01-13,1068.1546539054632,1072.6810962608167,1018.0451433365922,1023.2539672851562,10235580,0.0,0.0,1039.0201151529948,-4.054433007532232,2017,1,13,4,1066.4942626953125
2017-01-16,1023.572681869385,1034.4452539309,1013.564415646662,1027.4622802734375,3364808,0.0,0.0,1040.120273844401,0.4112676933417214,2017,1,16,0,1023.2539672851562
2017-01-17,1025.8016970480658,1040.7686701104722,1024.8464292343408,1036.651611328125,3009956,0.0,0.0,1041.582090250651,0.8943716213350328,2017,1,17,1,1027.4622802734375
2017-01-18,1036.310403341017,1045.4088265485766,1030.6011205653265,1044.089599609375,3136574,0.0,0.0,1043.7134073893228,0.7175012511407397,2017,1,18,2,1036.651611328125
2017-01-19,1044.0440498528549,1044.1122436001538,1038.562227726737,1042.224365234375,2251676,0.0,0.0,1045.157784016927,-0.1786469643695221,2017,1,19,3,1044.089599609375
2017-01-20,1040.4045060173314,1046.3184800349202,1030.3962422952584,1039.6539306640625,2037246,0.0,0.0,1046.5240600585937,-0.2466296755338715,2017,1,20,4,1042.224365234375
2017-01-23,1033.3353222392775,1055.4619284770724,1030.9630073519409,1052.359619140625,2318546,3.25,0.0,1048.1174825032551,1.2221074822895028,2017,1,23,0,1039.6539306640625
2017-01-24,1051.127899627231,1059.7960550495045,1044.740837737135,1057.6746826171875,2282638,0.0,0.0,1050.007871500651,0.5050615188848528,2017,1,24,1,1052.359619140625
2017-01-25,1059.613420263129,1076.6759522418188,1057.5376032483966,1073.482421875,4111648,0.0,0.0,1052.3144958496093,1.4945747986230273,2017,1,25,2,1057.6746826171875
2017-01-27,1069.8556968605076,1085.230244948796,1069.8556968605076,1075.6724853515625,2871658,0.0,0.0,1053.910137939453,0.20401484290140104,2017,1,27,4,1073.482421875
2017-01-30,1068.008038306083,1073.00361108294,1057.5833958571495,1064.3126220703125,2577956,0.0,0.0,1054.7730326334636,-1.0560708241539984,2017,1,30,0,1075.6724853515625
2017-01-31,1058.427203602306,1063.9246602766266,1003.7038021406332,1017.2763061523438,4666804,0.0,0.0,1053.9732747395833,-4.419407882852422,2017,1,31,1,1064.3126220703125
2017-02-01,1012.8056634230952,1021.9072055545768,983.4023861464208,989.03662109375,4864152,0.0,0.0,1051.4679361979167,-2.776009318982864,2017,2,1,2,1017.2763061523438
2017-02-02,990.0172067416823,1012.3490851955878,982.23865724475,1007.1709594726562,6009482,0.0,0.0,1049.9567891438803,1.8335355832276523,2017,2,2,3,989.03662109375
2017-02-03,1008.1063043699712,1023.2984073256948,999.575038096566,1018.5309448242188,2153372,0.0,0.0,1048.91376953125,1.1279103358490916,2017,2,3,4,1007.1709594726562
2017-02-06,1030.141621610196,1030.369730915247,1010.501388169008,1022.2718505859376,2408910,0.0,0.0,1048.2926676432292,0.36728444832518914,2017,2,6,0,1018.5309448242188
2017-02-07,1023.7547886735985,1027.678314145366,1015.542851866056,1024.028564453125,1814638,0.0,0.0,1047.654296875,0.17184410058639354,2017,2,7,1,1022.2718505859376
2017-02-08,1024.1654062880905,1041.3649419150713,1023.777687187472,1036.0499267578125,2212584,0.0,0.0,1046.9571736653645,1.173928415864789,2017,2,8,2,1024.028564453125
2017-02-09,1037.897604276006,1062.0771968151832,1035.7077321093604,1057.1956787109375,4033202,0.0,0.0,1047.1165405273437,2.0409973889287336,2017,2,9,3,1036.0499267578125
2017-02-10,1054.321194516027,1106.079172896519,1054.321194516027,1093.9893798828125,5782160,0.0,0.0,1047.9215779622396,3.4803113475395886,2017,2,10,4,1057.1956787109375
2017-02-13,1093.1000338970437,1108.1552513922868,1086.8726930311652,1101.426025390625,3819812,0.0,0.0,1048.7644897460937,0.6797730987671224,2017,2,13,0,1093.9893798828125
2017-02-14,1103.8895311347912,1103.8895311347912,1094.0124408482145,1097.7762451171875,2033328,0.0,0.0,1049.549434407552,-0.33136862479195006,2017,2,14,1,1101.426025390625
2017-02-15,1093.5562188496149,1107.6989984842992,1083.5650739183643,1101.175048828125,1924972,0.0,0.0,1050.3430419921874,0.30960805774902234,2017,2,15,2,1097.7762451171875
2017-02-16,1122.297661755694,1130.5095958661016,1111.1659734030688,1116.708984375,4175680,0.0,0.0,1051.4838460286458,1.4106690451628268,2017,2,16,3,1101.175048828125
2017-02-17,1127.7727183410564,1129.415150347562,1095.837406737547,1098.529052734375,2723324,0.0,0.0,1052.702547200521,-1.6279918846359043,2017,2,17,4,1116.708984375
2017-02-20,1106.3303534848387,1165.6387848056754,1098.6203019657376,1141.5504150390625,3973948,0.0,0.0,1056.1589884440104,3.916269869932165,2017,2,20,0,1098.529052734375
2017-02-21,1146.93376380486,1152.36272155507,1120.0852498807683,1124.73876953125,5501112,0.0,0.0,1058.71689453125,-1.4727028509938567,2017,2,21,1,1141.5504150390625
2017-02-22,1124.989514434162,1126.8600554350571,1094.9931384645852,1100.1712646484375,4505496,0.0,0.0,1060.2792154947917,-2.1842854134966228,2017,2,22,2,1124.73876953125
2017-02-23,1101.7679817121775,1137.467089194156,1101.7679817121775,1132.243408203125,4853352,0.0,0.0,1062.7733764648438,2.9151955323007073,2017,2,23,3,1100.1712646484375
2017-02-27,1131.012151460098,1141.459518164862,1126.8833487523762,1135.91650390625,2139892,0.0,0.0,1065.087451171875,0.32440866305896154,2017,2,27,0,1132.243408203125
2017-02-28,1135.7563760423925,1135.9844853768057,1117.7357386237643,1125.1492919921875,2354828,0.0,0.0,1068.4839619954428,-0.9478876199998543,2017,2,28,1,1135.91650390625
2017-03-01,1131.3767728109472,1141.4135847719126,1126.8602519811225,1131.2171630859375,1130374,0.0,0.0,1071.9424580891928,0.5392947528773062,2017,3,1,2,1125.1492919921875
2017-03-02,1134.4789047356592,1145.1088216511928,1126.8829086984244,1141.2081298828125,1544942,0.0,0.0,1075.427675374349,0.883205022245237,2017,3,2,3,1131.2171630859375
2017-03-03,1136.8971267456952,1140.409988849783,1129.3238509314542,1137.8323974609375,1013970,0.0,0.0,1078.5524353027345,-0.29580339759949226,2017,3,3,4,1141.2081298828125
2017-03-06,1131.4223726617795,1133.2472474563954,1119.8116290573405,1128.000732421875,1400694,0.0,0.0,1081.4116475423177,-0.8640697049057233,2017,3,6,0,1137.8323974609375
2017-03-07,1132.7452820462713,1142.8277591244846,1129.1640323445877,1140.4554443359375,1511672,0.0,0.0,1084.7716979980469,1.1041404102035912,2017,3,7,1,1128.000732421875
2017-03-08,1141.459140555401,1149.6710768183896,1136.9881752025822,1146.112548828125,1791510,0.0,0.0,1087.896795654297,0.4960390623135247,2017,3,8,2,1140.4554443359375
2017-03-09,1147.0021377022108,1151.4959362055388,1142.3943959115954,1149.5570068359375,858468,0.0,0.0,1090.959539794922,0.3005340104978771,2017,3,9,3,1146.112548828125
2017-03-10,1149.4884702366635,1163.152195519198,1146.9107682255474,1159.82177734375,1171420,0.0,0.0,1093.8375183105468,0.8929327077102034,2017,3,10,4,1149.5570068359375
2017-03-14,1166.4597916287828,1180.305959937496,1163.8365345598777,1171.34130859375,3402294,0.0,0.0,1097.0264790852864,0.9932156366629252,2017,3,14,1,1159.82177734375
2017-03-15,1173.3947886634242,1173.4631769328505,1137.7413329306437,1139.771484375,3022496,0.0,0.0,1099.5417744954427,-2.6951857658508604,2017,3,15,2,1171.34130859375
2017-03-16,1143.2839296792847,1152.864521268776,1143.2839296792847,1150.08154296875,1571818,0.0,0.0,1103.9686157226563,0.9045724283410772,2017,3,16,3,1139.771484375
2017-03-17,1161.5329857352085,1161.5329857352085,1144.9950553609349,1152.2945556640625,2593152,0.0,0.0,1109.410546875,0.19242224247855155,2017,3,17,4,1150.08154296875
2017-03-20,1152.385714366347,1152.385714366347,1125.0354229342554,1131.4224853515625,3487540,0.0,0.0,1113.552264404297,-1.811348514136779,2017,3,20,0,1152.2945556640625
2017-03-21,1132.3345546419168,1136.896740599378,1124.5788385142323,1134.478759765625,3373700,0.0,0.0,1117.4171915690104,0.2701267169100685,2017,3,21,1,1131.4224853515625
2017-03-22,1131.4905552969742,1138.7216649091931,1126.8371476926352,1130.943115234375,1888716,0.0,0.0,1121.0395670572916,-0.31165365599091777,2017,3,22,2,1134.478759765625
2017-03-23,1132.3348543313016,1133.7263436929045,1116.4584207211014,1122.457763671875,2620638,0.0,0.0,1124.3205403645834,-0.7502898641141176,2017,3,23,3,1130.943115234375
2017-03-24,1126.7689451616811,1126.7689451616811,1105.5547760329378,1107.333984375,5099814,0.0,0.0,1126.6966756184895,-1.3473807020943807,2017,3,24,4,1122.457763671875
2017-03-27,1107.2201003415878,1113.173777452219,1097.662339569688,1100.4224853515625,2181270,0.0,0.0,1128.137569173177,-0.6241566791015174,2017,3,27,0,1107.333984375
2017-03-28,1099.4870821329089,1114.7247423700264,1099.4870821329089,1108.588623046875,1153158,0.0,0.0,1128.6242106119792,0.7420911335434655,2017,3,28,1,1100.4224853515625
2017-03-29,1111.3489349233332,1118.1009950637067,1106.6043042201177,1115.2724609375,1717764,0.0,0.0,1129.0857584635417,0.6029141695730988,2017,3,29,2,1108.588623046875
2017-03-30,1115.4089689822483,1124.5790086970471,1110.8924487534723,1113.6297607421875,2986086,0.0,0.0,1129.614208984375,-0.14729137971645212,2017,3,30,3,1115.2724609375
2017-03-31,1112.443838473929,1113.5616636000816,1101.7683634797838,1109.432861328125,1867044,0.0,0.0,1129.8894694010417,-0.3768666716724045,2017,3,31,4,1113.6297607421875
2017-04-03,1110.892490810434,1110.892490810434,1098.6658078549856,1100.2625732421875,1196888,0.0,0.0,1129.3412556966146,-0.8265744062204483,2017,4,3,0,1109.432861328125
2017-04-05,1104.0036741272352,1104.0036741272352,1092.6438721592758,1095.4952392578125,2905568,0.0,0.0,1129.240128580729,-0.4332905708431811,2017,4,5,2,1100.2625732421875
2017-04-06,1094.9249206940976,1099.4871078636563,1091.526113529081,1094.94775390625,1720704,0.0,0.0,1127.6867065429688,-0.04997605940609828,2017,4,6,3,1095.4952392578125
2017-04-07,1092.5980441642005,1110.094074646192,1091.3434428263697,1108.177978515625,2277012,0.0,0.0,1127.1346801757813,1.2082973422408383,2017,4,7,4,1094.94775390625
2017-04-10,1109.5239382289194,1117.2796565471313,1097.2060326647002,1105.0758056640625,2543264,0.0,0.0,1127.298164876302,-0.27993453323424955,2017,4,10,0,1108.177978515625
2017-04-11,1102.8170551438004,1114.5875152838205,1097.6617635706027,1103.7294921875,1557784,0.0,0.0,1126.3477010091146,-0.12182996584143568,2017,4,11,1,1105.0758056640625
2017-04-12,1105.189609509656,1107.6988119254677,1087.1689739779197,1091.84521484375,1050538,0.0,0.0,1124.8786580403646,-1.0767382250696511,2017,4,12,2,1103.7294921875
2017-04-13,1094.9247810109928,1099.030748939784,1058.9063401786204,1062.37353515625,2500472,0.0,0.0,1122.7861328125,-2.6992543711168437,2017,4,13,3,1091.84521484375
2017-04-17,1063.1719923954863,1064.3125391223875,1047.0902835461816,1056.077880859375,2270882,0.0,0.0,1120.2814900716146,-0.5926027040902393,2017,4,17,0,1062.37353515625
2017-04-18,1062.9898094977764,1064.905906191378,1050.2385162481355,1053.3179931640625,1730620,0.0,0.0,1117.3518188476562,-0.26133372787494613,2017,4,18,1,1056.077880859375
2017-04-19,1032.6508891385,1071.5206948960408,1027.7693719786257,1048.9150390625,5626812,0.0,0.0,1114.3879069010416,-0.4180080593075619,2017,4,19,2,1053.3179931640625
2017-04-20,1051.721170544573,1063.9021896332777,1045.174386531736,1060.936767578125,1268842,0.0,0.0,1112.15244140625,1.1461107971499462,2017,4,20,3,1048.9150390625
2017-04-21,1062.5791723732443,1065.56731618512,1049.7593804968749,1054.2303466796875,1161154,0.0,0.0,1109.278271484375,-0.6321225829270416,2017,4,21,4,1060.936767578125
2017-04-24,1049.302892082109,1067.3919169517048,1041.3190657293103,1062.1226806640625,2000020,0.0,0.0,1106.4786092122397,0.7486346801941268,2017,4,24,0,1054.2303466796875
2017-04-25,1062.0771693502595,1069.581944941572,1050.534813575432,1054.549560546875,3148710,0.0,0.0,1103.3116943359375,-0.7130174559922375,2017,4,25,1,1062.1226806640625
2017-04-26,1067.5519893177716,1069.354031296935,1050.694726976434,1054.025146484375,2187438,0.0,0.0,1099.7851399739584,-0.04972872609496637,2017,4,26,2,1054.549560546875
2017-04-27,1052.0629288248217,1061.9856834127231,1039.106253706435,1050.51171875,5773186,0.0,0.0,1095.7574869791667,-0.3333343370500952,2017,4,27,3,1054.025146484375
2017-04-28,1046.5657941908887,1048.7328332154775,1034.7041068984026,1037.0535888671875,2540510,0.0,0.0,1092.3335571289062,-1.2811023087706541,2017,4,28,4,1050.51171875
2017-05-02,1046.5654871351458,1050.215236000482,1040.1784266208074,1044.6949462890625,2382696,0.0,0.0,1088.8206705729167,0.7368334195942516,2017,5,2,1,1037.0535888671875
2017-05-03,1047.0219936510694,1069.8329303319206,1034.9321972102184,1066.320068359375,3514406,0.0,0.0,1085.954854329427,2.0699939391042976,2017,5,3,2,1044.6949462890625
2017-05-04,1072.0911530348042,1072.1139862469863,1053.3177973601523,1063.0352783203125,2708208,0.0,0.0,1083.6752807617188,-0.308049162397972,2017,5,4,3,1066.320068359375
2017-05-05,1052.952540872118,1064.1298967002665,1050.44333854335,1058.6552734375,1682474,0.0,0.0,1081.147831217448,-0.41202817744048215,2017,5,5,4,1063.0352783203125
2017-05-08,1058.8836860550252,1070.9278161305283,1057.3781419502056,1068.6695556640625,1071782,0.0,0.0,1079.0720458984374,0.9459436398069121,2017,5,8,0,1058.6552734375
2017-05-09,1069.353939932774,1077.13249206495,1064.1530906228118,1073.2774658203125,1790270,0.0,0.0,1077.4327026367187,0.4311819431766839,2017,5,9,1,1068.6695556640625
2017-05-10,1074.394930663098,1074.919537562836,1056.602403148932,1064.107177734375,1206388,0.0,0.0,1075.9918090820313,-0.8544191393162759,2017,5,10,2,1073.2774658203125
2017-05-11,1070.8824553424763,1076.6764120632874,1059.6822610677968,1071.86328125,2071302,0.0,0.0,1075.0398356119792,0.7288836761855766,2017,5,11,3,1064.107177734375
2017-05-12,1069.0573284380616,1081.1926793294165,1058.45024340061,1076.97265625,2314446,0.0,0.0,1073.9859700520833,0.4766815963731297,2017,5,12,4,1071.86328125
2017-05-15,1083.5652394336198,1084.865396092304,1068.2819107196651,1079.0030517578125,1817604,0.0,0.0,1072.7769897460937,0.18852804628135544,2017,5,15,0,1076.97265625
2017-05-16,1085.8005278097105,1110.8925568137165,1082.8122729883837,1108.2236328125,3601026,0.0,0.0,1072.596785481771,2.708109213137444,2017,5,16,1,1079.0030517578125
2017-05-17,1110.2080915558877,1122.6400498443193,1105.4177957016298,1120.176513671875,2876198,0.0,0.0,1072.9549072265625,1.0785621697166237,2017,5,17,2,1108.2236328125
2017-05-18,1117.7358584558071,1173.394542019729,1114.2001633933448,1157.0618896484375,5138594,0.0,0.0,1074.8482177734375,3.292818187702795,2017,5,18,3,1120.176513671875
2017-05-19,1157.061891872352,1159.0464878509315,1134.159734474237,1143.8087158203125,1786044,0.0,0.0,1076.4586669921875,-1.1454161567927779,2017,5,19,4,1157.0618896484375
2017-05-22,1145.1088083901004,1165.0683742733938,1145.1088083901004,1154.84912109375,1663940,0.0,0.0,1078.4553792317708,0.96523178401553,2017,5,22,0,1143.8087158203125
2017-05-23,1155.6932928672582,1169.8132406303073,1146.933915313011,1150.44677734375,2748596,0.0,0.0,1079.8643391927083,-0.3812051002671679,2017,5,23,1,1154.84912109375
2017-05-24,1156.4232453772377,1172.4821222066423,1154.0736521166637,1167.5321044921875,2534548,0.0,0.0,1081.9462158203125,1.4851036558062747,2017,5,24,2,1150.44677734375
2017-05-25,1175.6754278135006,1203.299488566366,1171.5694600795769,1197.3914794921875,4094094,0.0,0.0,1085.0682820638021,2.557477853081158,2017,5,25,3,1167.5321044921875
2017-05-26,1197.5743221540772,1198.4183714670687,1170.0414736616522,1176.24609375,1362550,0.0,0.0,1087.8816446940104,-1.7659542517502458,2017,5,26,4,1197.3914794921875
2017-05-29,1176.5880491372784,1184.571876535457,1169.7447685102682,1173.7823486328125,1749290,0.0,0.0,1091.5952718098958,-0.20945830385993292,2017,5,29,0,1176.24609375
2017-05-30,1167.919798692851,1175.1964642248106,1151.952145195097,1163.8594970703125,927634,0.0,0.0,1095.1879923502604,-0.8453740656483633,2017,5,30,1,1173.7823486328125
2017-05-31,1155.602021460522,1173.6226609582284,1153.3209278532172,1161.806640625,2502730,0.0,0.0,1098.8042805989583,-0.17638352829357773,2017,5,31,2,1163.8594970703125
2017-06-01,1154.2333161496683,1169.7447520188734,1154.2333161496683,1165.0001220703125,1080064,0.0,0.0,1102.6737833658854,0.2748720254856396,2017,6,1,3,1161.806640625
2017-06-02,1166.2092696388577,1182.4507029441943,1164.4984491943997,1170.155517578125,1355648,0.0,0.0,1106.3144083658854,0.44252317318653756,2017,6,2,4,1165.0001220703125
2017-06-05,1170.201126659384,1195.247492186147,1167.988421107044,1187.9708251953125,1500188,0.0,0.0,1110.7724243164062,1.5224734960067376,2017,6,5,0,1170.155517578125
2017-06-06,1200.3113616128348,1235.8735858731038,1199.8551429273111,1229.965576171875,5946720,0.0,0.0,1116.3671875,3.53499851056176,2017,6,6,1,1187.9708251953125
2017-06-07,1230.4219818421548,1231.7906381067178,1175.470455096256,1193.1260986328125,4927776,0.0,0.0,1120.9864054361979,-2.9951632999129174,2017,6,7,2,1229.965576171875
2017-06-08,1185.256313081681,1188.4270111194307,1147.6182661882094,1150.4012451171875,3330714,0.0,0.0,1124.1989420572916,-3.5809168506650613,2017,6,8,3,1193.1260986328125
2017-06-09,1149.6710772337456,1162.1714245526498,1134.1596420647188,1143.740234375,3148034,0.0,0.0,1127.3065592447917,-0.5790163015260807,2017,6,9,4,1150.4012451171875
2017-06-12,1139.1783640575363,1146.4321985551846,1127.0428992069883,1134.7073974609375,1626506,0.0,0.0,1130.5616861979167,-0.7897629761183023,2017,6,12,0,1143.740234375
2017-06-13,1137.1518644683206,1144.5791488772156,1128.8481186020203,1130.9471435546875,1175414,13.75,0.0,1133.4367594401042,-0.33138533463905606,2017,6,13,1,1134.7073974609375
2017-06-14,1132.5389938603107,1142.2267001214375,1132.5389938603107,1139.551025390625,1489142,0.0,0.0,1135.877791341146,0.7607678117382832,2017,6,14,2,1130.9471435546875
2017-06-15,1138.997284300002,1139.3201852655377,1109.472850847106,1112.3330078125,2997198,0.0,0.0,1137.5210489908854,-2.388486076680507,2017,6,15,3,1139.551025390625
2017-06-16,1114.0629509136054,1123.3124248219915,1100.9384401797467,1107.02783203125,2450426,0.0,0.0,1139.1334676106771,-0.4769413245843568,2017,6,16,4,1112.3330078125
2017-06-19,1114.962734040112,1128.5486795117465,1109.542231473056,1121.790283203125,1644742,0.0,0.0,1140.904158528646,1.3335212308788869,2017,6,19,0,1107.02783203125
2017-06-20,1121.4671891475748,1129.77093633172,1098.0783237709225,1127.9256591796875,1670958,0.0,0.0,1142.7257649739583,0.5469271813483445,2017,6,20,1,1121.790283203125
2017-06-21,1125.6190694085606,1126.610860832942,1105.874581239481,1110.0726318359375,1657818,0.0,0.0,1144.2579467773437,-1.5828195057406624,2017,6,21,2,1127.9256591796875
2017-06-22,1111.3181501321296,1121.4671743342496,1100.2464873661806,1104.79052734375,5775882,0.0,0.0,1145.3555216471354,-0.47583413379460593,2017,6,22,3,1110.0726318359375
2017-06-23,1106.8895183689417,1113.6017369215374,1085.9456665374137,1089.497802734375,1424756,0.0,0.0,1145.7730265299479,-1.3842193819441295,2017,6,23,4,1104.79052734375
2017-06-27,1084.3774715917905,1100.1083962070802,1075.6124026288528,1080.80224609375,1974330,0.0,0.0,1145.8329996744792,-0.7981252113406057,2017,6,27,1,1089.497802734375
2017-06-28,1084.054269679324,1087.7910013759888,1077.1806565788524,1084.12353515625,1789726,0.0,0.0,1145.0296630859375,0.3072984974359372,2017,6,28,2,1080.80224609375
2017-06-29,1088.2521399515665,1094.2723788509643,1071.690823482877,1076.3731689453125,2471826,0.0,0.0,1143.5695515950522,-0.7148969614261258,2017,6,29,3,1084.12353515625
2017-06-30,1072.290811594652,1096.5562580649027,1071.6911864518922,1089.7979736328125,1753848,0.0,0.0,1141.3274210611978,1.2472258761944355,2017,6,30,4,1076.3731689453125
2017-07-03,1087.5140859759424,1099.3469937407092,1080.9173100072576,1094.987548828125,1475956,0.0,0.0,1139.700048828125,0.47619607678413,2017,7,3,0,1089.7979736328125
2017-07-04,1094.8491442597049,1098.147532285467,1084.1234702697652,1091.8736572265625,1215134,0.0,0.0,1137.6008666992188,-0.2843768958738391,2017,7,4,1,1094.987548828125
2017-07-05,1089.0825190103924,1091.020037354759,1081.79365226085,1086.8681640625,815856,0.0,0.0,1135.4815795898437,-0.45843153472323594,2017,7,5,2,1091.8736572265625
2017-07-06,1088.2522986428771,1089.5900796481449,1079.53340836322,1082.97021484375,1026788,0.0,0.0,1132.6628499348958,-0.35864048167353335,2017,7,6,3,1086.8681640625
2017-07-07,1084.1003957738476,1087.0758828454016,1072.7980724987583,1075.7735595703125,1232090,0.0,0.0,1128.6089192708334,-0.6645293817684417,2017,7,7,4,1082.97021484375
2017-07-10,1109.9343778622567,1127.8796558783883,1097.4556666747303,1123.28955078125,783608,0.0,0.0,1126.843701171875,4.416913837324321,2017,7,10,0,1075.7735595703125
2017-07-11,1119.1607942784435,1160.1259769571118,1119.1607942784435,1142.134521484375,3537504,0.0,0.0,1125.7887736002604,1.6776592188557427,2017,7,11,1,1123.28955078125
2017-07-12,1145.225175057774,1145.594253027258,1121.052088518144,1125.3653564453125,2646450,0.0,0.0,1124.505635579427,-1.468230293684536,2017,7,12,2,1142.134521484375
2017-07-13,1127.9257312093844,1140.3813527810216,1119.4375008186869,1128.571533203125,3131960,0.0,0.0,1123.3977986653647,0.2849009647799994,2017,7,13,3,1125.3653564453125
2017-07-14,1099.3241912004687,1118.6996070755924,1095.6336357956834,1105.990234375,4508432,0.0,0.0,1121.430802408854,-2.000874394202956,2017,7,14,4,1128.571533203125
2017-07-17,1106.104984765388,1117.3612404291468,1098.9545374145907,1105.0670166015625,2211822,0.0,0.0,1119.2611857096354,-0.08347431511990244,2017,7,17,0,1105.990234375
2017-07-18,1105.390368247252,1127.0032258777396,1105.390368247252,1111.0185546875,1908002,0.0,0.0,1116.6961100260417,0.5385680684091287,2017,7,18,1,1105.0670166015625
2017-07-19,1114.316817696447,1134.8455274408032,1114.1323350191228,1130.0478515625,3915576,0.0,0.0,1113.3655192057292,1.7127793946116743,2017,7,19,2,1111.0185546875
2017-07-20,1129.886379011076,1133.4154268661207,1121.2366414969565,1127.787353515625,1182504,0.0,0.0,1111.1875610351562,-0.20003560413388577,2017,7,20,3,1130.0478515625
2017-07-21,1123.2664669830956,1153.2984024331745,1123.105072782833,1149.23876953125,2148416,0.0,0.0,1111.1488118489583,1.9020798512020098,2017,7,21,4,1127.787353515625
2017-07-24,1148.2208341569594,1175.0527472839149,1148.2208341569594,1170.7503662109375,2271402,3.5,0.0,1112.0491495768229,1.87181265112224,2017,7,24,0,1149.23876953125
2017-07-25,1168.4605361490476,1193.557629719704,1165.0602395843955,1189.6253662109375,2678832,0.0,0.0,1113.8797485351563,1.61221388818249,2017,7,25,1,1170.7503662109375
2017-07-26,1184.3051887715178,1191.244476986976,1178.2911389847875,1182.4547119140625,1459826,0.0,0.0,1115.5966674804688,-0.6027657530298103,2017,7,26,2,1189.6253662109375
2017-07-27,1176.0704924891704,1195.7781153327542,1141.0502420894825,1148.08203125,4255304,0.0,0.0,1115.881034342448,-2.9068919357108203,2017,7,27,3,1182.4547119140625
2017-07-28,1147.7582461459872,1153.3328301479792,1129.7160971739222,1149.284912109375,1382752,0.0,0.0,1117.1127644856772,0.10477307602012598,2017,7,28,4,1148.08203125
2017-07-31,1143.1322569937156,1165.3379827467295,1139.4313027015464,1152.7547607421875,2019662,0.0,0.0,1118.6369954427084,0.30191370270789,2017,7,31,0,1149.284912109375
2017-08-01,1156.548002792688,1166.1473512158675,1152.3844299826344,1157.311279296875,1747460,0.0,0.0,1119.8210286458334,0.39527215240071634,2017,8,1,1,1152.7547607421875
2017-08-02,1156.5478449196833,1160.2487980234262,1138.968317676904,1144.42724609375,1251024,0.0,0.0,1120.3710815429688,-1.113272931285414,2017,8,2,2,1157.311279296875
2017-08-03,1147.2958727097075,1157.473497386971,1141.027358558287,1151.6676025390625,1882548,0.0,0.0,1121.7575805664062,0.6326620123757065,2017,8,3,3,1144.42724609375
2017-08-04,1152.292009719093,1169.6402309802877,1150.9966532760936,1167.0958251953125,1387890,0.0,0.0,1123.834423828125,1.3396419784871716,2017,8,4,4,1151.6676025390625
2017-08-07,1164.181000857118,1165.80016775678,1147.8505235374153,1158.143798828125,1885520,0.0,0.0,1126.1226236979167,-0.7670343920294087,2017,8,7,0,1167.0958251953125
2017-08-08,1162.099771050807,1169.7792971995923,1154.8366700705742,1157.9593505859375,1073958,0.0,0.0,1128.6945271809896,-0.0159261952077272,2017,8,8,1,1158.143798828125
2017-08-09,1156.5480566328497,1167.1189510481324,1153.448530429903,1162.0994873046875,992946,0.0,0.0,1131.2937255859374,0.35753731049843473,2017,8,9,2,1157.9593505859375
2017-08-10,1160.711698199817,1166.0781266772462,1150.2334173654313,1161.8450927734375,1526172,0.0,0.0,1134.1427897135416,-0.021890942559488202,2017,8,10,3,1162.0994873046875
2017-08-11,1156.5015970606066,1172.739574812587,1148.683378406175,1154.7205810546875,1394736,0.0,0.0,1136.3068766276042,-0.6132066798804514,2017,8,11,4,1161.8450927734375
2017-08-14,1157.9358965232848,1161.1279239329265,1139.4311279012586,1142.391845703125,786504,0.0,0.0,1137.8870198567708,-1.0676812688574233,2017,8,14,0,1154.7205810546875
2017-08-16,1149.1464826060526,1176.8111427391082,1140.4492161069938,1153.0093994140625,1373340,0.0,0.0,1139.9248779296875,0.9294143468262073,2017,8,16,2,1142.391845703125
2017-08-17,1156.8718657070945,1158.861150950249,1139.0148315068436,1149.909423828125,1752374,0.0,0.0,1142.0262532552083,-0.26885952425997894,2017,8,17,3,1153.0093994140625
2017-08-18,1144.5195023563776,1179.6322422348603,1143.3166476774732,1162.9317626953125,2837356,0.0,0.0,1144.6916381835938,1.1324664879982738,2017,8,18,4,1149.909423828125
2017-08-21,1159.0924099714568,1179.2163452473533,1153.9110975007438,1169.8714599609375,2304834,0.0,0.0,1147.8282348632813,0.5967415705923296,2017,8,21,0,1162.9317626953125
2017-08-22,1167.1885562169566,1174.821775074499,1152.847357151271,1155.4149169921875,1131326,0.0,0.0,1148.899080403646,-1.2357377253423008,2017,8,22,1,1169.8714599609375
2017-08-23,1158.861355297507,1164.3202856677815,1144.1268853029842,1151.6676025390625,1562272,0.0,0.0,1149.2168497721354,-0.3243263002766228,2017,8,23,2,1155.4149169921875
2017-08-24,1155.4839109911566,1164.8519494485354,1150.1406368377504,1154.97509765625,1623908,0.0,0.0,1150.2038411458334,0.2871918173173782,2017,8,24,3,1151.6676025390625
2017-08-28,1158.6760640375253,1159.0460690328052,1138.5058222527114,1150.6727294921875,2036796,0.0,0.0,1150.940547688802,-0.37250743957970567,2017,8,28,0,1154.97509765625
2017-08-29,1148.220903262474,1154.6975723380883,1139.8706037582997,1143.062744140625,1312602,0.0,0.0,1152.1762980143228,-0.6613509781291937,2017,8,29,1,1150.6727294921875
2017-08-30,1147.758435800072,1151.922009327763,1138.0897380078766,1149.4007568359375,970782,0.0,0.0,1153.6540893554688,0.5544763599199865,2017,8,30,2,1143.062744140625
2017-08-31,1149.6087239182204,1158.5834913136075,1141.119616332556,1154.8594970703125,1784664,0.0,0.0,1155.1154541015626,0.47492053593227723,2017,8,31,3,1149.4007568359375
2017-09-01,1147.295829826194,1155.6461305313017,1127.195044428757,1136.401123046875,1702330,0.0,0.0,1155.3272298177083,-1.5983220530517595,2017,9,1,4,1154.8594970703125
2017-09-04,1134.8513484554503,1138.505995420748,1127.8657524728906,1136.285400390625,1062544,0.0,0.0,1155.610498046875,-0.010183257821827496,2017,9,4,0,1136.401123046875
2017-09-05,1138.0432822734665,1151.9218588865572,1127.4261937532806,1149.30810546875,1165994,0.0,0.0,1155.6128092447916,1.146076951586994,2017,9,5,1,1136.285400390625
2017-09-06,1141.8135957670297,1144.913234931913,1133.4171020053427,1134.8974609375,1228764,0.0,0.0,1154.4177124023438,-1.2538539024200657,2017,9,6,2,1149.30810546875
2017-09-07,1137.1179320939566,1141.9291263360656,1133.902751416692,1138.0894775390625,870636,0.0,0.0,1152.6998494466145,0.2812603527128976,2017,9,7,3,1134.8974609375
2017-09-08,1135.1522066310472,1144.5202482751752,1134.5970860113414,1142.9473876953125,1021134,0.0,0.0,1151.382938639323,0.4268478227875683,2017,9,8,4,1138.0894775390625
2017-09-11,1143.2245798477334,1148.660355616036,1133.417075092901,1135.4757080078125,732764,0.0,0.0,1150.9627278645833,-0.653720352129783,2017,9,11,0,1142.9473876953125
2017-09-12,1144.4738227586824,1155.1603735951576,1136.6556018915908,1151.2049560546875,1396460,0.0,0.0,1151.026729329427,1.3852562354215392,2017,9,12,1,1135.4757080078125
2017-09-13,1156.548190655275,1171.190045571307,1145.0752100151428,1151.5518798828125,1278980,0.0,0.0,1150.9866333007812,0.030135713566936673,2017,9,13,2,1151.2049560546875
2017-09-14,1148.2210434998235,1155.437949386028,1143.5485436326564,1150.510986328125,1081510,0.0,0.0,1150.7599568684896,-0.09039050457660958,2017,9,14,3,1151.5518798828125
2017-09-15,1156.08555745125,1164.412704323648,1149.6088876616072,1159.3470458984375,2944072,0.0,0.0,1151.2572835286458,0.7680117508927831,2017,9,15,4,1150.510986328125
2017-09-18,1158.838050935983,1165.3147203422973,1151.5749514048746,1156.108642578125,726600,0.0,0.0,1151.4053181966146,-0.2793299324623577,2017,9,18,0,1159.3470458984375
2017-09-19,1158.860960484839,1158.860960484839,1152.615602015161,1155.73828125,782754,0.0,0.0,1151.0267333984375,-0.032035166461441555,2017,9,19,1,1156.108642578125
2017-09-20,1163.0246266221416,1163.0246266221416,1144.6586676370234,1153.5640869140625,1334642,0.0,0.0,1150.8740763346354,-0.18812168561086473,2017,9,20,2,1155.73828125
2017-09-21,1152.4075469772672,1175.5153527512596,1147.2955823782463,1168.067138671875,2438740,0.0,0.0,1151.2110026041667,1.2572384943614345,2017,9,21,3,1153.5640869140625
2017-09-22,1165.7542266200012,1168.9925614359,1152.8471944600092,1158.213623046875,2435396,0.0,0.0,1151.081473795573,-0.8435744229739806,2017,9,22,4,1168.067138671875
2017-09-25,1154.95194832914,1172.2770142099907,1153.1939728381824,1161.5211181640625,1599558,0.0,0.0,1151.070674641927,0.28556865947462207,2017,9,25,0,1158.213623046875
2017-09-26,1161.174314331474,1168.7612248331104,1140.819067387018,1144.8206787109375,1449230,0.0,0.0,1150.7406778971354,-1.4378076465387246,2017,9,26,1,1161.5211181640625
2017-09-27,1151.9217673628507,1162.1918906517162,1144.404205628053,1154.23486328125,2010356,0.0,0.0,1151.1354451497396,0.8223283126675307,2017,9,27,2,1144.8206787109375
2017-09-28,1154.0962438670872,1163.024818162576,1134.3424240790123,1145.6534423828125,4332866,0.0,0.0,1150.8902465820313,-0.74347268233107,2017,9,28,3,1154.23486328125
2017-09-29,1146.832891579391,1149.145987367167,1120.2322900199658,1126.9171142578125,1985014,0.0,0.0,1150.1238362630208,-1.6354272096482214,2017,9,29,4,1145.6534423828125
2017-10-03,1128.790841543064,1135.4063186540502,1122.7999455261615,1132.699951171875,1923006,0.0,0.0,1149.1161092122395,0.5131554788633252,2017,10,3,1,1126.9171142578125
2017-10-04,1133.2318786034327,1135.2673576203752,1121.851402701471,1129.854736328125,1300778,0.0,0.0,1147.7822184244792,-0.25118874957188453,2017,10,4,2,1132.699951171875
2017-10-05,1129.253673062194,1130.3870677199832,1121.5741477645656,1123.9798583984375,1684686,0.0,0.0,1146.7343831380208,-0.5199675445694996,2017,10,5,3,1129.854736328125
2017-10-06,1124.164744461845,1135.7302253719463,1123.2626595396869,1131.8673095703125,1389188,0.0,0.0,1146.074373372396,0.7017431062433577,2017,10,6,4,1123.9798583984375
2017-10-09,1129.2767609454197,1141.721173792703,1129.2767609454197,1135.31396484375,1773616,0.0,0.0,1145.4190022786458,0.30451054150031354,2017,10,9,0,1131.8673095703125
2017-10-10,1135.7302792847634,1142.646414608481,1133.9954570658967,1137.6964111328125,1222010,0.0,0.0,1144.9864583333333,0.2098491133587288,2017,10,10,1,1135.31396484375
2017-10-11,1138.0432310553383,1163.2328238856012,1136.5397186565865,1156.7099609375,1527746,0.0,0.0,1145.4413655598958,1.671232291728475,2017,10,11,2,1137.6964111328125
2017-10-12,1162.5618982053718,1181.9919020750997,1159.7861833668394,1178.8460693359375,5006356,0.0,0.0,1146.4228759765624,1.9137129570922395,2017,10,12,3,1156.7099609375
2017-10-13,1178.8462850730027,1206.9504029563934,1167.1883032064995,1183.6575927734375,4066320,0.0,0.0,1147.3828125,0.40815536164195976,2017,10,13,4,1178.8460693359375
2017-10-16,1182.0153324827795,1198.1838526155375,1182.0153324827795,1195.5931396484375,1218590,0.0,0.0,1149.3558797200521,1.0083614508004546,2017,10,16,0,1183.6575927734375
2017-10-17,1195.87041699393,1209.7258369540298,1192.423927162404,1200.2884521484375,1443016,0.0,0.0,1151.4893147786458,0.3927182537514895,2017,10,17,1,1195.5931396484375
2017-10-18,1200.4970407884534,1209.1248452488255,1193.557751535341,1196.611083984375,1514144,0.0,0.0,1153.0660807291667,-0.3063737018781043,2017,10,18,2,1200.2884521484375
2017-10-19,1199.1088325449791,1200.8668078975668,1189.3938304294527,1195.361572265625,86822,0.0,0.0,1155.0815511067708,-0.10442087119814092,2017,10,19,3,1196.611083984375
2017-10-23,1195.4081104237553,1216.2259761238593,1178.499354694063,1197.2122802734375,1886088,0.0,0.0,1157.0523111979167,0.15482411771903237,2017,10,23,0,1195.361572265625
2017-10-24,1212.062264004804,1212.4785760934103,1188.4918391314006,1192.8172607421875,1339020,0.0,0.0,1158.7146402994792,-0.3671044478633534,2017,10,24,1,1197.2122802734375
2017-10-25,1196.1112212992412,1212.5789150576757,1185.210071909855,1187.4830322265625,1105106,3.5,0.0,1160.4482177734376,-0.4471957852375419,2017,10,25,2,1192.8172607421875
2017-10-26,1175.978716920291,1191.773693089008,1167.9999141767337,1177.71826171875,3007552,0.0,0.0,1161.3319946289062,-0.8223082134911297,2017,10,26,3,1187.4830322265625
2017-10-27,1177.3236716262836,1202.906526439985,1173.751829709414,1198.80126953125,1409270,0.0,0.0,1162.9069742838542,1.7901571621834034,2017,10,27,4,1177.71826171875
2017-10-30,1199.5902519187512,1215.362126847304,1197.5955509686376,1213.599365234375,1137252,0.0,0.0,1165.009920247396,1.2344077437381529,2017,10,30,0,1198.80126953125
2017-10-31,1206.68762802436,1224.6397102169874,1206.68762802436,1217.2176513671875,1592634,0.0,0.0,1166.9389404296876,0.2981450251594131,2017,10,31,1,1213.599365234375
2017-11-01,1217.2174815129974,1218.5395808617805,1196.2734074194695,1207.406494140625,741882,0.0,0.0,1168.6488688151042,-0.8060314616323949,2017,11,1,2,1217.2176513671875
2017-11-02,1210.0270673142625,1240.411109065876,1209.2152799392193,1218.2144775390625,1468422,0.0,0.0,1170.7314086914062,0.8951404063906487,2017,11,2,3,1207.406494140625
2017-11-03,1221.11394118641,1223.1086417511422,1207.383203028874,1215.4083251953125,666886,0.0,0.0,1172.7928833007813,-0.23034961375756335,2017,11,3,4,1218.2144775390625
2017-11-06,1215.361885083778,1239.390818286519,1211.5348867815103,1236.4915771484375,1377000,0.0,0.0,1175.0736979166666,1.7346641055578482,2017,11,6,0,1215.4083251953125
2017-11-07,1238.555915954115,1284.0160207344534,1236.7236180546186,1257.13427734375,2696892,0.0,0.0,1178.3710530598958,1.6694574048711441,2017,11,7,1,1236.4915771484375
2017-11-08,1263.141342916262,1279.840971394039,1260.9379197143332,1268.7078857421875,1402252,0.0,0.0,1181.9439453125,0.9206342239662657,2017,11,8,2,1257.13427734375
2017-11-09,1275.666093787333,1275.666093787333,1261.425044045192,1269.3572998046875,1152432,0.0,0.0,1186.095166015625,0.051187043904921126,2017,11,9,3,1268.7078857421875
2017-11-10,1262.7701496248592,1264.532910742097,1249.3873215835547,1256.531005859375,1356566,0.0,0.0,1189.505037434896,-1.0104557595632113,2017,11,10,4,1269.3572998046875
2017-11-13,1253.423103877265,1288.3762859292451,1253.423103877265,1279.8177490234375,1496996,0.0,0.0,1193.9771809895833,1.8532565496174103,2017,11,13,0,1256.531005859375
2017-11-14,1278.7045573603616,1278.7045573603616,1255.951289738054,1259.244873046875,1657252,0.0,0.0,1198.3881062825521,-1.6074848151043875,2017,11,14,1,1279.8177490234375
2017-11-15,1255.2556006009977,1277.9856539747775,1253.0986102243382,1254.930908203125,6670834,0.0,0.0,1202.462471516927,-0.34258347491317176,2017,11,15,2,1259.244873046875
2017-11-16,1257.1109558359358,1281.6965206548675,1246.4185318822867,1274.112060546875,1653482,0.0,0.0,1207.2710489908854,1.5284628196156724,2017,11,16,3,1254.930908203125
2017-11-17,1274.7847894967688,1274.7847894967688,1254.1421923872283,1255.8585205078125,1325464,0.0,0.0,1211.6670043945312,-1.4326479282542603,2017,11,17,4,1274.112060546875
2017-11-20,1259.4304525440448,1264.950562818085,1250.292066385853,1254.0726318359375,1014498,0.0,0.0,1215.7405151367188,-0.14220460686550362,2017,11,20,0,1255.8585205078125
2017-11-21,1252.9361341558215,1252.9361341558215,1236.7003826950834,1239.92431640625,1527740,0.0,0.0,1219.2275268554688,-1.1281894740797105,2017,11,21,1,1254.0726318359375
2017-11-22,1239.947346124415,1256.9716660116062,1239.668973697822,1243.4959716796875,1822624,0.0,0.0,1222.7541788736978,0.28805429703882,2017,11,22,2,1239.92431640625
2017-11-23,1243.6589326558856,1249.2254776733682,1238.0923876384031,1243.77490234375,793470,0.0,0.0,1225.6563435872397,0.022431167483860648,2017,11,23,3,1243.4959716796875
2017-11-24,1244.1222231678055,1253.817239188647,1239.9937495325023,1246.9287109375,2287512,0.0,0.0,1227.9257649739584,0.25356747332712093,2017,11,24,4,1243.77490234375
2017-11-27,1246.9057410063338,1250.5703368343886,1234.9376498597442,1245.908447265625,1856786,0.0,0.0,1230.0007934570312,-0.08182213328843391,2017,11,27,0,1246.9287109375
2017-11-28,1245.977890604309,1253.5854541666256,1238.555833177031,1245.6531982421875,911716,0.0,0.0,1231.6694620768228,-0.02048698072459887,2017,11,28,1,1245.908447265625
2017-11-29,1242.034933974615,1249.2250521731607,1229.278272654614,1233.058837890625,1447532,0.0,0.0,1232.761808268229,-1.0110647465390143,2017,11,29,2,1245.6531982421875
2017-11-30,1230.9714585514423,1237.1410668672577,1216.7536241041696,1223.2479248046875,4299962,0.0,0.0,1233.6497029622396,-0.7956565237974278,2017,11,30,3,1233.058837890625
2017-12-01,1222.3201487151043,1237.6281429874375,1216.057787421877,1219.9775390625,1031144,0.0,0.0,1234.470235188802,-0.2673526499306855,2017,12,1,4,1223.2479248046875
2017-12-04,1216.2898749094102,1233.2214463946098,1207.4529635798226,1221.091064453125,1259104,0.0,0.0,1235.2661946614583,0.09127425341624029,2017,12,4,0,1219.9775390625
2017-12-05,1220.464647015302,1230.0669117816328,1219.1425476500438,1222.5753173828125,1167914,0.0,0.0,1236.2581298828125,0.12155137097431545,2017,12,5,1,1221.091064453125
2017-12-06,1222.7841880541964,1226.9590961317715,1212.0454420219748,1221.53173828125,1407518,0.0,0.0,1237.393086751302,-0.08535908477168563,2017,12,6,2,1222.5753173828125
2017-12-07,1221.0676995089725,1227.3995972957864,1213.042576828389,1214.0863037109375,1326300,0.0,0.0,1238.6053548177083,-0.6095162603624638,2017,12,7,3,1221.53173828125
2017-12-08,1214.4340252543604,1226.958745912064,1204.6925758539246,1206.780029296875,1385548,0.0,0.0,1238.8713134765626,-0.6017920136097699,2017,12,8,4,1214.0863037109375
2017-12-11,1209.9577724025185,1239.7850753077198,1209.9577724025185,1234.4273681640625,1008002,0.0,0.0,1239.5655802408853,2.2910006957354234,2017,12,11,0,1206.780029296875
2017-12-12,1234.3807255495326,1234.8446040634558,1209.516791902615,1211.72021484375,1882246,0.0,0.0,1239.3823323567708,-1.839488811244061,2017,12,12,1,1234.4273681640625
2017-12-13,1211.3723656559298,1229.9507237044302,1206.5480741740191,1219.25830078125,2961458,0.0,0.0,1239.777392578125,0.622097893982243,2017,12,13,2,1211.72021484375
2017-12-14,1220.9286865610695,1220.9286865610695,1174.1233730190122,1186.5089111328125,5504150,0.0,0.0,1238.7205403645833,-2.686009160442304,2017,12,14,3,1219.25830078125
2017-12-15,1189.2684703270752,1198.8707323518518,1176.7901843349546,1180.84912109375,2718138,0.0,0.0,1237.5685668945312,-0.47701201280139216,2017,12,15,4,1186.5089111328125
2017-12-18,1176.859857699271,1200.9583252371572,1157.0754832400069,1197.03857421875,2180664,0.0,0.0,1236.253466796875,1.3710009886787722,2017,12,18,0,1180.84912109375
2017-12-19,1194.951279285285,1205.0638554637203,1189.7094284300233,1194.6265869140625,1801952,0.0,0.0,1234.1698771158854,-0.20149620543863378,2017,12,19,1,1197.03857421875
2017-12-20,1197.7345624277004,1202.721257449427,1183.191922807881,1200.95849609375,1577570,0.0,0.0,1231.9115641276042,0.5300325012892904,2017,12,20,2,1194.6265869140625
2017-12-21,1200.0538786399943,1209.7953287565156,1196.829945180324,1204.089599609375,1293648,0.0,0.0,1229.7359741210937,0.26071704607688595,2017,12,21,3,1200.95849609375
2017-12-22,1207.9400608130843,1235.726347940507,1201.5385124948552,1227.7708740234375,3665664,0.0,0.0,1228.7773030598958,1.9667368958045106,2017,12,22,4,1204.089599609375
2017-12-26,1245.9779796569287,1247.7175244907758,1220.7430279012326,1229.023193359375,2175786,0.0,0.0,1227.0841512044271,0.10199943348010443,2017,12,26,1,1227.7708740234375
2017-12-27,1229.0229407407005,1233.2210640604746,1210.9548947639153,1215.3153076171875,739284,0.0,0.0,1225.6198323567708,-1.1153480110264513,2017,12,27,2,1229.023193359375
2017-12-28,1210.1665857140151,1230.901937706802,1208.7053000868518,1218.5859375,2605088,0.0,0.0,1224.4083333333333,0.26911780525706863,2017,12,28,3,1215.3153076171875
2017-12-29,1216.799840589281,1256.600528622355,1214.68917058714,1253.0286865234375,2609542,0.0,0.0,1223.7055541992188,2.826452198693419,2017,12,29,4,1218.5859375
2018-01-01,1244.2613796184862,1250.059861131405,1222.319902923283,1227.237060546875,1351760,0.0,0.0,1222.7515055338542,-2.058342818002201,2018,1,1,0,1253.0286865234375
2018-01-02,1233.9170996330745,1238.3703795790125,1215.4547083491443,1220.557373046875,1920290,0.0,0.0,1221.6343302408854,-0.5442866512704092,2018,1,2,1,1227.237060546875
2018-01-03,1220.928558065343,1238.092067430243,1220.557432509832,1224.0133056640625,1257120,0.0,0.0,1221.1039632161458,0.2831438073706005,2018,1,3,2,1220.557373046875
2018-01-04,1229.2783159838,1234.8448593014623,1224.639529885748,1232.5718994140625,913082,0.0,0.0,1220.7398274739583,0.6992239145110268,2018,1,4,3,1224.0133056640625
2018-01-05,1229.278382505688,1252.2403749336245,1229.278382505688,1247.46240234375,1153706,0.0,0.0,1220.862744140625,1.2080839208460148,2018,1,5,4,1232.5718994140625
2018-01-08,1252.4721712596538,1264.9273564856007,1244.05282029794,1259.1519775390625,1242220,0.0,0.0,1221.2701863606771,0.9370683375587108,2018,1,8,0,1247.46240234375
2018-01-09,1259.4304885948748,1262.2137603928743,1241.5943778063504,1256.647216796875,2149396,0.0,0.0,1221.6281453450522,-0.19892441793110116,2018,1,9,1,1259.1519775390625
2018-01-10,1257.5750303979685,1306.2822890448836,1249.9905691080137,1301.921875,3365850,0.0,0.0,1223.503767903646,3.60281370920692,2018,1,10,2,1256.647216796875
2018-01-11,1303.4987569432,1309.0188665207174,1290.6029102918046,1294.453125,2520744,0.0,0.0,1225.550244140625,-0.5736711352207657,2018,1,11,3,1301.921875
2018-01-12,1301.1794809676107,1301.1794809676107,1271.2825276648623,1287.889404296875,3360314,0.0,0.0,1227.704960123698,-0.5070651517894875,2018,1,12,4,1294.453125
2018-01-15,1288.2601485436,1302.5708457644034,1268.7309313782137,1273.8568115234375,1457214,0.0,0.0,1229.5009358723958,-1.0895805747465293,2018,1,15,0,1287.889404296875
2018-01-16,1278.4495513519555,1327.4582851152886,1275.9214353756954,1322.448486328125,4267752,0.0,0.0,1232.8795166015625,3.814531928951692,2018,1,16,1,1273.8568115234375
2018-01-17,1331.3314721478384,1356.8447930426576,1327.6899801376642,1340.1219482421875,4280806,0.0,0.0,1236.7977376302083,1.3364196864207756,2018,1,17,2,1322.448486328125
2018-01-18,1343.8562265857952,1360.5558552213108,1330.4269645417223,1353.6904296875,2209478,0.0,0.0,1241.20302734375,1.0124811001797296,2018,1,18,3,1340.1219482421875
2018-01-19,1359.4194715222372,1383.286003151644,1346.9410690693317,1372.7559814453125,1820000,0.0,0.0,1246.4920166015625,1.4084129827388825,2018,1,19,4,1353.6904296875
2018-01-22,1376.8011141051147,1457.5678436874996,1358.6669555606704,1449.0587158203125,4367110,3.5,0.0,1254.5679728190105,5.558361093037401,2018,1,22,0,1372.7559814453125
2018-01-23,1448.3843622737108,1461.124837823582,1436.8064461780566,1442.3629150390625,3239610,0.0,0.0,1261.4991577148437,-0.46207932833552956,2018,1,23,1,1449.0587158203125
2018-01-24,1436.7835027357194,1515.3881374583464,1433.365865500769,1476.1207275390625,5621538,0.0,0.0,1270.3125081380208,2.340452055999087,2018,1,24,2,1442.3629150390625
2018-01-25,1476.3066349646167,1478.5385543136294,1432.59865900031,1451.2210693359375,3833844,0.0,0.0,1278.0446004231771,-1.6868307407780114,2018,1,25,3,1476.1207275390625
2018-01-29,1456.0335944878727,1499.555626449629,1451.6628421010053,1487.396484375,3141060,0.0,0.0,1288.0741861979166,2.4927570170695024,2018,1,29,0,1451.2210693359375
2018-01-30,1478.631320371867,1489.697829058548,1461.7525816522775,1466.0072021484375,1574758,0.0,0.0,1297.5794555664063,-1.4380350129407637,2018,1,30,1,1487.396484375
2018-01-31,1458.637209011541,1464.6819280798068,1440.7820842487092,1447.175537109375,3043214,0.0,0.0,1305.917354329427,-1.2845547423958492,2018,1,31,2,1466.0072021484375
2018-02-01,1452.592495659126,1483.2810695110795,1436.2252789754407,1459.3812255859375,2400630,0.0,0.0,1314.7425089518229,0.8434145107885316,2018,2,1,3,1447.175537109375
2018-02-02,1450.7329134845768,1483.2814083383976,1443.0374966401096,1466.37939453125,2456490,0.0,0.0,1323.5898722330728,0.4795298735258635,2018,2,2,4,1459.3812255859375
2018-02-05,1446.0832635037532,1482.3515897266768,1430.6692702670712,1442.92138671875,2757742,0.0,0.0,1331.5509318033853,-1.5997229570999694,2018,2,5,0,1466.37939453125
2018-02-06,1399.5852138548878,1430.8084731346592,1387.960751945794,1393.65673828125,2657306,0.0,0.0,1337.080460611979,-3.4142295547735513,2018,2,6,1,1442.92138671875
2018-02-07,1407.4898466071018,1409.349760510778,1370.5007861437105,1374.03466796875,2180324,0.0,0.0,1341.9141764322917,-1.4079557593715153,2018,2,7,2,1393.65673828125
2018-02-08,1385.519618097468,1407.7688836501532,1375.8713146909663,1382.93896484375,2755004,0.0,0.0,1347.5016316731771,0.6480401901477029,2018,2,8,3,1374.03466796875
2018-02-09,1371.686358037486,1392.1454088014352,1346.8797135781488,1381.7763671875,2102458,0.0,0.0,1352.9413126627603,-0.08406717041061773,2018,2,9,4,1382.93896484375
2018-02-12,1384.8453538201034,1405.7926559005452,1374.267093979627,1379.7305908203125,1974562,0.0,0.0,1357.1647094726563,-0.1480540857238366,2018,2,12,0,1381.7763671875
2018-02-14,1380.9860403515363,1383.055171815713,1344.950209332262,1353.92431640625,2847532,0.0,0.0,1361.3876180013021,-1.8703850292048352,2018,2,14,2,1379.7305908203125
2018-02-15,1363.2934535655593,1368.431487802106,1350.808851121232,1360.4571533203125,2465236,0.0,0.0,1366.0509440104167,0.48251123308005184,2018,2,15,3,1353.92431640625
2018-02-16,1359.1319976247262,1394.7493919955057,1359.1319976247262,1363.8050537109375,2515756,0.0,0.0,1370.7106689453126,0.246086426349712,2018,2,16,4,1360.4571533203125
2018-02-19,1369.3617498642595,1373.221094308144,1346.2057967210994,1359.4112548828125,1568224,0.0,0.0,1374.9386474609375,-0.3221720594280941,2018,2,19,0,1363.8050537109375
2018-02-20,1361.4570932644965,1387.984140275472,1361.4105500048922,1369.2454833984375,1889068,0.0,0.0,1378.9980834960938,0.7234182062493488,2018,2,20,1,1359.4112548828125
2018-02-21,1382.845952107094,1424.0430894306444,1376.359525237518,1414.60400390625,3089228,0.0,0.0,1384.1798177083333,3.3126653370609382,2018,2,21,2,1369.2454833984375
2018-02-22,1419.1143277220156,1431.668746741837,1405.3974624966552,1418.27734375,3463010,0.0,0.0,1389.567488606771,0.2596726598826704,2018,2,22,3,1414.60400390625
2018-02-23,1418.1843190252282,1436.318479170141,1391.2621112950649,1430.1807861328125,3362500,0.0,0.0,1393.8427856445312,0.8392887636024193,2018,2,23,4,1418.27734375
2018-02-26,1429.808637055566,1436.7600417089336,1404.792775433301,1409.675048828125,1363882,0.0,0.0,1397.6835164388021,-1.4337863788629668,2018,2,26,0,1430.1807861328125
2018-02-27,1413.999430965827,1431.4593940291968,1409.8146250208442,1414.627197265625,1717800,0.0,0.0,1401.9081095377603,0.3512971618258254,2018,2,27,1,1409.675048828125
2018-02-28,1411.2096385290183,1424.6707423605487,1404.9091576365015,1411.23291015625,2706864,0.0,0.0,1406.4873128255208,-0.23994216398044443,2018,2,28,2,1414.627197265625
2018-03-01,1417.7194898757227,1423.3922050452534,1404.2351129631625,1412.4652099609375,1718124,0.0,0.0,1409.4878702799479,0.08732079558371186,2018,3,1,3,1411.23291015625
2018-03-05,1417.7193706637595,1447.7801836726987,1410.2564434339365,1444.1534423828125,2858168,0.0,0.0,1412.955586751302,2.243469941659759,2018,3,5,0,1412.4652099609375
2018-03-06,1451.662570429731,1453.9874624387471,1408.954258816056,1414.8363037109375,1906764,0.0,0.0,1414.9937825520833,-2.030057043211597,2018,3,6,1,1444.1534423828125
2018-03-07,1427.4838302043436,1436.3184206844358,1403.537440218831,1407.698974609375,1917772,0.0,0.0,1416.1585489908855,-0.5044632430509566,2018,3,7,2,1414.8363037109375
2018-03-08,1420.4624775079476,1420.4624775079476,1389.1229785628118,1396.7718505859375,1951826,0.0,0.0,1414.415653483073,-0.7762401067649916,2018,3,8,3,1407.698974609375
2018-03-09,1397.2600987119554,1424.321819017927,1384.333676425838,1410.791015625,1872436,0.0,0.0,1413.3632568359376,1.0036832452759992,2018,3,9,4,1396.7718505859375
2018-03-12,1414.9294524639474,1433.9470260522062,1411.4421140171912,1419.1839599609375,2091340,0.0,0.0,1411.4653645833334,0.5949105319627668,2018,3,12,0,1410.791015625
2018-03-13,1360.015168058966,1366.8968705330008,1335.4178580728403,1342.299560546875,88067154,0.0,0.0,1407.834647623698,-5.417507637007024,2018,3,13,1,1419.1839599609375
2018-03-14,1345.159333626963,1359.1552298535764,1336.8362650930767,1342.34619140625,3668668,0.0,0.0,1402.999637858073,0.003473953262411733,2018,3,14,2,1342.299560546875
2018-03-15,1346.1126102799394,1349.6232202750234,1327.7925047916078,1334.3486328125,2348906,0.0,0.0,1398.6110188802083,-0.5957895694084447,2018,3,15,3,1342.34619140625
2018-03-16,1333.9302660316316,1335.418174441188,1304.2646167505336,1313.8896484375,7197482,0.0,0.0,1394.1681559244792,-1.533256292388685,2018,3,16,4,1334.3486328125
2018-03-19,1315.424046997803,1324.2586376280467,1311.2392409097934,1316.35400390625,3489940,0.0,0.0,1389.4005818684896,0.1875618299969517,2018,3,19,0,1313.8896484375
2018-03-20,1311.2394181019165,1335.976252505342,1310.7744395848592,1332.09375,4024984,0.0,0.0,1384.9243937174479,1.195707693146586,2018,3,20,1,1316.35400390625
2018-03-21,1335.6504360688705,1341.137203819234,1325.188422209323,1328.3270263671875,3907678,0.0,0.0,1381.104581705729,-0.2827671575527213,2018,3,21,2,1332.09375
2018-03-22,1329.815285229948,1337.254941492101,1312.4251341252243,1316.5169677734375,2326094,0.0,0.0,1378.5332560221354,-0.8890926977559888,2018,3,22,3,1328.3270263671875
2018-03-23,1302.8696714464745,1317.7955257244182,1301.0330291961068,1310.3790283203125,3654122,0.0,0.0,1376.4114013671874,-0.4662256243841534,2018,3,23,4,1316.5169677734375
2018-03-26,1310.774317298919,1314.680091069762,1293.3608961636965,1309.8443603515625,2964210,0.0,0.0,1373.9749145507812,-0.04080254317221366,2018,3,26,0,1310.3790283203125
2018-03-27,1313.56415226481,1331.2333337820005,1312.657466969928,1324.119140625,2494574,0.0,0.0,1372.0530069986978,1.0898073622736426,2018,3,27,1,1309.8443603515625
2018-03-28,1318.632370361008,1336.8130735696077,1313.5641505510057,1324.7933349609375,6865654,0.0,0.0,1370.2217651367187,0.050916440617210235,2018,3,28,2,1324.119140625
2018-04-02,1320.5388555022075,1354.9472623005045,1320.5388555022075,1352.924560546875,1662988,0.0,0.0,1370.1884399414062,2.123442565988376,2018,4,2,0,1324.7933349609375
2018-04-03,1344.7641654870806,1362.3402593599567,1344.7641654870806,1353.66845703125,1937290,0.0,0.0,1369.9621500651042,0.05498432847388379,2018,4,3,1,1352.924560546875
2018-04-04,1362.1309874883375,1364.246661968762,1344.7175686481455,1353.505615234375,2841820,0.0,0.0,1369.6188354492188,-0.012029666202917344,2018,4,4,2,1353.66845703125
2018-04-05,1360.7827779419763,1378.0799544981196,1357.8999341026415,1375.383056640625,1809424,0.0,0.0,1370.151228841146,1.6163539448974973,2018,4,5,3,1353.505615234375
2018-04-06,1373.5464474986777,1376.3363184143827,1360.782810763356,1371.8260498046875,1129018,0.0,0.0,1370.2372477213542,-0.2586193583499208,2018,4,6,4,1375.383056640625
2018-04-09,1366.8972198235858,1377.963730391054,1355.412274030681,1359.550537109375,1235866,0.0,0.0,1368.4021321614584,-0.8948301205579434,2018,4,9,0,1371.8260498046875
2018-04-10,1360.3873429774974,1375.05743485719,1360.3873429774974,1365.920654296875,1184532,0.0,0.0,1366.6569091796875,0.4685458181675095,2018,4,10,1,1359.550537109375
2018-04-11,1371.9654803868527,1406.5598321734124,1369.6405881022686,1401.5147705078125,3124416,0.0,0.0,1365.7013753255208,2.6058699748749303,2018,4,11,2,1365.920654296875
2018-04-12,1399.5850122659424,1464.6819895806375,1398.6317838226676,1459.6834716796875,6114360,0.0,0.0,1367.3683227539063,4.150416563273085,2018,4,12,3,1401.5147705078125
2018-04-13,1464.682223105026,1506.9022921131605,1456.3591536579763,1466.2166748046875,8179118,0.0,0.0,1369.0879720052083,0.4475767008228271,2018,4,13,4,1459.6834716796875
2018-04-16,1448.8728167961465,1487.907734069668,1446.4316799899268,1482.1884765625,6270274,0.0,0.0,1371.4531575520834,1.089320700839802,2018,4,16,0,1466.2166748046875
2018-04-17,1482.1885849527507,1485.5829505117442,1463.3802284124772,1472.40087890625,3301724,0.0,0.0,1373.4510131835937,-0.6603477095537436,2018,4,17,1,1482.1884765625
2018-04-18,1472.1218803503086,1484.8855170321358,1462.7526093057236,1468.91357421875,2433066,0.0,0.0,1374.2763509114584,-0.2368447844238286,2018,4,18,2,1472.40087890625
2018-04-19,1478.5847888274136,1495.928506086921,1472.0053897861287,1483.8157958984375,4820952,0.0,0.0,1376.5756673177084,1.014506363154366,2018,4,19,3,1468.91357421875
2018-04-20,1511.179858765889,1591.3189345303383,1506.5300745850714,1582.0657958984375,18465662,0.0,0.0,1382.3878946940104,6.621441844168441,2018,4,20,4,1483.8157958984375
2018-04-23,1592.086317624552,1654.3468907707986,1576.0678316714047,1584.9488525390625,15185910,0.0,0.0,1388.6604614257812,0.18223367498997334,2018,4,23,0,1582.0657958984375
2018-04-24,1585.5765433323752,1600.990533822114,1554.1904973866465,1574.2542724609375,8314336,0.0,0.0,1394.109236653646,-0.674758687701027,2018,4,24,1,1584.9488525390625
2018-04-25,1573.9521377439262,1619.5200282901314,1564.6758398724758,1613.591552734375,8196574,0.0,0.0,1400.5894897460937,2.4987882174805076,2018,4,25,2,1574.2542724609375
2018-04-26,1612.0802348150985,1655.3232292880732,1612.0802348150985,1645.6749267578125,12135034,0.0,0.0,1410.702001953125,1.9883206483740867,2018,4,26,3,1613.591552734375
2018-04-27,1639.0489725470072,1647.8835627536437,1590.2262371945433,1605.082275390625,4501330,0.0,0.0,1419.459871419271,-2.4666263492973184,2018,4,27,4,1645.6749267578125
2018-04-30,1605.082252888231,1650.2084317782458,1598.4098805956792,1642.350341796875,3458558,0.0,0.0,1429.7265950520834,2.321878882948858,2018,4,30,0,1605.082275390625
2018-05-02,1641.606313972901,1642.396754583918,1614.0796141766575,1627.3082275390625,3158046,0.0,0.0,1440.1738810221354,-0.9158894953774088,2018,5,2,2,1642.350341796875
2018-05-03,1631.981354208399,1639.513982245262,1613.6611355289765,1618.9852294921875,3761550,0.0,0.0,1450.2615885416667,-0.5114579958500953,2018,5,3,3,1627.3082275390625
2018-05-04,1623.70476249394,1626.029654765552,1613.4752364988465,1618.4737548828125,2347244,0.0,0.0,1459.8075887044272,-0.03159229621479964,2018,5,4,4,1618.9852294921875
2018-05-07,1622.774628143981,1622.774628143981,1585.9947910206936,1590.6678466796875,3484426,0.0,0.0,1468.5522827148438,-1.7180326909371657,2018,5,7,0,1618.4737548828125
2018-05-08,1597.061380458977,1621.1472856807889,1579.3922002335732,1600.083740234375,2992820,0.0,0.0,1478.0045084635417,0.5919459285193884,2018,5,8,1,1590.6678466796875
2018-05-09,1599.618973693511,1624.9835729493338,1599.618973693511,1622.449462890625,2615050,0.0,0.0,1488.406856282552,1.3977845092641106,2018,5,9,2,1600.083740234375
2018-05-10,1628.7961985048892,1632.6089989967168,1599.6188014878437,1604.7568359375,3858678,0.0,0.0,1498.2372721354166,-1.0904886320220464,2018,5,10,3,1622.449462890625
2018-05-11,1606.1286578009588,1620.4500178217463,1600.6884322385547,1607.4073486328125,2627876,0.0,0.0,1507.6802124023438,0.16516600122560288,2018,5,11,4,1604.7568359375
2018-05-14,1607.430455030678,1613.940153141881,1585.9484739677323,1596.5267333984375,2433894,0.0,0.0,1516.7379923502604,-0.6769046591475147,2018,5,14,0,1607.4073486328125
2018-05-15,1604.175951755164,1625.4719914419147,1596.5967789022616,1619.2412109375,1952890,0.0,0.0,1525.615214029948,1.4227433254882849,2018,5,15,1,1596.5267333984375
2018-05-16,1618.101708197083,1631.6093546550928,1615.9163322214622,1624.588134765625,1648450,0.0,0.0,1534.645869954427,0.3302116937246913,2018,5,16,2,1619.2412109375
2018-05-17,1633.4458198506563,1642.8383606672085,1616.2648909663003,1623.611572265625,2968048,0.0,0.0,1543.6494018554688,-0.0601113894101446,2018,5,17,3,1624.588134765625
2018-05-18,1618.4967728706556,1635.6544297382795,1607.8952430694717,1628.3775634765625,1874996,0.0,0.0,1552.0825520833334,0.29354257461264854,2018,5,18,4,1623.611572265625
2018-05-21,1640.7694653121305,1670.2026244662436,1635.8174901326088,1653.8121337890625,3446178,0.0,0.0,1561.482088216146,1.561957796703961,2018,5,21,0,1628.3775634765625
2018-05-22,1654.3933539115867,1662.2747160723163,1624.495216351879,1631.5628662109375,1857416,0.0,0.0,1570.5491658528647,-1.3453322250786437,2018,5,22,1,1653.8121337890625
2018-05-23,1639.0491737176696,1648.3487434976282,1618.5901202017612,1625.1463623046875,1507298,0.0,0.0,1579.1900227864583,-0.3932734704333751,2018,5,23,2,1631.5628662109375
2018-05-24,1632.0744829786822,1680.897223922489,1628.517442975117,1675.6429443359375,2962316,0.0,0.0,1588.3276285807292,3.1072021082235723,2018,5,24,3,1625.1463623046875
2018-05-25,1685.546834175357,1708.702783042674,1661.1587378580036,1667.3197021484375,3769772,0.0,0.0,1595.2488362630208,-0.4967193169424622,2018,5,25,4,1675.6429443359375
2018-05-28,1681.5943165300012,1681.5943165300012,1620.914637750196,1628.3775634765625,3716798,0.0,0.0,1600.65419921875,-2.335613177346596,2018,5,28,0,1667.3197021484375
2018-05-29,1641.3276237449832,1647.8838662507094,1621.845069267064,1638.351806640625,3525312,0.0,0.0,1605.8596435546874,0.612526442747563,2018,5,29,1,1628.3775634765625
2018-05-30,1631.632671057958,1642.768882356889,1619.2874703673551,1633.9808349609375,3779106,0.0,0.0,1611.2456420898438,-0.26679078705629244,2018,5,30,2,1638.351806640625
2018-05-31,1625.963422026797,1649.4527317814202,1618.555607303392,1632.57421875,5049371,14.5,2.0,1616.700996907552,-0.0860852331215467,2018,5,31,3,1633.9808349609375
2018-06-01,1644.7173871900327,1647.9993204027835,1609.3663237985857,1624.510009765625,1603856,0.0,0.0,1621.3908040364583,-0.49395665396145816,2018,6,1,4,1632.57421875
2018-06-04,1636.2779783686576,1640.0287588348322,1605.8966336996964,1635.57470703125,1681483,0.0,0.0,1623.174434407552,0.6811098238305835,2018,6,4,0,1624.510009765625
2018-06-05,1635.340455283416,1642.7482703763303,1604.5371903575235,1614.3360595703125,2449568,0.0,0.0,1624.1540079752604,-1.2985434031006715,2018,6,5,1,1635.57470703125
2018-06-06,1615.6487553107572,1626.8073505706225,1608.3346873011674,1618.2274169921875,2236512,0.0,0.0,1625.6197794596353,0.2410500216981415,2018,6,6,2,1614.3360595703125
2018-06-07,1617.524140457767,1640.0288241510923,1616.398952058997,1627.4168701171875,2414762,0.0,0.0,1626.0806233723958,0.5678715505933241,2018,6,7,3,1618.2274169921875
2018-06-08,1626.9013462809428,1647.8119972668835,1626.9013462809428,1638.2474365234375,2582138,0.0,0.0,1625.8330403645834,0.6655065831700613,2018,6,8,4,1627.4168701171875
2018-06-11,1638.2470742446624,1653.1564491177407,1634.40254725594,1640.68505859375,2179378,0.0,0.0,1627.0197998046874,0.14879449929037225,2018,6,11,0,1638.2474365234375
2018-06-12,1647.5304713819485,1673.785937061342,1643.7796905706066,1670.03515625,4608875,0.0,0.0,1627.942626953125,1.788892847077328,2018,6,12,1,1640.68505859375
2018-06-13,1702.8543991789618,1717.52935122783,1685.9758864117694,1710.44970703125,5370983,0.0,0.0,1630.7140096028645,2.419982036306312,2018,6,13,2,1670.03515625
2018-06-14,1715.9819900967043,1718.1387345586743,1672.8480165751478,1676.1768798828125,3819998,0.0,0.0,1632.6203979492188,-2.0037319429826006,2018,6,14,3,1710.44970703125
2018-06-15,1687.851388744229,1732.0168105234202,1677.1616403892326,1725.4061279296875,9183574,0.0,0.0,1636.1848103841146,2.936996007862658,2018,6,15,4,1676.1768798828125
2018-06-18,1751.567489320835,1751.567489320835,1708.62112308017,1715.0443115234375,4674987,0.0,0.0,1640.330692545573,-0.6005436191815927,2018,6,18,0,1725.4061279296875
2018-06-19,1708.621268356041,1724.4214089985055,1707.54289602299,1710.8248291015625,3245034,0.0,0.0,1644.022062174479,-0.24602760369071275,2018,6,19,1,1715.0443115234375
2018-06-20,1717.857500212666,1721.8896351093229,1705.2923624164162,1708.9024658203125,3107695,0.0,0.0,1646.903828938802,-0.1123647055239152,2018,6,20,2,1710.8248291015625
2018-06-21,1717.8577175498178,1717.8577175498178,1704.3548829032004,1705.995849609375,2910659,0.0,0.0,1650.2784627278645,-0.17008672344224207,2018,6,21,3,1708.9024658203125
2018-06-22,1713.1690826893132,1713.1690826893132,1687.4293959520458,1697.040771484375,2949458,0.0,0.0,1653.2662434895833,-0.5249179314856134,2018,6,22,4,1705.995849609375
2018-06-25,1699.009819195725,1708.808687462131,1693.4773950675071,1705.90185546875,2083217,0.0,0.0,1656.9120808919272,0.5221491512324983,2018,6,25,0,1697.040771484375
2018-06-26,1709.4182903380424,1745.0507067027409,1707.542900003058,1736.6114501953125,4679712,0.0,0.0,1660.8244222005208,1.8001970411201773,2018,6,26,1,1705.90185546875
2018-06-27,1744.1131834886305,1767.696242169075,1735.908349964154,1742.23779296875,4081208,0.0,0.0,1664.7460774739584,0.32398397308763816,2018,6,27,2,1736.6114501953125
2018-06-28,1748.801517522095,1754.4276886240427,1712.5127597004296,1727.890869140625,4888125,0.0,0.0,1668.2220540364583,-0.8234767886465155,2018,6,28,3,1742.23779296875
2018-06-29,1729.9536905252971,1751.051830002628,1727.515706189752,1732.6260986328125,3506276,0.0,0.0,1671.6970052083334,0.2740467917712097,2018,6,29,4,1727.890869140625
2018-07-02,1736.61159999971,1742.0502782262147,1726.390698899418,1736.0020751953125,2650290,0.0,0.0,1674.436669921875,0.19484738023765047,2018,7,2,0,1732.6260986328125
2018-07-03,1744.0662471041555,1762.77333615622,1741.3470224312305,1757.287841796875,3242233,0.0,0.0,1678.6275024414062,1.2261371634113782,2018,7,3,1,1736.0020751953125
2018-07-04,1762.7731915357506,1762.7731915357506,1741.4406261936451,1749.8798828125,2700614,0.0,0.0,1682.7852864583333,-0.4215563784246146,2018,7,4,2,1757.287841796875
2018-07-05,1756.302973145311,1769.8995524889344,1746.082073366467,1763.148193359375,2472571,0.0,0.0,1685.702128092448,0.7582412185657805,2018,7,5,3,1749.8798828125
2018-07-06,1765.5394346559085,1801.3125304465873,1764.414246169796,1793.7640380859375,3713781,0.0,0.0,1689.9169392903646,1.7364305985096529,2018,7,6,4,1763.148193359375
2018-07-09,1804.12543201092,1804.5005329562607,1759.5849132892367,1765.679931640625,6151747,0.0,0.0,1694.4936848958334,-1.5656522178513543,2018,7,9,0,1793.7640380859375
2018-07-10,1779.7454594055173,1780.5894079641484,1754.193265639026,1758.272216796875,5303302,0.0,0.0,1698.4910319010417,-0.4195389385700854,2018,7,10,1,1765.679931640625
2018-07-11,1781.6208562357742,1873.5149846100403,1776.135362281892,1856.542724609375,22903802,0.0,0.0,1705.9097615559897,5.589038311230543,2018,7,11,2,1758.272216796875
2018-07-12,1860.387380529644,1866.857500663348,1838.3515421009915,1848.5255126953125,6921701,0.0,0.0,1713.1081380208334,-0.4318355730676404,2018,7,12,3,1856.542724609375
2018-07-13,1851.9481725221824,1873.4214172636189,1851.010477244956,1857.6680908203125,4148185,0.0,0.0,1720.8800740559896,0.49458760845930705,2018,7,13,4,1848.5255126953125
2018-07-16,1866.013507633936,1871.6396790137364,1854.2453867119525,1865.2633056640625,2582159,0.0,0.0,1728.5363606770834,0.4088574746630824,2018,7,16,0,1857.6680908203125
2018-07-17,1868.833649349,1887.6253401418503,1861.31697303186,1881.189208984375,3315492,4.0,0.0,1737.431465657552,0.8538152909539187,2018,7,17,1,1865.2633056640625
2018-07-18,1883.867079481276,1890.1622502776984,1872.6390896488049,1879.404052734375,2013869,0.0,0.0,1746.137353515625,-0.09489509303339805,2018,7,18,2,1881.189208984375
2018-07-19,1881.1424723089333,1888.9879814788003,1850.981826901046,1861.693115234375,1746318,0.0,0.0,1753.9465616861978,-0.9423698684820847,2018,7,19,3,1879.404052734375
2018-07-20,1864.9815153162249,1879.169219988057,1864.1358662281525,1875.974609375,1934995,0.0,0.0,1761.87080078125,0.7671239703127553,2018,7,20,4,1861.693115234375
2018-07-23,1880.1088138763264,1888.5180502991172,1866.015044656864,1884.4779052734373,2086201,0.0,0.0,1769.9972290039063,0.4532735067917626,2018,7,23,0,1875.974609375
2018-07-24,1893.2630908960336,1893.2630908960336,1864.276927058863,1878.229736328125,2038423,0.0,0.0,1776.9370483398438,-0.33155968174674033,2018,7,24,1,1884.4779052734373
2018-07-25,1880.9542904839336,1881.0482259977052,1849.478208780176,1861.7867431640625,1535492,0.0,0.0,1781.9816162109375,-0.8754516471562224,2018,7,25,2,1878.229736328125
2018-07-26,1855.6324505669784,1865.0753211188048,1836.981720294866,1846.001708984375,3503036,0.0,0.0,1787.6424438476563,-0.8478433009390329,2018,7,26,3,1861.7867431640625
2018-07-27,1842.384254919647,1845.9547219191795,1823.0758621462364,1826.3173828125,2033977,0.0,0.0,1791.00615234375,-1.066322207399517,2018,7,27,4,1846.001708984375
2018-07-30,1825.612898499532,1836.6059925660215,1814.8547005857051,1827.1162109375,1579251,0.0,0.0,1794.7418823242188,0.043739830355771225,2018,7,30,0,1826.3173828125
2018-07-31,1824.6731095113296,1829.371032038393,1811.5189264355529,1822.9818115234373,2204803,0.0,0.0,1798.480448404948,-0.22628004662830214,2018,7,31,1,1827.1162109375
2018-08-01,1832.1426105904875,1861.833570289244,1832.0017646824956,1857.088623046875,2425180,0.0,0.0,1803.4199869791667,1.870935371260507,2018,8,1,2,1822.9818115234373
2018-08-02,1860.3774957329583,1865.075418701981,1827.4920349498,1830.6866455078125,1509287,0.0,0.0,1807.576346842448,-1.421686461884919,2018,8,2,3,1857.088623046875
2018-08-03,1838.2972967664457,1862.3037295254503,1838.2972967664457,1859.8607177734373,1505131,0.0,0.0,1813.0036783854166,1.593613649676895,2018,8,3,4,1830.6866455078125
2018-08-06,1876.350331623671,1878.18247560364,1853.0956141936836,1856.1962890625,1532249,0.0,0.0,1818.0134928385417,-0.19702705024730038,2018,8,6,0,1859.8607177734373
2018-08-07,1858.686291709008,1859.578965935558,1842.055689434656,1848.4918212890625,1353521,0.0,0.0,1821.7428385416667,-0.41506751300147693,2018,8,7,1,1856.1962890625
2018-08-08,1852.86069909804,1858.7801275341617,1843.4648537679284,1854.7398681640625,1315062,0.0,0.0,1825.4929077148438,0.33800781821382575,2018,8,8,2,1848.4918212890625
2018-08-09,1860.377401210285,1861.1291147252891,1847.223217565364,1855.0687255859373,2060297,0.0,0.0,1829.7321695963542,0.017730649322822423,2018,8,9,3,1854.7398681640625
2018-08-10,1861.270059376945,1875.880645721399,1852.907848229712,1872.68603515625,2784105,0.0,0.0,1834.4008341471354,0.9496850077480579,2018,8,10,4,1855.0687255859373
2018-08-13,1877.1019359158165,1883.162209984981,1869.773131031614,1879.3099365234373,3559575,0.0,0.0,1839.1777628580728,0.3537112598073433,2018,8,13,0,1872.68603515625
2018-08-14,1871.65263416097,1902.2830709978189,1862.6326444052968,1882.5048828125,3311765,0.0,0.0,1843.3516642252605,0.1700063532348084,2018,8,14,1,1879.3099365234373
2018-08-16,1879.4508487829407,1898.007641942652,1874.471005246744,1887.1553955078125,2152065,0.0,0.0,1847.9275146484374,0.2470385462355118,2018,8,16,3,1882.5048828125
2018-08-17,1892.1823237772437,1899.7460252856888,1882.927438895401,1891.1488037109373,1213731,0.0,0.0,1852.1942016601563,0.21160992956015257,2018,8,17,4,1887.1553955078125
2018-08-20,1901.719153308947,1901.719153308947,1882.6455408239904,1888.5179443359373,1587032,0.0,0.0,1855.352665201823,-0.13911435048566956,2018,8,20,0,1891.1488037109373
2018-08-21,1888.7059234276176,1901.7191466252807,1882.927455453094,1895.7528076171875,1376866,0.0,0.0,1859.688427734375,0.38309740730551045,2018,8,21,1,1888.5179443359373
2018-08-23,1900.5917380308697,1914.873377796735,1898.242776576261,1912.1485595703125,3046791,0.0,0.0,1864.8176391601562,0.864867607593478,2018,8,23,3,1895.7528076171875
2018-08-24,1912.148426373603,1922.3899205413684,1908.296152795464,1919.5711669921875,1570533,0.0,0.0,1866.9185872395833,0.3881815241145725,2018,8,24,4,1912.1485595703125
2018-08-27,1919.5712701622265,1934.604623232513,1912.054593627083,1926.993896484375,1532702,0.0,0.0,1869.534200032552,0.3866868610981733,2018,8,27,0,1919.5711669921875
2018-08-28,1930.8464206531744,1946.8193594128356,1928.0276667544103,1944.1884765625,1987983,0.0,0.0,1872.418212890625,0.8923007026381935,2018,8,28,1,1926.993896484375
2018-08-29,1947.2888840487565,1951.141272270484,1922.0140379584575,1946.819091796875,1525867,0.0,0.0,1875.136739095052,0.1353065953269228,2018,8,29,2,1944.1884765625
2018-08-30,1943.0611366889775,1959.0340764006376,1940.7121749666744,1956.591064453125,2408020,0.0,0.0,1877.6501342773438,0.5019455940937334,2018,8,30,3,1946.819091796875
2018-08-31,1956.4967924668863,1965.6107159696687,1948.6981954689736,1952.832275390625,2504554,0.0,0.0,1880.0977416992187,-0.19210907842669434,2018,8,31,4,1956.591064453125
2018-09-03,1958.8459319020903,1963.731725724305,1924.644916365067,1928.873046875,1439711,0.0,0.0,1882.3370727539063,-1.2268963810951217,2018,9,3,0,1952.832275390625
2018-09-04,1935.3563744933808,1977.5906557204096,1932.6784666692256,1972.093994140625,4420803,0.0,0.0,1885.5410522460938,2.2407357153778396,2018,9,4,1,1928.873046875
2018-09-05,1973.1274822088792,1979.9394699450768,1949.6848944293567,1953.631103515625,1681106,0.0,0.0,1887.8461588541666,-0.936207436352221,2018,9,5,2,1972.093994140625
2018-09-06,1949.638122675926,1955.745422819248,1935.8262743838,1949.9200439453125,2238097,0.0,0.0,1890.2358357747396,-0.1899570273852791,2018,9,6,3,1953.631103515625
2018-09-07,1953.678250965424,1958.0942525859052,1940.6178877498976,1954.195068359375,1312182,0.0,0.0,1893.31611328125,0.2192410107961562,2018,9,7,4,1949.9200439453125
2018-09-10,1958.470041435412,1966.9263028049788,1948.9333495360415,1955.0406494140625,1530539,0.0,0.0,1896.9507446289062,0.04327004342494778,2018,9,10,0,1954.195068359375
2018-09-11,1962.792366526516,1962.792366526516,1918.819758296304,1922.6251220703125,3679745,0.0,0.0,1900.1610026041667,-1.6580487650456388,2018,9,11,1,1955.0406494140625
2018-09-12,1928.3566379102333,1943.906580272262,1916.7526757882415,1920.4639892578125,2307661,0.0,0.0,1903.2725952148437,-0.11240531436377266,2018,9,12,2,1922.6251220703125
2018-09-14,1920.5109014574443,1946.3965027833244,1896.222662751377,1940.617919921875,3642038,0.0,0.0,1907.193798828125,1.049430282306485,2018,9,14,4,1920.4639892578125
2018-09-17,1944.93968373244,1952.2684878391408,1930.423150811712,1948.8388671875,1033857,0.0,0.0,1910.2521402994792,0.42362523715930855,2018,9,17,0,1940.617919921875
2018-09-18,1947.7589629054803,1953.2085997073475,1933.2894511747,1945.6448974609373,1456507,0.0,0.0,1914.08408203125,-0.1638909085989293,2018,9,18,1,1948.8388671875
2018-09-19,1946.7250418049248,1962.7920285773437,1941.9803235729971,1952.362548828125,1301268,0.0,0.0,1917.1674763997396,0.3452660542504038,2018,9,19,2,1945.6448974609373
2018-09-21,1951.5175961419477,1992.8593266331584,1926.2896529381435,1976.087646484375,4508530,0.0,0.0,1921.1638549804688,1.215199383459309,2018,9,21,4,1952.362548828125
2018-09-24,1987.2213526908995,2076.951678545264,1971.3892610325413,2065.629638671875,3032226,0.0,0.0,1928.4017822265625,4.531276350358371,2018,9,24,0,1976.087646484375
2018-09-25,2071.689718492354,2078.2668098215486,2023.67708942368,2051.30078125,2868778,0.0,0.0,1934.9538126627604,-0.6936798908001696,2018,9,25,1,2065.629638671875
2018-09-26,2054.8711667076577,2066.1461799680565,2006.1068261127264,2012.730712890625,1970951,0.0,0.0,1940.2092122395834,-1.8802736640051165,2018,9,26,2,2051.30078125
2018-09-27,2012.4954656619684,2076.1993253469877,2006.7641392223131,2056.609130859375,3311802,0.0,0.0,1946.339982096354,2.1800441404172366,2018,9,27,3,2012.730712890625
2018-09-28,2046.4151658545231,2057.690180542427,2028.422213338048,2051.770751953125,2904371,0.0,0.0,1952.0886759440104,-0.23526001288480813,2018,9,28,4,2056.609130859375
2018-10-01,2058.5359861669226,2138.447709176566,2058.019398104925,2119.2802734375,3772208,0.0,0.0,1959.9811889648438,3.2903052848429315,2018,10,1,0,2051.770751953125
2018-10-03,2114.347546282832,2118.763548599092,2025.3689189670529,2032.180908203125,3902322,0.0,0.0,1964.8153727213542,-4.1098558942889944,2018,10,3,2,2119.2802734375
2018-10-04,2026.3084881457155,2026.3552838688263,1932.1151204660173,1940.0545654296875,4762419,0.0,0.0,1966.4455647786458,-4.533373106772098,2018,10,4,3,2032.180908203125
2018-10-05,1926.148157075788,1991.9190697564247,1898.8062720290543,1975.6171875,3417624,0.0,0.0,1969.3488728841146,1.8330732910306624,2018,10,5,4,1940.0545654296875
2018-10-08,1975.617493756952,1993.9864188098547,1924.410132374661,1952.0340576171875,2010154,0.0,0.0,1971.2249145507812,-1.1937094914959312,2018,10,8,0,1975.6171875
2018-10-09,1954.664655197085,1980.315127863469,1929.154799054977,1965.4228515625,1867130,0.0,0.0,1973.0007242838542,0.6858893620768081,2018,10,9,1,1952.0340576171875
2018-10-10,1973.1274771639328,1978.717959137748,1906.4169767455337,1920.1348876953125,2749573,0.0,0.0,1973.0195149739584,-2.3042351334820355,2018,10,10,2,1965.4228515625
2018-10-11,1865.0753923457517,1891.3837606005025,1823.733670802571,1860.3304443359373,4700256,0.0,0.0,1970.7973999023438,-3.114595945452403,2018,10,11,3,1920.1348876953125
2018-10-12,1858.498179222352,1858.498179222352,1788.0293402730713,1802.405029296875,9373289,0.0,0.0,1966.0712849934896,-3.1137164483559965,2018,10,12,4,1860.3304443359373
2018-10-15,1822.7940394872885,1837.404625218032,1804.0023483585535,1831.7200927734373,2638151,0.0,0.0,1962.2346516927084,1.6264415045489589,2018,10,15,0,1802.405029296875
2018-10-16,1839.7065666896544,1852.7668150000209,1818.0961218306848,1843.746826171875,2815425,0.0,0.0,1958.4731770833334,0.6565813983198554,2018,10,16,1,1831.7200927734373
2018-10-17,1850.981458206862,1868.8335636413449,1804.0022333792767,1812.8343505859373,2779207,0.0,0.0,1953.8065795898438,-1.6766117314555906,2018,10,17,2,1843.746826171875
2018-10-19,1812.458887468039,1812.458887468039,1757.070415245503,1797.6134033203125,3428776,0.0,0.0,1949.431258138021,-0.8396215164780618,2018,10,19,4,1812.8343505859373
2018-10-22,1798.3648491126264,1800.244018233956,1772.9490408684885,1788.0294189453125,1778496,0.0,0.0,1943.295772298177,-0.5331504736946102,2018,10,22,0,1797.6134033203125
2018-10-23,1777.67264260423,1787.0882816010746,1729.6528837203234,1735.914306640625,2752811,4.0,0.0,1936.0385457356772,-2.9146674966583075,2018,10,23,1,1788.0294189453125
2018-10-24,1743.8230658008306,1764.4903426764945,1705.2659640037468,1740.48046875,2735913,0.0,0.0,1929.0572265625,0.2630407556356573,2018,10,24,2,1735.914306640625
2018-10-25,1736.2436989847545,1767.2211719160782,1718.401110417381,1744.7177734375,2507233,0.0,0.0,1922.0746500651042,0.243456032031375,2018,10,25,3,1740.48046875
2018-10-26,1745.565023580751,1745.565023580751,1686.4347753095772,1693.96728515625,2285970,0.0,0.0,1913.3722045898437,-2.9088078916775006,2018,10,26,4,1744.7177734375
2018-10-29,1703.0061860376186,1768.20947103063,1680.0791333632108,1761.6656494140625,2609483,0.0,0.0,1908.0068888346354,3.996438706404426,2018,10,29,0,1693.96728515625
2018-10-30,1757.8993139633153,1797.8216352431805,1737.1849139059009,1784.0748291015625,2404883,0.0,0.0,1903.4605834960937,1.2720449930412991,2018,10,30,1,1761.6656494140625
2018-10-31,1788.9709255179948,1830.3055925213043,1765.855492058225,1824.8916015625,2769190,0.0,0.0,1899.6030395507812,2.2878397136230078,2018,10,31,2,1784.0748291015625
2018-11-01,1830.0702117617304,1830.7292603421051,1790.195014161779,1822.6318359375,2769759,0.0,0.0,1895.3961385091145,-0.12383012903698365,2018,11,1,3,1824.8916015625
2018-11-02,1821.1724564752928,1840.380378878457,1793.67884250202,1801.635009765625,1818635,0.0,0.0,1890.595808919271,-1.1520058937780409,2018,11,2,4,1822.6318359375
2018-11-05,1798.3868041787125,1814.7229126324155,1774.6123189402242,1780.3558349609375,1713366,0.0,0.0,1884.8622517903646,-1.181103535918504,2018,11,5,0,1801.635009765625
2018-11-06,1783.3215426979566,1824.27956123405,1780.496851764433,1819.760009765625,1398710,0.0,0.0,1879.6513305664062,2.213275235821155,2018,11,6,1,1780.3558349609375
2018-11-07,1826.6334521111849,1835.1075248271648,1823.8087612058584,1828.6578369140625,144530,0.0,0.0,1871.7522705078125,0.4889560766632828,2018,11,7,2,1819.760009765625
2018-11-09,1846.40621915394,1847.3006585989388,1793.678657566678,1797.6331787109375,2570479,0.0,0.0,1863.2966837565104,-1.69658082429901,2018,11,9,4,1828.6578369140625
2018-11-12,1796.9743404993264,1832.377113007228,1796.9743404993264,1802.9532470703125,2552008,0.0,0.0,1856.3041015625,0.29594849618819197,2018,11,12,0,1797.6331787109375
2018-11-13,1803.0946328048951,1825.6921634510136,1791.7958674818356,1821.8787841796875,1418432,0.0,0.0,1848.479756673177,1.0496964987931845,2018,11,13,1,1802.9532470703125
2018-11-14,1812.51015900329,1817.123844213603,1760.724154460339,1770.7518310546875,2422318,0.0,0.0,1839.112459309896,-2.806276332375224,2018,11,14,2,1821.8787841796875
2018-11-15,1755.0746553323158,1788.0293833026114,1749.0486249446392,1763.407470703125,1829123,0.0,0.0,1827.2500325520834,-0.41475943849161867,2018,11,15,3,1770.7518310546875
2018-11-16,1778.6137797106403,1788.7827133619114,1760.9594608278587,1776.35400390625,1829729,0.0,0.0,1818.7224690755208,0.7341770644740953,2018,11,16,4,1763.407470703125
2018-11-19,1788.029726908213,1795.891761961722,1755.3575077309742,1791.278076171875,1740628,0.0,0.0,1813.763252766927,0.8401519197641205,2018,11,19,0,1776.35400390625
2018-11-20,1790.8540802712798,1790.8540802712798,1764.67856456382,1768.491943359375,1190182,0.0,0.0,1806.8590779622396,-1.2720600511784363,2018,11,20,1,1791.278076171875
2018-11-21,1761.6656609339432,1761.7127850931508,1693.449417686571,1706.1134033203125,3840461,0.0,0.0,1798.6617228190105,-3.5272165232808517,2018,11,21,2,1768.491943359375
2018-11-22,1713.6457061732535,1739.6328378509063,1704.182946271524,1706.631103515625,3194219,0.0,0.0,1790.035331217448,0.030343832614221355,2018,11,22,3,1706.1134033203125
2018-11-26,1712.704229864333,1751.308338398933,1680.2202848779011,1738.2205810546875,4333177,0.0,0.0,1783.9715209960937,1.8509845199697228,2018,11,26,0,1706.631103515625
2018-11-27,1745.6590875979534,1786.9937567264217,1728.098901728303,1779.790771484375,3344839,0.0,0.0,1781.286865234375,2.3915371203615754,2018,11,27,1,1738.2205810546875
2018-11-28,1778.6137266861797,1872.7700912540029,1772.4935629892714,1867.9681396484373,5313249,0.0,0.0,1783.4723022460937,4.954367084987243,2018,11,28,2,1779.790771484375
2018-11-29,1880.302739535314,1880.302739535314,1829.0346412098052,1845.9827880859373,4035441,0.0,0.0,1783.9477254231772,-1.1769660892951728,2018,11,29,3,1867.9681396484373
2018-11-30,1851.1142697202863,1874.6533626719684,1845.323629866777,1853.2327880859373,5268901,0.0,0.0,1784.2639241536458,0.39274472366654933,2018,11,30,4,1845.9827880859373
2018-12-03,1868.0623871408436,1873.7117693600196,1853.2798829754563,1866.555908203125,1610576,0.0,0.0,1786.0546427408854,0.7189123893576399,2018,12,3,0,1853.2327880859373
2018-12-04,1867.1209775483744,1901.3939221609664,1855.8222121774315,1893.343505859375,3270615,0.0,0.0,1789.2456461588542,1.4351350280226827,2018,12,4,1,1866.555908203125
2018-12-05,1888.7768594226904,1900.0756242846408,1869.0040209142776,1889.4830322265625,2501539,0.0,0.0,1792.6274332682292,-0.20389715975286382,2018,12,5,2,1893.343505859375
2018-12-06,1881.2444845376167,1899.13419685304,1863.9196875184416,1876.254150390625,2321216,0.0,0.0,1797.3054280598958,-0.7001323436256812,2018,12,6,3,1889.4830322265625
2018-12-07,1869.0511302359805,1886.799583578311,1857.7052413023985,1878.60791015625,1680420,0.0,0.0,1801.9096761067708,0.12544994318253178,2018,12,7,4,1876.254150390625
2018-12-10,1859.5884998622864,1893.484796568637,1845.465042901307,1860.341796875,2010786,0.0,0.0,1805.763810221354,-0.972321748593652,2018,12,10,0,1878.60791015625
2018-12-11,1854.8806500244136,1892.5432012939448,1846.4065759887692,1883.1275634765625,2942014,0.0,0.0,1812.0691528320312,1.2248161407671487,2018,12,11,1,1860.341796875
2018-12-12,1884.1629388300453,1903.8416414946084,1868.9566633648396,1898.945556640625,2219993,0.0,0.0,1816.6451497395833,0.839985217722572,2018,12,12,2,1883.1275634765625
2018-12-13,1905.7250248268952,1911.0918922125345,1859.1176193284111,1866.7442626953125,3748429,0.0,0.0,1819.4007975260417,-1.6957460329868002,2018,12,13,3,1898.945556640625
2018-12-14,1867.1206419103964,1882.138535541496,1859.823523920076,1873.4761962890625,2473761,0.0,0.0,1821.020284016927,0.3606243087647121,2018,12,14,4,1866.7442626953125
2018-12-17,1882.1859237379767,1887.7411728134443,1869.0040313256047,1877.7606201171875,1227921,0.0,0.0,1822.85791015625,0.22868845820467332,2018,12,17,0,1873.4761962890625
2018-12-18,1875.500634570198,1885.010404331932,1860.906398173023,1871.687255859375,1768742,0.0,0.0,1825.1929850260417,-0.32343655483804135,2018,12,18,1,1877.7606201171875
2018-12-19,1868.815678962506,1868.815678962506,1845.5119773721967,1853.4210205078125,2498833,0.0,0.0,1827.6284912109375,-0.9759234772999337,2018,12,19,2,1871.687255859375
2018-12-20,1839.6271579088996,1859.494128504169,1832.282915254263,1839.862548828125,1940277,0.0,0.0,1828.2985758463542,-0.7315376015306407,2018,12,20,3,1853.4210205078125
2018-12-21,1834.1660578604767,1836.0491852299435,1776.3070154084044,1785.0164794921875,3729956,0.0,0.0,1826.8438639322917,-2.9809873227144568,2018,12,21,4,1839.862548828125
2018-12-24,1794.432201261209,1825.5979377134083,1793.678904302983,1806.3900146484373,1864116,0.0,0.0,1827.1357584635416,1.1973858730049525,2018,12,24,0,1785.0164794921875
2018-12-26,1809.4974414289893,1809.4974414289893,1760.9597792945171,1778.8023681640625,2446614,0.0,0.0,1826.3307291666667,-1.527225364437368,2018,12,26,2,1806.3900146484373
2018-12-27,1797.4450733777555,1828.2341598804169,1762.7013504387428,1797.39794921875,4968201,0.0,0.0,1825.5147013346354,1.045398937369324,2018,12,27,3,1778.8023681640625
2018-12-28,1803.0946630928995,1807.8024820565884,1782.3802596526675,1785.2520751953125,2239130,0.0,0.0,1825.9980428059896,-0.6757476288830055,2018,12,28,4,1797.39794921875
2018-12-31,1796.503454698409,1797.4450183539116,1775.9303118130777,1782.4271240234375,1879740,0.0,0.0,1826.63203125,-0.15823822367303508,2018,12,31,0,1785.2520751953125
2019-01-01,1785.2044995880735,1798.3863893529644,1774.847300487088,1791.607177734375,1094883,0.0,0.0,1827.140470377604,0.5150310824610704,2019,1,1,1,1782.4271240234375
2019-01-02,1793.678883873835,1821.4078894108995,1788.9710652809904,1810.9095458984373,2100463,0.0,0.0,1827.794852701823,1.0773772512159496,2019,1,2,2,1791.607177734375
2019-01-03,1806.8607850998333,1831.294317745856,1782.474261677792,1788.9239501953125,2611668,0.0,0.0,1828.475919596354,-1.2140637147184052,2019,1,3,3,1810.9095458984373
2019-01-04,1788.971051023551,1790.1008815020382,1733.418792070714,1767.173828125,4280862,0.0,0.0,1830.5112670898438,-1.21582150364401,2019,1,4,4,1788.9239501953125
2019-01-07,1781.2502588147552,1797.2568417613031,1771.0813248503932,1786.9937744140625,1856423,0.0,0.0,1833.1900227864583,1.1215617826397795,2019,1,7,0,1767.173828125
2019-01-08,1794.0557014889307,1794.9972652962686,1773.247164334162,1782.898193359375,1691756,0.0,0.0,1834.6792765299479,-0.22918832249599896,2019,1,8,1,1786.9937744140625
2019-01-09,1795.9386405506934,1806.860756581718,1757.6169286531892,1776.68359375,2414376,0.0,0.0,1834.575703938802,-0.3485672727989719,2019,1,9,2,1782.898193359375
2019-01-10,1779.5554069477853,1793.678862558482,1762.701393598292,1778.190185546875,3053461,0.0,0.0,1831.58310546875,0.08479797990901261,2019,1,10,3,1776.68359375
2019-01-11,1760.7241743004083,1765.4319929482706,1727.7694437653745,1734.8782958984375,9209862,0.0,0.0,1827.8796223958334,-2.4357287539024997,2019,1,11,4,1778.190185546875
2019-01-14,1741.8928717804272,1742.8344354949031,1704.230323201391,1707.2904052734375,3615370,0.0,0.0,1823.0148763020834,-1.5901916976091446,2019,1,14,0,1734.8782958984375
2019-01-15,1704.2304008792096,1760.112186893018,1702.347273364426,1758.65283203125,7711653,0.0,0.0,1819.418107096354,3.008417700888222,2019,1,15,1,1707.2904052734375
2019-01-16,1760.7242209650497,1765.4320397376837,1739.068254610934,1760.865478515625,2359280,0.0,0.0,1815.0021728515626,0.12581485351030874,2019,1,16,2,1758.65283203125
2019-01-17,1772.046572951622,1790.9182084463143,1765.7246211342288,1787.427001953125,2625816,4.0,0.0,1811.6003051757812,1.5084356960584522,2019,1,17,3,1760.865478515625
2019-01-18,1774.8775381058276,1796.76859191769,1770.1596286478111,1793.4189453125,1683728,0.0,0.0,1808.839131673177,0.33522730454600413,2019,1,18,4,1787.427001953125
2019-01-21,1794.6928176965184,1823.0002753888923,1788.512310027014,1801.0147705078125,2409803,0.0,0.0,1806.2526936848958,0.42353880643259956,2019,1,21,0,1793.4189453125
2019-01-22,1799.5050907459677,1810.0260523903005,1783.3698626444248,1794.5985107421875,2457093,0.0,0.0,1804.0612508138022,-0.35625803134395895,2019,1,22,1,1801.0147705078125
2019-01-23,1793.7492303732238,1798.5614751297717,1764.4981908458328,1769.7822265625,2578169,0.0,0.0,1800.2830729166667,-1.382832094819042,2019,1,23,2,1794.5985107421875
2019-01-24,1778.4633128187418,1797.7595177030355,1769.216163597004,1794.268310546875,1962927,0.0,0.0,1796.7938313802083,1.3835648034467463,2019,1,24,3,1769.7822265625
2019-01-25,1794.6927434132683,1825.8309455860533,1793.7491615292445,1812.43212890625,2327080,0.0,0.0,1794.9834269205728,1.0123245365593503,2019,1,25,4,1794.268310546875
2019-01-28,1823.943834668718,1851.3077100983053,1816.86697033348,1844.70263671875,2769033,0.0,0.0,1794.024308268229,1.780508483480392,2019,1,28,0,1812.43212890625
2019-01-29,1851.307518189108,1876.831452319021,1827.3877422522287,1870.8868408203125,2557626,0.0,0.0,1793.7951822916666,1.4194268268699073,2019,1,29,1,1844.70263671875
2019-01-30,1867.914787682576,1877.256271936723,1844.3724643239848,1869.61328125,2429575,0.0,0.0,1793.7260498046876,-0.06807250671313492,2019,1,30,2,1870.8868408203125
2019-01-31,1874.8972155349852,1905.799522434216,1873.01005175488,1900.46826171875,4094319,0.0,0.0,1795.2942911783855,1.6503402483384555,2019,1,31,3,1869.61328125
2019-02-01,1896.128109757748,1919.953556272494,1885.3712514629335,1915.42431640625,3064163,0.0,0.0,1797.8130167643228,0.7869668222701076,2019,2,1,4,1900.46826171875
2019-02-04,1915.4240981156825,1939.4854373983344,1908.86624975708,1934.578857421875,1590764,0.0,0.0,1802.798429361979,1.000015550160871,2019,2,4,0,1915.42431640625
2019-02-05,1934.343159578801,1939.0610697241152,1913.5843549394187,1929.20068359375,1111404,0.0,0.0,1806.8921183268228,-0.278002305643521,2019,2,5,1,1934.578857421875
2019-02-06,1934.2484468574064,1969.1139823952951,1925.897885252939,1957.7437744140625,1789812,0.0,0.0,1812.8568318684895,1.4795293751991512,2019,2,6,2,1929.20068359375
2019-02-07,1957.6963749469908,1979.587427029472,1950.3836158647691,1965.386474609375,1339945,0.0,0.0,1818.4564493815103,0.39038306724279437,2019,2,7,3,1957.7437744140625
2019-02-08,1957.9322923069524,1971.6142288074109,1935.286328444125,1945.0994873046875,1684474,0.0,0.0,1823.7846964518228,-1.0322136417835859,2019,2,8,4,1965.386474609375
2019-02-11,1943.778783931696,1977.747733553803,1933.304932318206,1949.3458251953125,1778730,0.0,0.0,1829.348653157552,0.21830954757533494,2019,2,11,0,1945.0994873046875
2019-02-12,1953.2142291042364,1953.2142291042364,1904.1479779383328,1935.8524169921875,2422903,0.0,0.0,1834.156827799479,-0.6922018673507058,2019,2,12,1,1949.3458251953125
2019-02-14,1943.826091269804,1957.9325957052813,1918.349377976289,1929.2476806640625,1724085,0.0,0.0,1838.1014322916667,-0.3411797443932718,2019,2,14,3,1935.8524169921875
2019-02-15,1933.3991636165624,1936.2299090977,1897.495829024144,1915.18798828125,1930065,0.0,0.0,1842.310233561198,-0.728765545436505,2019,2,15,4,1929.2476806640625
2019-02-18,1922.642395029764,1926.7469531270729,1851.9209799556304,1859.139404296875,2942184,0.0,0.0,1845.375752766927,-2.926531720506187,2019,2,18,0,1915.18798828125
2019-02-19,1858.8562060717036,1859.7997879021968,1785.2568232932297,1797.334716796875,4408554,0.0,0.0,1845.7204508463542,-3.324370800659482,2019,2,19,1,1859.139404296875
2019-02-20,1806.9592841397784,1824.698669399445,1775.1606211397384,1806.723388671875,4645778,0.0,0.0,1846.5146240234376,0.5223663565422143,2019,2,20,2,1797.334716796875
2019-02-21,1806.7234839035157,1830.5489274175843,1790.0221299689692,1806.2044677734373,4683919,0.0,0.0,1847.498653157552,-0.028721657210584173,2019,2,21,3,1806.723388671875
2019-02-22,1809.035087063592,1821.1129808858043,1797.6177696501452,1817.0084228515625,2271955,0.0,0.0,1848.7925944010417,0.5981579201519427,2019,2,22,4,1806.2044677734373
2019-02-25,1823.4718829672145,1877.727838087843,1821.5847193108448,1873.1514892578125,2934880,0.0,0.0,1853.401700846354,3.089862749130279,2019,2,25,0,1817.0084228515625
2019-02-26,1872.0664160234428,1929.7664699773643,1860.9793291341912,1923.6802978515625,6453309,0.0,0.0,1860.614697265625,2.6975292112529914,2019,2,26,1,1873.1514892578125
2019-02-27,1924.9069167203045,1957.8850553231373,1907.9224439257137,1941.98583984375,4732082,0.0,0.0,1866.7257975260416,0.9515896177047622,2019,2,27,2,1923.6802978515625
2019-02-28,1943.7787263280088,1954.488473107603,1866.0275542382208,1871.5474853515625,8454295,0.0,0.0,1870.4151977539063,-3.627130180200222,2019,2,28,3,1941.98583984375
2019-03-01,1882.4931336263296,1891.8817275475567,1868.622410454008,1882.8233642578125,4148548,0.0,0.0,1873.595076497396,0.602489597218625,2019,3,1,4,1871.5474853515625
2019-03-05,1891.88186115937,1893.7690251106517,1865.0841100145085,1875.935302734375,2449622,0.0,0.0,1876.3456217447917,-0.36583684132008853,2019,3,5,1,1882.8233642578125
2019-03-06,1877.0674308829043,1901.3174384915733,1873.0572079977485,1886.7862548828125,2635047,0.0,0.0,1879.2046712239583,0.5784289113073937,2019,3,6,2,1875.935302734375
2019-03-07,1891.8817250687775,1909.857006485036,1887.3524858381709,1899.7135009765625,2539884,0.0,0.0,1882.7085042317708,0.6851462936141139,2019,3,7,3,1886.7862548828125
2019-03-08,1910.7534144021367,1918.3020698664416,1896.6469105765536,1908.5831298828125,2031071,0.0,0.0,1887.3352010091146,0.4668929763193441,2019,3,8,4,1899.7135009765625
2019-03-11,1914.4333883396428,1918.3020511907675,1890.607944762384,1901.12890625,3111689,0.0,0.0,1890.8972208658854,-0.39056321498923685,2019,3,11,0,1908.5831298828125
2019-03-12,1900.421200162353,1910.5647057389065,1889.994573938235,1898.911376953125,2658550,0.0,0.0,1893.7798624674479,-0.11664276365399573,2019,3,12,1,1901.12890625
2019-03-13,1899.430516882498,1902.166927648407,1866.9712738851936,1887.6357421875,1833163,0.0,0.0,1895.2109659830728,-0.5937946816516049,2019,3,13,2,1898.911376953125
2019-03-14,1891.834574295919,1894.523874985476,1869.235832789594,1875.2747802734373,1905495,0.0,0.0,1895.3572306315104,-0.6548383058130769,2019,3,14,3,1887.6357421875
2019-03-15,1886.125655917948,1952.223490946897,1878.67133676854,1924.859619140625,5184318,0.0,0.0,1897.1987752278646,2.6441372426475818,2019,3,15,4,1875.2747802734373
2019-03-18,1927.737798309772,1948.119259249143,1897.5431778761383,1908.677490234375,2349915,0.0,0.0,1897.4724161783854,-0.840691380573233,2019,3,18,0,1924.859619140625
2019-03-19,1915.471233758608,1915.471233758608,1882.5402028115095,1908.677490234375,2373993,0.0,0.0,1897.2475219726562,0.0,2019,3,19,1,1908.677490234375
2019-03-20,1913.5839627219248,1929.4361836343733,1887.1636713233968,1901.3646240234373,3091165,0.0,0.0,1896.140380859375,-0.3831378663159968,2019,3,20,2,1908.677490234375
2019-03-22,1901.3175851788328,1902.2611671069608,1871.4060841304968,1892.4951171875,3148149,0.0,0.0,1894.9168619791667,-0.4664811117169432,2019,3,22,4,1901.3646240234373
2019-03-25,1894.52376778169,1894.52376778169,1865.650069755812,1872.3023681640625,2429205,0.0,0.0,1892.0688151041666,-1.0669908122905247,2019,3,25,0,1892.4951171875
2019-03-26,1872.066537170076,1882.398713164286,1847.5806323162124,1870.792724609375,2316539,0.0,0.0,1888.9156901041667,-0.08063032875228471,2019,3,26,1,1872.3023681640625
2019-03-27,1881.5023429324056,1885.2766706012767,1850.3641396642165,1856.8748779296875,2266166,0.0,0.0,1885.9748697916666,-0.7439545010307635,2019,3,27,2,1870.792724609375
2019-03-28,1868.2921409861729,1900.940051322294,1861.498397455921,1887.4468994140625,4054489,0.0,0.0,1883.911572265625,1.646423345360848,2019,3,28,3,1856.8748779296875
2019-04-01,1896.5996269845175,1924.859858935156,1894.948358652566,1917.0281982421875,2095740,0.0,0.0,1883.2840983072917,1.56726522146442,2019,4,1,0,1887.4468994140625
2019-04-02,1922.170523739458,1968.311698284323,1922.0761885930804,1961.98974609375,3719663,0.0,0.0,1884.3755004882812,2.3453774906800895,2019,4,2,1,1917.0281982421875
2019-04-03,1967.3681164538891,1971.708685020547,1941.9858573618908,1961.98974609375,2939886,0.0,0.0,1885.9355590820312,0.0,2019,4,3,2,1961.98974609375
2019-04-04,1960.904597825642,1962.367195817489,1894.1462947929963,1900.845703125,4397518,0.0,0.0,1887.3257690429687,-3.1164303019669437,2019,4,4,3,1961.98974609375
2019-04-05,1914.1972420499785,1938.49435822228,1904.9029843544909,1932.7386474609373,3152103,0.0,0.0,1891.8392333984375,1.6778292043118093,2019,4,5,4,1900.845703125
2019-04-08,1942.8351537623184,1957.9324643306509,1918.0189034422856,1953.9222412109373,2194294,0.0,0.0,1896.745861816406,1.0960402627550936,2019,4,8,0,1932.7386474609373
2019-04-09,1953.2145756213768,1979.6348693978975,1941.5612467554176,1973.5015869140625,2690970,0.0,0.0,1902.322432454427,1.0020534742974707,2019,4,9,1,1953.9222412109373
2019-04-10,1965.481069992284,1967.8400247090296,1921.1327213174704,1925.1429443359373,3313062,0.0,0.0,1905.926916503906,-2.4503979575584256,2019,4,10,2,1973.5015869140625
2019-04-11,1929.6248128597736,1939.060631015567,1900.0435459780265,1905.5634765625,3422442,0.0,0.0,1907.007316080729,-1.017039686899257,2019,4,11,3,1925.1429443359373
2019-04-12,1923.0198773734176,1923.963459256329,1893.7688390031649,1900.845703125,3198471,0.0,0.0,1906.2461629231768,-0.24757891802221765,2019,4,12,4,1905.5634765625
2019-04-15,1953.214513341321,2000.2049375617075,1925.8506385167325,1994.0716552734373,9189201,0.0,0.0,1907.9823567708331,4.904446057624412,2019,4,15,0,1900.845703125
2019-04-16,2000.3937629275251,2034.3154884472272,1996.194869262643,2011.528076171875,5771952,0.0,0.0,1912.6483764648435,0.8754159286238794,2019,4,16,1,1994.0716552734373
2019-04-18,2028.606371388382,2033.4187306004983,1994.9205480035032,2028.748046875,3413728,0.0,0.0,1917.512532552083,0.8560641487985743,2019,4,18,3,2011.528076171875
2019-04-22,2026.813753381649,2053.234044394073,2024.549249155818,2039.5048828125,2007135,0.0,0.0,1922.9648518880206,0.5302203964691055,2019,4,22,0,2028.748046875
2019-04-23,2040.967371391575,2043.3263258199056,2013.650725184836,2033.4659423828125,2163524,0.0,0.0,1927.8541748046873,-0.2960983560558961,2019,4,23,1,2039.5048828125
2019-04-24,2036.249802005074,2071.162333364753,2034.4570884873303,2060.263916015625,3003071,0.0,0.0,1933.2058553059894,1.3178471826978733,2019,4,24,2,2033.4659423828125
2019-04-25,2052.290472843109,2080.5979276409453,2045.7326252216087,2071.162109375,4211526,0.0,0.0,1938.6251546223955,0.5289707437312829,2019,4,25,3,2060.263916015625
2019-04-26,2078.710987478489,2117.350621358509,2069.416613340594,2112.25537109375,2716958,0.0,0.0,1945.6627034505207,1.9840678589446714,2019,4,26,4,2071.162109375
2019-04-30,2112.255307963248,2139.052941772073,2104.2820869829234,2132.825439453125,3488395,0.0,0.0,1953.4598388671873,0.9738438183600762,2019,4,30,1,2112.25537109375
2019-05-02,2127.7770661203017,2131.928734102652,2086.3539151615646,2090.4111328125,2457699,0.0,0.0,1960.2190185546872,-1.9886440707262198,2019,5,2,3,2132.825439453125
2019-05-03,2061.7265170957985,2062.717324195657,2005.1116012945408,2011.7166748046875,3780886,0.0,0.0,1964.767081705729,-3.7645445325357962,2019,5,3,4,2090.4111328125
2019-05-06,1990.9577907200655,2042.8547947435748,1989.542417883061,2036.1082763671875,2891422,0.0,0.0,1968.4753702799476,1.2124769788900869,2019,5,6,0,2011.7166748046875
2019-05-07,2038.1843661911205,2061.1134551009054,2018.133248484353,2030.541259765625,2201698,0.0,0.0,1972.5374959309893,-0.27341456572708145,2019,5,7,1,2036.1082763671875
2019-05-08,2029.6445402363372,2045.6854315352764,2010.206662162724,2031.3902587890625,1824895,0.0,0.0,1976.627921549479,0.04181146378356981,2019,5,8,2,2030.541259765625
2019-05-09,2023.983034162606,2060.877176022909,2015.585247985704,2049.978759765625,2264162,0.0,0.0,1981.5817260742185,0.9150630163818674,2019,5,9,3,2031.3902587890625
2019-05-10,2052.29061009664,2068.331502221533,2005.9136523645727,2015.30224609375,2039633,0.0,0.0,1985.6752970377602,-1.6915547786377827,2019,5,10,4,2049.978759765625
2019-05-13,2012.6598806563784,2044.741660282406,2001.950135605152,2008.649658203125,1701744,0.0,0.0,1990.220206705729,-0.3301037302727017,2019,5,13,0,2015.30224609375
2019-05-14,2014.5471383268616,2037.9480129859087,1955.4318308406516,1974.303466796875,2456110,0.0,0.0,1993.6705647786455,-1.7099144823978452,2019,5,14,1,2008.649658203125
2019-05-15,1978.6910974887091,2004.1678068984352,1966.896324613836,1977.1812744140625,2346876,0.0,0.0,1997.6807779947915,0.14576318512251607,2019,5,15,2,1974.303466796875
2019-05-16,1977.7475298236516,2004.1678212525933,1959.86670009061,1989.7781982421875,1946529,0.0,0.0,2001.0918212890622,0.6371152706702743,2019,5,16,3,1977.1812744140625
2019-05-17,1993.411328499436,2014.547472125885,1972.0862841888052,1977.228759765625,1947908,0.0,0.0,2003.0985066731769,-0.6306953452223429,2019,5,17,4,1989.7781982421875
2019-05-20,2005.1113581675545,2030.0218259529508,1934.3427219969349,2022.9921875,2625116,0.0,0.0,2005.1319213867184,2.3145236740234276,2019,5,20,0,1977.228759765625
2019-05-21,2026.860659713075,2027.4738956541653,1983.927693571408,1990.721435546875,1863157,0.0,0.0,2006.0896443684894,-1.5951990399431515,2019,5,21,1,2022.9921875
2019-05-22,1990.9579483532489,2002.2337067741385,1957.9325795417017,1964.3017578125,2595795,0.0,0.0,2008.204846191406,-1.3271408677586916,2019,5,22,2,1990.721435546875
2019-05-23,1979.6348067348367,1996.0060446855327,1934.3428759801789,1938.1644287109373,2541294,0.0,0.0,2008.3857055664062,-1.3306167953884063,2019,5,23,3,1964.3017578125
2019-05-24,1953.214489817619,1953.214489817619,1917.594273880124,1932.4556884765625,2274208,0.0,0.0,2007.6701538085938,-0.29454364912535613,2019,5,24,4,1938.1644287109373
2019-05-27,1938.8720330097328,1952.2236240512852,1925.0013106935996,1939.2021484375,2329820,0.0,0.0,2006.5268391927084,0.349113307030402,2019,5,27,0,1932.4556884765625
2019-05-28,1943.7786787974685,1979.1629994066457,1929.6249505537976,1956.7529296875,5872979,0.0,0.0,2007.5805053710938,0.905051660763756,2019,5,28,1,1939.2021484375
2019-05-29,1962.6503902392408,2003.8848739992964,1959.914094822598,1988.6461181640625,3281320,0.0,0.0,2010.3499267578125,1.6299037038700614,2019,5,29,2,1956.7529296875
2019-05-30,2003.2243349491453,2034.881553155096,1995.109438619452,2025.2098388671875,4971725,0.0,0.0,2014.4953979492188,1.8386237938040395,2019,5,30,3,1988.6461181640625
2019-05-31,2038.1370332938427,2080.550996316134,2030.8242731049413,2072.625,4265370,0.0,0.0,2017.1138427734375,2.341246828987087,2019,5,31,4,2025.2098388671875
2019-06-03,2076.82396299576,2120.841970746288,2062.3398872816183,2115.7939453125,3682419,0.0,0.0,2020.5893717447916,2.082815044327835,2019,6,3,0,2072.625
2019-06-04,2115.5082278216296,2115.5082278216296,2068.898559133114,2076.603515625,2408658,18.0,0.0,2022.1845540364584,-1.8522800754924962,2019,6,4,1,2115.7939453125
2019-06-06,2091.727584564443,2091.727584564443,2047.0203556083136,2060.4326171875,3735467,0.0,0.0,2022.8821451822917,-0.7787186295229342,2019,6,6,3,2076.603515625
2019-06-07,2067.9476416133125,2082.976930349051,2037.6038845666455,2075.319580078125,2659446,0.0,0.0,2024.2772664388021,0.7225163670212975,2019,6,7,4,2060.4326171875
2019-06-10,2089.539670676734,2126.7799793262,2078.886079925393,2122.64208984375,2080593,0.0,0.0,2026.3565388997397,2.280251688457713,2019,6,10,0,2075.319580078125
2019-06-11,2127.874033930648,2153.5093049696875,2122.1667276259614,2142.9033203125,3048937,0.0,0.0,2028.7479125976563,0.9545288188571366,2019,6,11,1,2122.64208984375
2019-06-12,2135.483884709555,2156.3154608929804,2110.7522227930967,2150.608154296875,2404448,0.0,0.0,2030.0263387044272,0.35955117113035673,2019,6,12,2,2142.9033203125
2019-06-13,2153.557100050104,2173.5326738579893,2133.6291335784194,2144.14013671875,3320916,0.0,0.0,2030.403495279948,-0.3007529551676824,2019,6,13,3,2150.608154296875
2019-06-14,2147.136356735314,2152.7010736998445,2125.0205431151585,2144.5205078125,2131408,0.0,0.0,2032.2071411132813,0.017740029545465497,2019,6,14,4,2144.14013671875
2019-06-17,2145.9475761943563,2151.654883577852,2132.107309343193,2139.479248046875,1489497,0.0,0.0,2036.4658935546875,-0.23507631413454133,2019,6,17,0,2144.5205078125
2019-06-18,2134.532892845824,2149.752378712817,2122.357257706044,2141.048828125,1877447,0.0,0.0,2039.9639119466146,0.07336271569624575,2019,6,18,1,2139.479248046875
2019-06-19,2144.995864549968,2164.9714357941134,2133.723842169848,2149.65673828125,1652817,0.0,0.0,2043.9344278971355,0.40204174903326617,2019,6,19,2,2141.048828125
2019-06-20,2121.2158105855824,2172.581574608731,2104.093889244533,2166.82666015625,2199377,0.0,0.0,2048.448974609375,0.798728539735527,2019,6,20,3,2149.65673828125
2019-06-21,2173.53287209022,2180.6670062436883,2132.630502943664,2140.09765625,3871804,0.0,0.0,2051.4529378255206,-1.2335552445308484,2019,6,21,4,2166.82666015625
2019-06-24,2144.187259072918,2168.7763292064933,2141.000819155814,2164.495849609375,1382424,0.0,0.0,2056.426057942708,1.1400504686373436,2019,6,24,0,2140.09765625
2019-06-25,2159.264263435028,2163.4971359193714,2140.715517559705,2157.171630859375,1386077,0.0,0.0,2061.3767903645835,-0.3383798934667337,2019,6,25,1,2164.495849609375
2019-06-26,2154.50806074555,2156.2202990280807,2140.2397954426,2144.23486328125,1762224,0.0,0.0,2067.0411702473957,-0.5997097028840104,2019,6,26,2,2157.171630859375
2019-06-27,2144.9959643177845,2153.556923820605,2131.9643279652246,2142.66552734375,2813464,0.0,0.0,2072.5573120117188,-0.07318862146931115,2019,6,27,3,2144.23486328125
2019-06-28,2149.7522365033437,2151.607064774498,2114.081568862248,2118.55224609375,2372928,0.0,0.0,2076.8497802734373,-1.1253870910917674,2019,6,28,4,2142.66552734375
2019-07-01,2125.9717173848985,2144.996072797739,2098.957225591026,2130.2998046875,2769940,0.0,0.0,2081.9521484375,0.554508797949671,2019,7,1,0,2118.55224609375
2019-07-02,2135.388595367581,2146.898422826264,2108.326497316902,2142.237548828125,1771746,0.0,0.0,2085.926993815104,0.5603785962124741,2019,7,2,1,2130.2998046875
2019-07-03,2142.33245144208,2148.610581136699,2123.117900402535,2128.4921875,1656881,0.0,0.0,2090.519352213542,-0.641635720354361,2019,7,3,2,2142.237548828125
2019-07-04,2125.020837166203,2142.1427597575157,2121.311180163794,2133.248779296875,984140,0.0,0.0,2096.150919596354,0.22347236343216448,2019,7,4,3,2128.4921875
2019-07-05,2137.386680990124,2140.2403347698173,2035.6063628477373,2057.57958984375,4088470,0.0,0.0,2100.131424967448,-3.5471338452173318,2019,7,5,4,2133.248779296875
2019-07-08,2044.1667552145025,2082.025264600434,2028.0912696223827,2069.27880859375,2788062,0.0,0.0,2104.6921956380206,0.5685913102825957,2019,7,8,0,2057.57958984375
2019-07-09,2067.9478001309653,2068.328194414325,2001.8857606898048,2029.2808837890625,3977224,0.0,0.0,2107.6948201497394,-1.9329403383717803,2019,7,9,1,2069.27880859375
2019-07-10,1978.5328841170435,2024.0487455214195,1970.257336288309,2005.357177734375,6343581,0.0,0.0,2109.3149617513022,-1.1789253151597845,2019,7,10,2,2029.2808837890625
2019-07-11,2024.191108151432,2025.1423257774431,1984.2875751864435,1999.982666015625,2400346,0.0,0.0,2109.6928466796876,-0.26800770348661684,2019,7,11,3,2005.357177734375
2019-07-12,1999.55504522494,2016.3439466281236,1990.9940849609216,2004.7867431640625,1560725,0.0,0.0,2109.0120768229167,0.24020593928486544,2019,7,12,4,1999.982666015625
2019-07-15,2021.3377924052547,2048.5427139389294,1995.6549122194,2041.0279541015625,2900415,0.0,0.0,2107.9588419596353,1.8077339677686766,2019,7,15,0,2004.7867431640625
2019-07-16,2027.0125169020437,2033.2098740797776,2002.2230881911055,2007.9437255859373,2735399,5.0,0.0,2104.363834635417,-1.6209591078427232,2019,7,16,1,2041.0279541015625
2019-07-17,2009.8508489601784,2026.059323548567,1994.6912511309704,2018.670166015625,1802969,0.0,0.0,2102.432722981771,0.5342002513819333,2019,7,17,2,2007.9437255859373
2019-07-18,2017.6688860345328,2017.6688860345328,1964.085625712956,1969.758544921875,3072096,0.0,0.0,2099.41025390625,-2.422962498637904,2019,7,18,3,2018.670166015625
2019-07-19,1980.2938122789592,1999.3626019975816,1966.4689397329576,1980.24609375,1953177,0.0,0.0,2096.2411376953123,0.5324281422797839,2019,7,19,4,1969.758544921875
2019-07-22,1980.293919626482,2018.8605023683465,1972.4757619727036,2011.6619873046875,1920167,0.0,0.0,2092.5418009440104,1.5864641093771947,2019,7,22,0,1980.24609375
2019-07-23,2028.8238557060276,2030.8261718016383,2004.5111480154444,2014.09326171875,3538588,0.0,0.0,2088.2481323242187,0.12085899268394762,2019,7,23,1,2011.6619873046875
2019-07-24,2011.757597636745,2022.0547920845308,1979.817370375688,1999.1722412109373,2413196,0.0,0.0,2083.2002685546877,-0.7408306651639163,2019,7,24,2,2014.09326171875
2019-07-25,2010.7081387980195,2035.592998777633,1995.1195451926585,2028.823486328125,2544464,0.0,0.0,2079.356380208333,1.4831761118905495,2019,7,25,3,1999.1722412109373
2019-07-26,2030.6356780622527,2030.6356780622527,1997.4559338944464,2010.851806640625,1720592,0.0,0.0,2074.9007568359375,-0.885817805669542,2019,7,26,4,2028.823486328125
2019-07-29,2012.520421637196,2042.267691598812,2005.3696243977045,2030.826416015625,1647090,0.0,0.0,2071.2789957682294,0.9933406981576631,2019,7,29,0,2010.851806640625
2019-07-30,2030.8262824231515,2083.2654587298525,2021.7208879825037,2077.687744140625,2851672,0.0,0.0,2069.166959635417,2.307500422263531,2019,7,30,1,2030.826416015625
2019-07-31,2070.632721042903,2108.722591470232,2047.1780107181044,2103.001953125,3000677,0.0,0.0,2067.6118001302084,1.2183837083202143,2019,7,31,2,2077.687744140625
2019-08-01,2097.5667241727824,2114.251914024157,2065.388143745132,2078.545654296875,2375236,0.0,0.0,2064.6690999348957,-1.1629232579543514,2019,8,1,3,2103.001953125
2019-08-02,2071.823735078035,2107.100991496759,2064.6729398580237,2102.619873046875,2500816,0.0,0.0,2063.4198404947915,1.158224198743607,2019,8,2,4,2078.545654296875
2019-08-05,2097.471842739198,2147.384502711431,2093.372238365517,2143.904541015625,3039682,0.0,0.0,2062.733463541667,1.9634870048538478,2019,8,5,0,2102.619873046875
2019-08-06,2128.839901187981,2147.0981756960928,2108.483873424215,2111.773193359375,2885467,0.0,0.0,2061.220182291667,-1.4987303325095125,2019,8,6,1,2143.904541015625
2019-08-07,2126.1700953565246,2134.274331146,2104.4793466258693,2110.390625,2165362,0.0,0.0,2060.092041015625,-0.06546954775837888,2019,8,7,2,2111.773193359375
2019-08-08,2125.1210523481477,2174.795339758841,2115.5866580484594,2152.961669921875,2073298,0.0,0.0,2060.4352457682294,2.01721162033095,2019,8,8,3,2110.390625
2019-08-09,2154.773613574708,2162.305693716358,2136.992057173797,2141.663818359375,1744550,0.0,0.0,2061.205631510417,-0.5247586020846295,2019,8,9,4,2152.961669921875
2019-08-13,2140.471945833403,2141.663745357809,2092.1326036781597,2097.042724609375,1647281,0.0,0.0,2060.097062174479,-2.083477965471825,2019,8,13,1,2141.663818359375
2019-08-14,2079.5472500847677,2114.586156149985,2066.4849410608267,2101.76220703125,1945002,0.0,0.0,2058.7478841145835,0.225054185424578,2019,8,14,2,2097.042724609375
2019-08-16,2137.039241144894,2137.039241144894,2043.459245623432,2064.2919921875,3755507,0.0,0.0,2056.607877604167,-1.782799915156763,2019,8,16,4,2101.76220703125
2019-08-19,2078.498267651266,2084.2189050851684,2057.236518633928,2062.289794921875,974884,0.0,0.0,2054.242578125,-0.09699196011041522,2019,8,19,0,2064.2919921875
2019-08-20,2070.8706051896365,2102.3341088596444,2065.626687911302,2084.933837890625,1843611,0.0,0.0,2055.1543863932293,1.0980048984632562,2019,8,20,1,2062.289794921875
2019-08-21,2083.217624432837,2099.4738147392286,2080.643384293679,2084.409423828125,1214408,0.0,0.0,2055.658740234375,-0.025152551748619523,2019,8,21,2,2084.933837890625
2019-08-22,2085.1727567046128,2131.557507954511,2068.9642807722958,2112.822509765625,2131601,0.0,0.0,2058.4434611002603,1.3631240394853972,2019,8,22,3,2084.409423828125
2019-08-23,2111.8205145082525,2154.677568213094,2110.8193566015934,2143.045654296875,2826425,0.0,0.0,2063.033076985677,1.4304630129391427,2019,8,23,4,2112.822509765625
2019-08-26,2142.378628284296,2175.7490119024314,2121.4029585814683,2170.314453125,2345475,0.0,0.0,2068.710803222656,1.2724320069173567,2019,8,26,0,2143.045654296875
2019-08-27,2164.307654739199,2168.931929401602,2125.2166354245264,2132.367431640625,3432106,0.0,0.0,2072.9634928385417,-1.7484572998044512,2019,8,27,1,2170.314453125
2019-08-28,2135.704581612147,2147.2887789789715,2112.8220325234456,2134.989501953125,1294621,0.0,0.0,2076.0955444335937,0.12296522042087865,2019,8,28,2,2132.367431640625
2019-08-29,2118.7332779390536,2143.522705729908,2118.7332779390536,2129.45947265625,1670652,0.0,0.0,2080.1460693359377,-0.2590190392887659,2019,8,29,3,2134.989501953125
2019-08-30,2136.658021190403,2160.494009824834,2114.728911646726,2154.39208984375,2583625,0.0,0.0,2084.670133463542,1.1708425310578585,2019,8,30,4,2129.45947265625
2019-09-03,2164.307597439928,2189.287665005498,2132.7963763939056,2146.764404296875,2545060,0.0,0.0,2090.5703287760416,-0.3540528013834421,2019,9,3,1,2154.39208984375
2019-09-04,2159.5405352392554,2164.3077328887903,2129.0304702822327,2140.85302734375,2228092,0.0,0.0,2095.923893229167,-0.2753621655591565,2019,9,4,2,2146.764404296875
2019-09-05,2137.801722988192,2148.718557292185,2104.5267818645893,2112.154296875,2055943,0.0,0.0,2099.2736368815104,-1.3405278224240202,2019,9,5,3,2140.85302734375
2019-09-06,2112.822226962457,2129.5074205418086,2090.5118326571205,2095.18359375,1890550,0.0,0.0,2101.9766479492187,-0.8034783798753997,2019,9,6,4,2112.154296875
2019-09-09,2097.5672171000992,2100.2846131952283,2078.307782843214,2081.2158203125,1703945,0.0,0.0,2104.711433919271,-0.6666610734814005,2019,9,9,0,2095.18359375
2019-09-11,2084.2185573170555,2092.79951203611,2046.605419019858,2053.70849609375,2627440,0.0,0.0,2105.5409342447915,-1.3216949414991297,2019,9,11,2,2081.2158203125
2019-09-12,2054.662056456716,2064.1964511502506,2021.6254719529416,2034.258544921875,2118859,0.0,0.0,2106.3211588541667,-0.9470648443471785,2019,9,12,3,2053.70849609375
2019-09-13,2035.5930034523567,2057.474389885632,2017.04865472966,2042.2193603515625,2291174,0.0,0.0,2106.7009236653644,0.39133744575192697,2019,9,13,4,2034.258544921875
2019-09-16,2059.381941709546,2072.2056585485434,2027.393994645019,2049.895263671875,2597948,0.0,0.0,2105.7745076497395,0.3758608633986915,2019,9,16,0,2042.2193603515625
2019-09-17,2054.6146271958514,2056.140223670928,2007.5625224228213,2023.8184814453125,2796530,0.0,0.0,2103.13505859375,-1.2721031502776592,2019,9,17,1,2049.895263671875
2019-09-18,2027.39371948342,2043.173190228458,2014.76064573584,2038.9781494140625,1454663,0.0,0.0,2101.8161417643228,0.7490626312456561,2019,9,18,2,2023.8184814453125
2019-09-19,2035.593500013415,2036.3562982308504,1993.642158561148,2004.082275390625,1652691,0.0,0.0,2098.5315551757812,-1.71143933217065,2019,9,19,3,2038.9781494140625
2019-09-20,2006.8947588383412,2030.2540271516664,1961.225098796312,1969.2816162109373,6941979,0.0,0.0,2092.710791015625,-1.7364885467541336,2019,9,20,4,2004.082275390625
2019-09-23,2001.2696050379343,2001.2696050379343,1883.043101453035,1921.9434814453125,6323401,0.0,0.0,2086.383133951823,-2.4038275874786907,2019,9,23,0,1969.2816162109373
2019-09-24,1921.180814930847,1965.0390370086727,1919.273935710072,1949.4979248046875,4620978,0.0,0.0,2081.0200439453124,1.4336760485097022,2019,9,24,1,1921.9434814453125
2019-09-25,1968.852462758164,1994.5953278886584,1964.132984038901,1991.2105712890625,4002232,0.0,0.0,2075.628340657552,2.139660984176417,2019,9,25,2,1949.4979248046875
2019-09-26,2000.22087658827,2008.897270200133,1966.9459271109988,1990.400634765625,4234281,0.0,0.0,2070.5862345377604,-0.040675583743665644,2019,9,26,3,1991.2105712890625
2019-09-27,1987.921497472688,1988.112138831448,1955.88583490768,1960.4146728515625,2046795,0.0,0.0,2066.0319661458334,-1.5065289565481588,2019,9,27,4,1990.400634765625
2019-09-30,1965.8490403233964,2006.0364162952844,1964.0850843955727,2001.5552978515625,2620039,0.0,0.0,2062.6917358398437,2.098567490323777,2019,9,30,0,1960.4146728515625
2019-10-01,1998.3615429194183,1998.3615429194183,1944.7305691805807,1964.0377197265625,3342877,0.0,0.0,2059.3499267578127,-1.8744212645671499,2019,10,1,1,2001.5552978515625
2019-10-03,1973.61976559656,1984.2505229154472,1950.880256792018,1964.32373046875,2317618,0.0,0.0,2056.0843912760415,0.01456238540200605,2019,10,3,3,1964.0377197265625
2019-10-04,1964.6574340471943,1990.733863476996,1959.2703614625584,1982.534423828125,2163251,0.0,0.0,2052.671077473958,0.9270719014848661,2019,10,4,4,1964.32373046875
2019-10-07,1983.154174862016,1996.9790477156207,1945.970034083353,1952.3580322265625,2177916,0.0,0.0,2048.269364420573,-1.5221118603980788,2019,10,7,0,1982.534423828125
2019-10-09,1964.085474236916,1964.085474236916,1921.657414235196,1926.043212890625,2066920,0.0,0.0,2042.043387858073,-1.3478480330744835,2019,10,9,2,1952.3580322265625
2019-10-10,1933.575373738144,1944.1109271368944,1904.1140688787063,1911.121826171875,2881452,0.0,0.0,2034.3125935872397,-0.7747171308973844,2019,10,10,3,1926.043212890625
2019-10-11,1841.091496795182,1902.1116189054317,1835.3708603473465,1894.341064453125,12593069,0.0,0.0,2025.1134806315104,-0.8780581901658868,2019,10,11,4,1911.121826171875
2019-10-14,1902.1119384161616,1938.1042821130088,1876.3690700766947,1926.9013671875,3510704,0.0,0.0,2018.2646118164062,1.718819453653908,2019,10,14,0,1894.341064453125
2019-10-15,1937.389106796212,1951.6906996121288,1928.5220726956795,1942.4423828125,2261310,0.0,0.0,2011.8463745117188,0.8065288597352449,2019,10,15,1,1926.9013671875
2019-10-16,1943.1097371175529,1960.2716484365496,1922.1340677276676,1951.11865234375,3034082,0.0,0.0,2005.901680501302,0.44666805090443074,2019,10,16,2,1942.4423828125
2019-10-17,1958.5092499841624,1981.8479898052249,1944.2143193265488,1974.9921875,3818774,40.0,0.0,1999.9216837565104,1.2235819245319801,2019,10,17,3,1951.11865234375
2019-10-18,1981.361860450324,2007.0343805109471,1969.2062662144324,2000.6650390625,3087901,0.0,0.0,1995.0517049153646,1.2998963603495284,2019,10,18,4,1974.9921875
2019-10-22,2022.6907549555883,2053.3228505234256,1983.8415256785315,1994.878662109375,5552505,0.0,0.0,1990.1858927408855,-0.2892226754677818,2019,10,22,1,2000.6650390625
2019-10-23,2003.241784239657,2026.4347513188784,1995.9484282290755,2013.0635986328125,2348134,0.0,0.0,1986.8828694661458,0.9115810835436333,2019,10,23,2,1994.878662109375
2019-10-24,2026.5805150452536,2041.1672270057525,2004.506005094486,2024.6356201171875,2798671,0.0,0.0,1984.531270345052,0.5748462935912357,2019,10,24,3,2013.0635986328125
2019-10-25,2036.3046588298555,2071.3127618469875,2017.876829863338,2066.40185546875,3954245,0.0,0.0,1984.037471516927,2.0629013406938457,2019,10,25,4,2024.6356201171875
2019-10-29,2063.0475825869016,2141.0378325933707,2063.0475825869016,2134.376708984375,5064173,0.0,0.0,1986.7264119466147,3.2895273170477024,2019,10,29,1,2066.40185546875
2019-10-30,2163.695648828514,2197.7313107201985,2116.8723975059565,2190.729736328125,5195136,0.0,0.0,1991.942118326823,2.6402568537474913,2019,10,30,2,2134.376708984375
2019-10-31,2188.006979196225,2221.99397345695,2175.365161094203,2207.115478515625,4879261,0.0,0.0,1997.4386555989583,0.7479581764825216,2019,10,31,3,2190.729736328125
2019-11-01,2201.621051225717,2212.317973294393,2134.5221764312937,2140.259521484375,4172620,0.0,0.0,2000.4507975260417,-3.029110061618223,2019,11,1,4,2207.115478515625
2019-11-04,2146.191954103186,2167.7802443553664,2120.810975584314,2133.50146484375,2646411,0.0,0.0,2004.1068969726562,-0.31575874667469916,2019,11,4,0,2140.259521484375
2019-11-05,2136.466884870655,2150.081148133372,2109.238358345221,2141.183349609375,2693475,0.0,0.0,2007.5137369791667,0.36005997146983937,2019,11,5,1,2133.50146484375
2019-11-06,2139.384317169294,2149.886796754545,2118.962921414496,2128.201171875,2540719,0.0,0.0,2011.651033528646,-0.6063085506779919,2019,11,6,2,2141.183349609375
2019-11-07,2143.76021148687,2143.76021148687,2115.2674562714665,2125.137939453125,1915598,0.0,0.0,2016.8462443033854,-0.14393528498888308,2019,11,7,3,2128.201171875
2019-11-08,2129.2707863181367,2129.2707863181367,2065.478145977746,2071.26416015625,2788759,0.0,0.0,2021.8236002604167,-2.53507211445948,2019,11,8,4,2125.137939453125
2019-11-11,2076.1756086898467,2080.065399057416,2033.3879146465904,2043.063720703125,2983768,0.0,0.0,2024.9424601236979,-1.3615085895657852,2019,11,11,0,2071.26416015625
2019-11-13,2059.6438052765125,2123.630898267891,2059.6438052765125,2118.57421875,3823365,0.0,0.0,2029.1879150390625,3.695944344843438,2019,11,13,2,2043.063720703125
2019-11-14,2127.229138996452,2139.3847340764314,2087.553229172605,2136.27294921875,2995915,0.0,0.0,2034.0503255208334,0.8354076204699856,2019,11,14,3,2118.57421875
2019-11-15,2135.4946203057143,2150.567555922626,2108.995427043724,2114.538330078125,2724180,0.0,0.0,2039.1877807617188,-1.0174083395370181,2019,11,15,4,2136.27294921875
2019-11-18,2118.379729306706,2127.472209213966,2089.546753307512,2093.290771484375,1611089,0.0,0.0,2042.2456298828124,-1.0048320378739595,2019,11,18,0,2114.538330078125
2019-11-19,2093.679645435764,2095.2840889815448,2047.00216146878,2050.697509765625,2975313,0.0,0.0,2045.1342895507812,-2.034751325471451,2019,11,19,1,2093.290771484375
2019-11-20,2063.4850480134683,2076.175536126918,2036.7914100317705,2050.454345703125,2894129,0.0,0.0,2048.0053100585938,-0.011857627043576624,2019,11,20,2,2050.697509765625
2019-11-21,2053.8091860312056,2068.0070149532507,2049.3358324218084,2059.7412109375,2052574,0.0,0.0,2050.5788696289064,0.4529174352911669,2019,11,21,3,2050.454345703125
2019-11-22,2039.2222297839785,2048.9467039365013,2003.7278991272717,2014.6192626953125,3742049,0.0,0.0,2052.6542439778646,-2.1906610404542115,2019,11,22,4,2059.7412109375
2019-11-25,2017.390951611232,2027.5043103599276,1995.6566556347063,2024.1494140625,2737010,0.0,0.0,2055.924450683594,0.4730497490844643,2019,11,25,0,2014.6192626953125
2019-11-26,2032.269570242472,2040.097582945942,1978.9793979922715,1990.259765625,6561580,0.0,0.0,2058.562381998698,-1.6742661486378596,2019,11,26,1,2024.1494140625
2019-11-27,1995.462297845376,2014.619466379913,1990.1625063792087,1997.698974609375,2907521,0.0,0.0,2062.007645670573,0.37378080554419935,2019,11,27,2,1990.259765625
2019-11-28,2010.0975134904336,2036.693808329668,2003.2417116062784,2020.11376953125,2924429,0.0,0.0,2065.1147257486978,1.122030656608719,2019,11,28,3,1997.698974609375
2019-11-29,2027.5530649889088,2027.5530649889088,1989.4331699548795,1996.6778564453125,2064271,0.0,0.0,2066.922574869792,-1.160128376897085,2019,11,29,4,2020.11376953125
2019-12-02,2003.2418958131225,2010.7296942515763,1960.4542048345895,1965.3651123046875,3809860,0.0,0.0,2067.3974568684894,-1.5682421698396065,2019,12,2,0,1996.6778564453125
2019-12-03,1971.8316727289628,2005.186668183965,1954.61940012113,1994.48974609375,4664774,0.0,0.0,2068.0473754882814,1.4818943109715432,2019,12,3,1,1965.3651123046875
2019-12-04,1996.43440416532,2024.6353772392572,1989.1410490599908,2021.2318115234373,3334301,0.0,0.0,2068.7329345703124,1.3407973383699812,2019,12,4,2,1994.48974609375
2019-12-05,2025.607999106901,2068.2012440745066,2011.361739205972,2062.852783203125,3902721,0.0,0.0,2070.998738606771,2.059188433627379,2019,12,5,3,2021.2318115234373
2019-12-06,2065.477995269402,2069.367784337706,2043.1117081266543,2065.089111328125,1829461,0.0,0.0,2072.7329223632814,0.10840948725034938,2019,12,6,4,2062.852783203125
2019-12-09,2069.319398763681,2069.319398763681,1996.9207372669068,2003.67919921875,2244747,0.0,0.0,2072.034375,-2.9737172973557713,2019,12,9,0,2065.089111328125
2019-12-10,2003.2417911602745,2004.068466476569,1948.055397156223,1957.390869140625,4520045,0.0,0.0,2068.400675455729,-2.310166722106677,2019,12,10,1,2003.67919921875
2019-12-11,1969.5951197539168,1991.572408726004,1951.458950786576,1985.6405029296875,4943024,0.0,0.0,2063.442801920573,1.443229057335138,2019,12,11,2,1957.390869140625
2019-12-12,1994.587224928812,2026.2402021178837,1929.3359006616224,1965.21923828125,7137306,0.0,0.0,2055.9257853190106,-1.0284472248781817,2019,12,12,3,1985.6405029296875
2019-12-13,1967.2612928815247,2020.162341926209,1951.702132878508,2014.181884765625,5711133,0.0,0.0,2049.494665527344,2.4914597583115983,2019,12,13,4,1965.21923828125
2019-12-16,2038.2498291847887,2077.1477266883157,2022.98245189744,2068.152587890625,5574177,0.0,0.0,2047.0911010742188,2.679534729867772,2019,12,16,0,2014.181884765625
2019-12-17,2067.9094920460752,2109.238508463643,2060.616136207681,2105.300048828125,6059673,0.0,0.0,2046.151053873698,1.7961663542141126,2019,12,17,1,2068.152587890625
2019-12-18,2114.100500906397,2142.7390273664387,2093.679106923401,2108.022705078125,8251081,0.0,0.0,2045.0456990559896,0.12932390570719043,2019,12,18,2,2105.300048828125
2019-12-19,2119.7409963503283,2174.878719213808,2107.828515102678,2167.634033203125,6251505,0.0,0.0,2046.360127766927,2.8278314071949584,2019,12,19,3,2108.022705078125
2019-12-20,2158.833073878764,2184.797370122364,2147.406817744496,2161.653076171875,5548338,0.0,0.0,2047.5772989908853,-0.2759209783402383,2019,12,20,4,2167.634033203125
2019-12-23,2149.108633445877,2180.178278650244,2149.108633445877,2170.210693359375,2247329,0.0,0.0,2050.875516764323,0.3958830064745955,2019,12,23,0,2161.653076171875
2019-12-24,2177.309863100101,2181.734546526213,2150.227106371537,2154.5546875,1805896,0.0,0.0,2054.5918823242187,-0.7214048805160189,2019,12,24,1,2170.210693359375
2019-12-26,2155.3325808509894,2167.5855145258656,2134.7167409816257,2141.28076171875,1880367,0.0,0.0,2055.348767089844,-0.6160867421124538,2019,12,26,3,2154.5546875
2019-12-27,2147.1637870991585,2165.056723692755,2116.045471344098,2137.925537109375,2720261,0.0,0.0,2055.4038533528646,-0.15669241835815084,2019,12,27,4,2141.28076171875
2019-12-30,2146.19190837972,2163.6959656297586,2117.115819357745,2123.047607421875,2288830,0.0,0.0,2055.6874959309894,-0.6959049522190619,2019,12,30,0,2137.925537109375
2019-12-31,2128.6875118515554,2136.4670916116343,2098.006746689958,2102.1396484375,1909289,0.0,0.0,2055.982458496094,-0.9848087678902551,2019,12,31,1,2123.047607421875
2020-01-01,2108.266569653173,2123.728392795276,2094.652302136962,2107.877685546875,1354908,0.0,0.0,2057.888464355469,0.2729617470295098,2020,1,1,2,2102.1396484375
2020-01-02,2119.8867977651016,2119.8867977651016,2089.984038302099,2098.201171875,2380752,0.0,0.0,2059.4800252278646,-0.4590642871844075,2020,1,2,3,2107.877685546875
2020-01-03,2104.3764938935165,2161.7508992261032,2104.3764938935165,2140.0166015625,4655761,0.0,0.0,2062.155871582031,1.9929180408441383,2020,1,3,4,2098.201171875
2020-01-06,2144.2469496706053,2164.6196793286736,2127.618000809615,2139.822265625,3023209,0.0,0.0,2066.329305013021,-0.009081048126358127,2020,1,6,0,2140.0166015625
2020-01-07,2139.870309962345,2153.630344460985,2123.6304873354347,2145.072998046875,2429317,0.0,0.0,2070.3600911458334,0.24538170792149927,2020,1,7,1,2139.822265625
2020-01-08,2144.2463386213417,2197.7309411719875,2141.3776665127684,2193.11181640625,5197454,0.0,0.0,2077.121826171875,2.239495737586328,2020,1,8,2,2145.072998046875
2020-01-09,2186.791208727298,2189.9029930923957,2149.108869944337,2153.339111328125,3734173,0.0,0.0,2082.3098307291666,-1.8135283746406827,2020,1,9,3,2193.11181640625
2020-01-10,2166.6130986342223,2172.447783819054,2147.164148018116,2152.561279296875,1915807,0.0,0.0,2086.724747721354,-0.03612213362763628,2020,1,10,4,2153.339111328125
2020-01-13,2156.742794678027,2157.812344485533,2124.5060174277287,2130.00048828125,2843893,0.0,0.0,2091.168835449219,-1.0480905344071978,2020,1,13,0,2152.561279296875
2020-01-14,2134.521965466529,2168.363181240078,2134.521965466529,2146.093994140625,2948452,0.0,0.0,2097.1931315104166,0.7555634821643231,2020,1,14,1,2130.00048828125
2020-01-15,2152.026773026281,2169.53083173142,2133.74470867367,2165.543701171875,2620681,0.0,0.0,2102.8949300130207,0.9062840250404935,2020,1,15,2,2146.093994140625
2020-01-16,2165.591880844253,2187.0343953871948,2153.97118087267,2177.115478515625,3117214,0.0,0.0,2108.0910522460936,0.5343589851125152,2020,1,16,3,2165.543701171875
2020-01-17,2179.0116444819337,2191.4590194440766,2152.026227485672,2157.958251953125,3281059,0.0,0.0,2111.2612345377606,-0.8799361702008346,2020,1,17,4,2177.115478515625
2020-01-20,2134.4249097195934,2180.4217236708346,2096.7912391827376,2110.551513671875,5817599,0.0,0.0,2112.776647949219,-2.196832966455353,2020,1,20,0,2157.958251953125
2020-01-21,2110.162390526209,2126.305113879973,2098.5903603219385,2111.232177734375,1902980,0.0,0.0,2116.361747233073,0.03225053063575789,2020,1,21,1,2110.551513671875
2020-01-22,2120.9077023610475,2149.108675936687,2113.808789116122,2146.093994140625,1773686,0.0,0.0,2122.6518513997394,1.6512545031243997,2020,1,22,2,2111.232177734375
2020-01-23,2153.793984028573,2161.542448427597,2128.355377787072,2135.421630859375,2069866,5.0,0.0,2127.6445556640624,-0.49729244433786013,2020,1,23,3,2146.093994140625
2020-01-24,2135.4216858123814,2135.4216858123814,2115.0026981375586,2128.06298828125,1319430,0.0,0.0,2133.0726806640623,-0.34459904647324846,2020,1,24,4,2135.421630859375
2020-01-27,2134.203635030289,2137.858594070262,2110.129685744281,2114.27197265625,1549101,0.0,0.0,2136.4090169270835,-0.6480548602623148,2020,1,27,0,2128.06298828125
2020-01-28,2118.901404192902,2132.351699887403,2097.4589796794503,2128.404296875,1743024,0.0,0.0,2138.4174072265623,0.6684250844509299,2020,1,28,1,2114.27197265625
2020-01-29,2129.622600717352,2131.5231316491227,2095.509652879773,2099.9931640625,2306761,0.0,0.0,2138.240511067708,-1.3348560165103107,2020,1,29,2,2128.404296875
2020-01-30,2105.2564992438874,2110.1297781773224,2071.143546709843,2083.66796875,2098567,0.0,0.0,2137.4286865234376,-0.7773927835516559,2020,1,30,3,2099.9931640625
2020-01-31,2085.1781112186886,2090.002846837576,2019.0966514016627,2026.3577880859373,3287223,0.0,0.0,2132.7194783528644,-2.7504468813446925,2020,1,31,4,2083.66796875
2020-02-03,2097.4590805217003,2139.0768316012927,2040.1492773852365,2049.213623046875,4728073,0.0,0.0,2128.9714965820312,1.127926918697164,2020,2,3,0,2026.3577880859373
2020-02-04,2075.042000179768,2082.5468015329734,2033.716693384652,2054.33056640625,3509339,0.0,0.0,2125.1088256835938,0.24970277875504543,2020,2,4,1,2049.213623046875
2020-02-05,2061.39726332304,2102.0403674490008,2050.9684926074874,2092.147705078125,2439322,0.0,0.0,2123.028592936198,1.8408497293612491,2020,2,5,2,2054.33056640625
2020-02-06,2090.6358765512364,2119.0957672335053,2061.88354165228,2074.407958984375,2640065,0.0,0.0,2120.7994995117188,-0.8479203476261077,2020,2,6,3,2092.147705078125
2020-02-07,2084.788493584217,2096.484361710917,2065.2953800397177,2082.400634765625,2083442,0.0,0.0,2118.9486694335938,0.3852991281986462,2020,2,7,4,2074.407958984375
2020-02-10,2086.6404309890063,2112.0790416231007,2065.295564928173,2107.156982421875,2383032,0.0,0.0,2118.418981933594,1.188836924218295,2020,2,10,0,2082.400634765625
2020-02-11,2108.180521445579,2119.6815076182834,2093.170917121373,2098.82373046875,1335820,0.0,0.0,2118.3084513346353,-0.3954737128102903,2020,2,11,1,2107.156982421875
2020-02-12,2096.581755229491,2129.62248487076,2095.509538888849,2115.733642578125,1620407,0.0,0.0,2118.5703165690106,0.8056851970888568,2020,2,12,2,2098.82373046875
2020-02-13,2117.8777843076086,2141.3182984791983,2115.9772535267816,2136.396240234375,1645948,0.0,0.0,2119.8434855143228,0.9766162072779361,2020,2,13,3,2115.733642578125
2020-02-14,2132.546512411637,2155.938247465512,2115.977366748475,2128.8427734375,1500115,0.0,0.0,2119.471024576823,-0.3535611350844903,2020,2,14,4,2136.396240234375
2020-02-17,2141.270021234159,2160.811917697046,2134.6910945564614,2147.410400390625,1774724,0.0,0.0,2119.7239624023437,0.872193436960278,2020,2,17,0,2128.8427734375
2020-02-18,2144.1938972205485,2164.710448612737,2130.646277302398,2159.593505859375,2486223,0.0,0.0,2120.207979329427,0.5673394087377881,2020,2,18,1,2147.410400390625
2020-02-19,2159.5932832569124,2173.4821264415727,2134.9832277893565,2140.68505859375,1760463,0.0,0.0,2118.460420735677,-0.8755558494838445,2020,2,19,2,2159.593505859375
2020-02-20,2148.628480246151,2158.277476448209,2096.7280644724574,2102.137451171875,2317278,0.0,0.0,2116.753698730469,-1.8007136204892027,2020,2,20,3,2140.68505859375
2020-02-24,2101.357696266386,2123.725997065995,2053.3071225041926,2061.738037109375,3092877,0.0,0.0,2113.7262573242188,-1.9218255228733327,2020,2,24,0,2102.137451171875
2020-02-25,2061.88376600363,2121.483856259024,2057.4978161350336,2101.50341796875,2674567,0.0,0.0,2112.7763549804686,1.9287310096450128,2020,2,25,1,2061.738037109375
2020-02-26,2099.4079971801275,2109.056991679557,2059.3983403582147,2069.778564453125,2686842,0.0,0.0,2110.2325073242187,-1.5096265485158855,2020,2,26,2,2101.50341796875
2020-02-27,2066.221177587173,2066.221177587173,2033.3265497187087,2052.137451171875,2349001,0.0,0.0,2106.4522989908855,-0.852318870444535,2020,2,27,3,2069.778564453125
2020-02-28,2015.587881499856,2017.0498649728968,1939.5647409016988,1949.45751953125,4298076,0.0,0.0,2098.863700358073,-5.003560145641783,2020,2,28,4,2052.137451171875
2020-03-02,1983.4243405623176,2001.8940184034795,1935.373767178232,1950.5784912109373,2667076,0.0,0.0,2091.9510416666667,0.057501723861963505,2020,3,2,0,1949.45751953125
2020-03-03,1968.8046185527453,2007.790848623097,1961.0073725386756,1984.593994140625,2757585,0.0,0.0,2087.7524576822916,1.7438674261485598,2020,3,3,1,1950.5784912109373
2020-03-04,2003.8921224683093,2041.367586603821,1973.6777957190309,2030.4027099609373,3237002,0.0,0.0,2085.058142089844,2.3082159855143836,2020,3,4,2,1984.593994140625
2020-03-05,2032.839341773496,2093.31677542636,2031.2312550529805,2071.192138671875,3937056,0.0,0.0,2082.561413574219,2.008932932901897,2020,3,5,3,2030.4027099609373
2020-03-06,2044.827708084193,2069.8275322129607,2019.096892162736,2062.81005859375,2595027,0.0,0.0,2080.1410278320313,-0.4046983339508037,2020,3,6,4,2071.192138671875
2020-03-09,2022.410487494624,2027.1862050308648,1885.958695567276,1922.362060546875,4940975,0.0,0.0,2073.2843302408855,-6.808576362218277,2020,3,9,0,2062.81005859375
2020-03-11,1884.009368054779,1936.933217345012,1871.3388446276128,1904.1846923828125,6796449,0.0,0.0,2066.2814208984373,-0.9455746415891753,2020,3,11,2,1922.362060546875
2020-03-12,1855.7444720739109,1860.0329809937568,1713.785844099212,1724.994384765625,8728786,0.0,0.0,2052.834423828125,-9.41034282724732,2020,3,12,3,1904.1846923828125
2020-03-13,1645.1214858411922,1773.8734883129994,1467.8803591696203,1760.520751953125,8029720,0.0,0.0,2041.5186767578125,2.059506251223353,2020,3,13,4,1724.994384765625
2020-03-16,1710.5208079005197,1795.5595204300469,1633.3767829967658,1653.406005859375,7844271,0.0,0.0,2027.176611328125,-6.084264895765457,2020,3,16,0,1760.520751953125
2020-03-17,1686.1545900499,1687.1292458822988,1582.012638153398,1615.9793701171875,5713248,0.0,0.0,2013.4973307291666,-2.263608309728782,2020,3,17,1,1653.406005859375
2020-03-18,1634.302771070442,1670.121369047472,1586.495860057427,1612.470458984375,7258778,0.0,0.0,1998.9392252604166,-0.2171383618936984,2020,3,18,2,1615.9793701171875
2020-03-19,1531.2775310865982,1654.735988201675,1518.563566940314,1606.53076171875,5135111,12.0,0.0,1984.0125651041667,-0.3683600671584464,2020,3,19,3,1612.470458984375
2020-03-20,1600.2964425105824,1834.9411356148948,1597.351111634796,1764.6949462890625,8547498,0.0,0.0,1973.0974731445312,9.845076629662564,2020,3,20,4,1606.53076171875
2020-03-23,1590.4785635985836,1718.1095594429144,1588.2695655935856,1639.2728271484375,7003490,0.0,0.0,1958.59296875,-7.10729746262222,2020,3,23,0,1764.6949462890625
2020-03-24,1622.9262845869391,1737.7450403000817,1603.094320129137,1672.11328125,6350865,0.0,0.0,1944.9167236328126,2.0033549972696907,2020,3,24,1,1639.2728271484375
2020-03-25,1669.0208668184544,1777.0163346714132,1649.3853272088256,1718.404296875,2765520,0.0,0.0,1931.95830078125,2.7684138475591036,2020,3,25,2,1672.11328125
2020-03-26,1798.2223612028151,1798.664232669876,1691.159673171988,1758.3131103515625,4556067,0.0,0.0,1920.6079467773438,2.3224344555666354,2020,3,26,3,1718.404296875
2020-03-27,1786.834078846516,1816.287387838492,1718.502425954297,1791.2520751953125,4331250,0.0,0.0,1909.79189453125,1.8733276030208357,2020,3,27,4,1758.3131103515625
2020-03-30,1733.8179987579506,1870.284987335162,1731.4126933004902,1746.0902099609375,8513547,0.0,0.0,1896.7816935221354,-2.5212456616107826,2020,3,30,0,1791.2520751953125
2020-03-31,1803.9170035213667,1821.196253983529,1747.5629822591277,1792.8228759765625,3927593,0.0,0.0,1885.5810302734376,2.676417618575999,2020,3,31,1,1746.0902099609375
2020-04-01,1792.6266498135665,1801.315352301887,1670.9844554396032,1677.6114501953125,4941878,0.0,0.0,1869.9210652669271,-6.426258127618634,2020,4,1,2,1792.8228759765625
2020-04-03,1708.291675294435,1708.291675294435,1619.9317610550677,1624.05517578125,5735369,0.0,0.0,1852.0697875976562,-3.1924123078575395,2020,4,3,4,1677.6114501953125
2020-04-07,1678.8385345015738,1753.3062899721442,1673.929649897768,1742.850341796875,5427577,0.0,0.0,1838.8086303710938,7.3147247573333685,2020,4,7,1,1624.05517578125
2020-04-08,1727.92744079434,1773.089180724192,1670.0026004495296,1674.3714599609375,6285615,0.0,0.0,1824.5497639973958,-3.929131503358796,2020,4,8,2,1742.850341796875
2020-04-09,1718.5514834577896,1746.3849569888118,1699.6522764085307,1733.9654541015625,5307397,0.0,0.0,1813.6240112304688,3.559185973106316,2020,4,9,3,1674.3714599609375
2020-04-13,1728.9090274508849,1754.4352254711705,1714.1823747468738,1727.19091796875,2990438,0.0,0.0,1801.1469278971354,-0.3906961420014343,2020,4,13,0,1733.9654541015625
2020-04-15,1752.4717041209556,1778.979679477407,1696.3141153782042,1703.5301513671875,4761399,0.0,0.0,1788.9386474609375,-1.369898738779185,2020,4,15,2,1727.19091796875
2020-04-16,1678.789506900017,1732.7382241119742,1644.5255860136951,1684.7784423828125,6245533,0.0,0.0,1776.6933471679688,-1.1007559196604566,2020,4,16,3,1703.5301513671875
2020-04-17,1767.1984315093075,1818.2016938581532,1721.0549169087867,1773.285400390625,9895823,0.0,0.0,1770.8209431966145,5.2533292082391325,2020,4,17,4,1684.7784423828125
2020-04-20,1796.651811361248,1796.651811361248,1769.6529453435244,1785.5086669921875,3244282,0.0,0.0,1765.3186157226562,0.6893005829106791,2020,4,20,0,1773.285400390625
2020-04-21,1732.8363168254427,1761.896890577544,1696.2159886505208,1705.9847412109375,5122541,0.0,0.0,1756.031640625,-4.4538526892290875,2020,4,21,1,1785.5086669921875
2020-04-22,1705.9847013027309,1757.380699465995,1687.8218281518257,1737.2542724609375,3829836,0.0,0.0,1746.2600260416666,1.8329314732208113,2020,4,22,2,1705.9847412109375
2020-04-23,1747.5628805903102,1865.3761084952748,1728.7618290013136,1844.0224609375,5934366,0.0,0.0,1738.6877034505208,6.1458008864366365,2020,4,23,3,1737.2542724609375
2020-04-24,1807.1567860523617,1818.2017767528532,1774.8564202360233,1785.4105224609375,2987102,0.0,0.0,1729.4410522460937,-3.178482893682555,2020,4,24,4,1844.0224609375
2020-04-27,1798.9099008723774,1840.8317274744013,1791.7428814084174,1803.1314697265625,3374741,0.0,0.0,1725.46669921875,0.9925418856162604,2020,4,27,0,1785.4105224609375
2020-04-28,1831.0140102609844,1833.959341108589,1799.2044131376888,1825.1724853515625,2678505,0.0,0.0,1722.832958984375,1.2223742968859863,2020,4,28,1,1803.1314697265625
2020-04-29,1839.849834140292,1877.6973800007647,1816.3363263007816,1870.923095703125,4241510,0.0,0.0,1727.6972493489584,2.5066458495702104,2020,4,29,2,1825.1724853515625
2020-04-30,1943.9183113896215,1994.970711486723,1906.8070956884023,1977.740478515625,5915544,0.0,0.0,1734.9379069010417,5.709341183388195,2020,4,30,3,1870.923095703125
2020-05-04,1930.1734582856493,1930.1734582856493,1878.777459599038,1895.271240234375,3729348,0.0,0.0,1743.0000813802083,-4.169871587153162,2020,5,4,0,1977.740478515625
2020-05-05,1919.472110026428,1940.9730494139867,1891.884201426784,1897.5294189453125,2905528,0.0,0.0,1752.3850830078125,0.11914804926065337,2020,5,5,1,1895.271240234375
2020-05-06,1904.4507945096163,1918.0973969407037,1859.0926318239103,1868.910400390625,3517431,0.0,0.0,1760.9330810546876,-1.5082252885752157,2020,5,6,2,1897.5294189453125
2020-05-07,1875.1939273367864,1899.1983252222217,1849.029548308186,1857.1783447265625,3166754,0.0,0.0,1769.2880004882813,-0.62774842826121,2020,5,7,3,1868.910400390625
2020-05-08,1903.763517631354,1904.1562523511943,1851.8766336671515,1858.8963623046875,2686530,0.0,0.0,1772.428047688802,0.09250687113617762,2020,5,8,4,1857.1783447265625
2020-05-11,1874.2120571253477,1915.8394206555963,1874.2120571253477,1900.0328369140625,2449841,0.0,0.0,1781.120048014323,2.212951482586867,2020,5,11,0,1858.8963623046875
2020-05-12,1898.1674154602688,1920.846437080972,1875.4392570579744,1913.9739990234373,3256595,0.0,0.0,1789.1820719401042,0.7337326933789967,2020,5,12,1,1900.0328369140625
2020-05-13,1957.6632438476631,1957.6632438476631,1890.558813094165,1914.1214599609373,2656665,0.0,0.0,1795.7059773763021,0.007704437864641811,2020,5,13,2,1913.9739990234373
2020-05-14,1875.1938446556676,1888.0550978409497,1856.638237616352,1867.6832275390625,2263146,0.0,0.0,1799.3516479492187,-2.426085982172854,2020,5,14,3,1914.1214599609373
2020-05-15,1881.0845399940683,1882.4590516229343,1831.2102255465056,1858.405517578125,3173682,0.0,0.0,1801.5900960286458,-0.49674965348177613,2020,5,15,4,1867.6832275390625
2020-05-18,1872.248457008267,1917.36105542523,1837.9844208998356,1910.14501953125,3727694,0.0,0.0,1807.0585896809896,2.784080302374048,2020,5,18,0,1858.405517578125
2020-05-19,1868.3215073836984,1930.6152059737456,1868.3215073836984,1913.1396484375,3198693,0.0,0.0,1811.0691487630208,0.15677495036396927,2020,5,19,1,1910.14501953125
2020-05-20,1914.46501666376,1927.129963050853,1896.4984508767427,1917.9993896484373,2778505,0.0,0.0,1819.082080078125,0.2540191571956729,2020,5,20,2,1913.1396484375
2020-05-21,1910.538034356492,1961.590438152246,1905.7764398947068,1954.914306640625,3400908,0.0,0.0,1830.1107177734375,1.924657389956419,2020,5,21,3,1917.9993896484373
2020-05-22,1941.071227023316,1994.970806745597,1925.510085989076,1983.5330810546875,3663418,0.0,0.0,1838.133475748698,1.463940097877825,2020,5,22,4,1954.914306640625
2020-05-26,1978.2804665636656,1987.1164587220148,1889.920544980177,1907.592529296875,4575317,0.0,0.0,1845.9075113932292,-3.8285497974872795,2020,5,26,1,1983.5330810546875
2020-05-27,1923.30112370672,1973.3717502044449,1905.8745821315315,1968.7574462890625,3482160,0.0,0.0,1853.7339111328124,3.2063931920897515,2020,5,27,2,1907.592529296875
2020-05-28,1952.263389547108,1977.2987008035575,1935.3768745987295,1967.7755126953125,3475681,0.0,0.0,1861.753397623698,-0.04987580342112885,2020,5,28,3,1968.7574462890625
2020-05-29,1945.8818862408773,1966.155603928948,1926.6390822734509,1936.40771484375,7237735,0.0,0.0,1869.5159830729167,-1.5940740012867272,2020,5,29,4,1967.7755126953125
2020-06-01,1953.736191924314,2022.4605805849685,1944.9983528254377,2007.9793701171875,3747773,0.0,0.0,1880.2893473307292,3.6961046335850067,2020,6,1,0,1936.40771484375
2020-06-02,2022.656721127711,2043.0777285828665,2002.874012472432,2009.8446044921875,2443886,0.0,0.0,1888.1746541341147,0.09289111246650883,2020,6,2,1,2007.9793701171875
2020-06-03,2020.3807171930976,2032.0981098326752,1989.0191068986087,2014.76806640625,3699799,6.0,0.0,1895.8166341145834,0.24496729264831263,2020,6,3,2,2009.8446044921875
2020-06-04,2015.3584959955008,2067.791787756468,2015.3584959955008,2059.471435546875,4048593,0.0,0.0,1907.5995239257813,2.218784875837465,2020,6,4,3,2014.76806640625
2020-06-05,2059.5207996410604,2065.8225453750533,2009.0075501424992,2016.8355712890625,3573289,0.0,0.0,1916.9189005533854,-2.070233338608596,2020,6,5,4,2059.471435546875
2020-06-08,2046.375650580116,2062.8687539830835,2030.473441069472,2039.975341796875,2957841,0.0,0.0,1923.450663248698,1.1473305428177705,2020,6,8,0,2016.8355712890625
2020-06-09,2031.4577026990617,2063.3606778662293,2028.6513178591736,2040.2703857421875,2909439,0.0,0.0,1931.9459920247396,0.014463113316498521,2020,6,9,1,2039.975341796875
2020-06-10,2045.1939516316804,2099.301125333432,2041.6983505529413,2076.40771484375,5168397,0.0,0.0,1941.0552001953124,1.771202942222616,2020,6,10,2,2040.2703857421875
2020-06-11,2067.7919267397438,2072.7152408510283,2030.1778550087645,2035.93798828125,2269513,0.0,0.0,1948.0807169596353,-1.9490260160946016,2020,6,11,3,2076.40771484375
2020-06-12,1980.3538423695527,2017.7710300371411,1980.156957882121,2008.2198486328125,2842642,0.0,0.0,1952.657275390625,-1.3614432172286972,2020,6,12,4,2035.93798828125
2020-06-15,2007.8260623660017,2027.4208777937213,1970.2611493084928,1998.7672119140625,2399022,0.0,0.0,1953.3581665039062,-0.4706973056354036,2020,6,15,0,2008.2198486328125
2020-06-16,2033.3288187964167,2042.1415033700707,1999.8502813440791,2014.42333984375,2146528,0.0,0.0,1957.329903157552,0.7832892112881407,2020,6,16,1,1998.7672119140625
2020-06-17,2014.620136963388,2027.2731504043595,1995.468493124769,2016.392578125,2703527,0.0,0.0,1961.2920084635416,0.09775692339837327,2020,6,17,2,2014.42333984375
2020-06-18,2013.6355062240527,2027.6176704618692,1994.139133928071,2006.84130859375,1944389,0.0,0.0,1965.8897054036458,-0.47368104975528125,2020,6,18,3,2016.392578125
2020-06-19,2010.681599771884,2057.945417983956,2000.8349709777024,2013.24169921875,5681758,0.0,0.0,1971.091817220052,0.3189285868091307,2020,6,19,4,2006.84130859375
2020-06-22,2018.558910552156,2020.7744020393468,1988.1820846451749,1996.8470458984373,3196138,0.0,0.0,1975.6901733398438,-0.8143410364823467,2020,6,22,0,2013.24169921875
2020-06-23,1995.9116008357853,2012.6508693183744,1979.172332353196,2004.0843505859373,4205944,0.0,0.0,1979.1585571289063,0.36243660736887673,2020,6,23,1,1996.8470458984373
2020-06-24,2002.8042307029737,2032.5902818233103,2000.4410158306653,2010.87841796875,2560937,0.0,0.0,1982.3887044270834,0.33901104915201596,2020,6,24,2,2004.0843505859373
2020-06-25,2003.7888624961256,2028.4054332884616,1978.43379458002,1985.1787109375,3043931,0.0,0.0,1984.7572794596354,-1.2780338583180062,2020,6,25,3,2010.87841796875
2020-06-26,1993.9423204333316,2099.301247982154,1988.9697248389343,2086.35302734375,6300722,0.0,0.0,1992.0462727864583,5.09648405198091,2020,6,26,4,1985.1787109375
2020-06-29,2075.6694538029205,2094.9689433648905,2059.2256309720565,2069.416748046875,3076341,0.0,0.0,1999.07998046875,-0.81176479123658,2020,6,29,0,2086.35302734375
2020-06-30,2067.7921497438115,2079.5095424338706,2043.2248577582427,2050.2158203125,3071725,0.0,0.0,2003.7490071614584,-0.9278424827911969,2020,6,30,1,2069.416748046875
2020-07-01,2047.8034280990007,2081.52813313295,2047.606543594105,2059.964111328125,2503466,0.0,0.0,2008.643155924479,0.47547633371296527,2020,7,1,2,2050.2158203125
2020-07-02,2069.7611302619853,2131.794884403995,2065.8224792053497,2124.065185546875,3758699,0.0,0.0,2015.5120157877604,3.1117568440268695,2020,7,2,3,2059.964111328125
2020-07-03,2130.4654709439365,2171.181371969039,2127.117713739736,2165.913330078125,4185208,0.0,0.0,2022.5453165690103,1.9701911606105238,2020,7,3,4,2124.065185546875
2020-07-06,2171.181681319024,2235.086206982581,2171.181681319024,2228.489013671875,5190366,0.0,0.0,2030.7105143229167,2.8891130002645538,2020,7,6,0,2165.913330078125
2020-07-07,2240.108058501685,2267.383172277606,2197.91515781274,2235.086181640625,5630055,0.0,0.0,2041.6269694010416,0.29603771561250714,2020,7,7,1,2228.489013671875
2020-07-08,2235.1842789230573,2239.516698547527,2173.741423978086,2184.867919921875,2793358,0.0,0.0,2048.8306518554687,-2.246815453079676,2020,7,8,2,2235.086181640625
2020-07-09,2194.813345371557,2210.075618522413,2157.445440800794,2170.54150390625,3443998,0.0,0.0,2055.5895182291665,-0.6557108502987852,2020,7,9,3,2184.867919921875
2020-07-10,2171.427793766848,2215.3438539212507,2142.626404823336,2188.265625,9610320,0.0,0.0,2063.9847819010415,0.8165760047367243,2020,7,10,4,2170.54150390625
2020-07-13,2185.95166015625,2210.518951681014,2176.105031056447,2185.95166015625,2963503,0.0,0.0,2069.9171915690104,-0.10574423951617007,2020,7,13,0,2188.265625
2020-07-14,2176.104897234324,2204.660119867716,2131.795069010096,2138.638427734375,2976738,0.0,0.0,2074.2103190104167,-2.1644226303930703,2020,7,14,1,2185.95166015625
2020-07-15,2151.488506515918,2225.33822641921,2147.648417239436,2199.638427734375,5569321,0.0,0.0,2080.372664388021,2.8522820505297863,2020,7,15,2,2138.638427734375
2020-07-16,2214.540184689283,2302.3717695544105,2190.9540464760994,2205.41162109375,8582118,5.0,0.0,2085.237337239583,0.26246101570981395,2020,7,16,3,2199.638427734375
2020-07-17,2207.632009551076,2214.441327958246,2161.2984310737,2171.85791015625,4509135,0.0,0.0,2090.404748535156,-1.5214262324807826,2020,7,17,4,2205.41162109375
2020-07-20,2172.1045003526265,2197.6643796981757,2162.038457715731,2178.913818359375,2952646,0.0,0.0,2095.0360310872397,0.32487890529713237,2020,7,20,0,2171.85791015625
2020-07-21,2200.723833788412,2209.2601773973056,2172.252489609384,2195.8388671875,2665286,0.0,0.0,2100.221647135417,0.7767654087791787,2020,7,21,1,2178.913818359375
2020-07-22,2201.710783584505,2201.710783584505,2155.5251393993126,2162.1865234375,2861534,0.0,0.0,2103.0809407552083,-1.5325506918047682,2020,7,22,2,2195.8388671875
2020-07-23,2162.1865169829475,2162.1865169829475,2134.603500975742,2142.69580078125,2265766,0.0,0.0,2106.6395345052083,-0.90143576629379,2020,7,23,3,2162.1865234375
2020-07-24,2126.215072747663,2134.603482178322,2097.2011412087486,2129.076904296875,3665100,0.0,0.0,2110.668103027344,-0.6355963585409241,2020,7,24,4,2142.69580078125
2020-07-27,2136.577086670473,2185.9206683487746,2135.096779220124,2177.828369140625,4248480,0.0,0.0,2116.6368082682293,2.2897935131117375,2020,7,27,0,2129.076904296875
2020-07-28,2185.9209045681014,2289.542437290291,2185.9209045681014,2279.427001953125,8092319,0.0,0.0,2125.470263671875,4.665134968950335,2020,7,28,1,2177.828369140625
2020-07-29,2261.909989390414,2311.2535755464,2216.563281900158,2246.16943359375,6090431,0.0,0.0,2133.1294921875,-1.4590319554378506,2020,7,29,2,2279.427001953125
2020-07-30,2255.8898569311746,2327.043400802328,2242.4191549928287,2249.573974609375,7098496,0.0,0.0,2141.2205810546875,0.15157097967350985,2020,7,30,3,2246.16943359375
2020-07-31,2272.9136803104243,2304.148317211374,2227.813687425736,2251.44921875,4723290,0.0,0.0,2149.1608317057294,0.08335996778903176,2020,7,31,4,2249.573974609375
2020-08-03,2260.38012982226,2273.604354536052,2201.414548545193,2224.556640625,4012337,0.0,0.0,2156.751151529948,-1.1944563484283521,2020,8,3,0,2251.44921875
2020-08-04,2230.2807184374897,2239.853326033158,2195.838991428334,2220.165283203125,2927928,0.0,0.0,2163.953849283854,-0.1974037136964646,2020,8,4,1,2224.556640625
2020-08-05,2230.330105785987,2269.8049749149427,2223.42200368842,2229.836669921875,3800641,0.0,0.0,2171.2524576822916,0.43561561798663995,2020,8,5,2,2220.165283203125
2020-08-06,2245.13327617221,2289.0490699259085,2235.6100599683573,2277.798828125,4748047,0.0,0.0,2181.0064615885417,2.150926964745148,2020,8,6,3,2229.836669921875
2020-08-07,2277.6998951472247,2297.437329247287,2256.975589342159,2265.216064453125,3165491,0.0,0.0,2186.9685628255206,-0.5524089097118656,2020,8,7,4,2277.798828125
2020-08-10,2287.5686469029124,2294.47674894274,2246.169426437041,2252.830810546875,2929353,0.0,0.0,2193.0823649088543,-0.5467581702516378,2020,8,10,0,2265.216064453125
2020-08-11,2253.028148722435,2281.647428754389,2245.725394329853,2249.96875,2774423,0.0,0.0,2199.7407958984377,-0.12704285352792555,2020,8,11,1,2252.830810546875
2020-08-12,2258.307865287932,2266.251989422797,2217.0565816077565,2227.71484375,3415751,0.0,0.0,2205.332486979167,-0.9890762371699613,2020,8,12,2,2249.96875
2020-08-13,2243.159054677776,2269.804586783496,2220.9544445896768,2224.8525390625,2695682,0.0,0.0,2208.6920654296873,-0.12848613436905465,2020,8,13,3,2227.71484375
2020-08-14,2247.106435800426,2251.350031494733,2203.7828727404126,2212.7138671875,2270405,0.0,0.0,2210.2520833333333,-0.5455944455588502,2020,8,14,4,2224.8525390625
2020-08-17,2233.2904701511147,2240.198571472837,2208.8653976207397,2223.81640625,2625630,0.0,0.0,2210.096329752604,0.5017611733329153,2020,8,17,0,2212.7138671875
2020-08-18,2233.093194587783,2258.9491833618445,2218.783555811572,2239.951904296875,3493374,0.0,0.0,2210.2585205078126,0.7255768957152409,2020,8,18,1,2223.81640625
2020-08-19,2246.4653240039847,2254.6070149249526,2222.928339331004,2226.974609375,2843005,0.0,0.0,2211.662076822917,-0.5793559628213818,2020,8,19,2,2239.951904296875
2020-08-20,2227.369591405158,2246.66298275219,2210.642163041828,2223.274169921875,2895164,0.0,0.0,2213.4198323567707,-0.1661644204449919,2020,8,20,3,2226.974609375
2020-08-21,2230.3300751574384,2241.185664018824,2211.62890435151,2219.079833984375,1975294,0.0,0.0,2214.44697265625,-0.1886558119661541,2020,8,21,4,2223.274169921875
2020-08-24,2221.053605098681,2230.280711184587,2200.723951148854,2218.58642578125,2167966,0.0,0.0,2215.5347981770833,-0.022234810824228735,2020,8,24,0,2219.079833984375
2020-08-25,2215.5272529815825,2220.4616121196264,2204.227618742564,2213.2080078125,1663419,0.0,0.0,2218.0204508463544,-0.2424254428968653,2020,8,25,1,2218.58642578125
2020-08-26,2212.566502021162,2230.231410279516,2187.351880182573,2223.91552734375,2618149,0.0,0.0,2218.8296875,0.48380086704244984,2020,8,26,2,2213.2080078125
2020-08-27,2236.251117168177,2257.320922876668,2212.319480102278,2218.882080078125,3579393,0.0,0.0,2219.278702799479,-0.22633266433625954,2020,8,27,3,2223.91552734375
2020-08-28,2238.6193484329,2250.017763128329,2205.756718261098,2209.161376953125,2941136,0.0,0.0,2220.522151692708,-0.4380901180948582,2020,8,28,4,2218.882080078125
2020-08-31,2210.5926736072656,2246.3173820204297,2198.750212855798,2227.6162109375,6018154,0.0,0.0,2222.1455647786456,0.8353773597937764,2020,8,31,0,2209.161376953125
2020-09-01,2239.2119229870505,2248.093768428603,2211.8756246484777,2216.859375,3610908,0.0,0.0,2222.8462483723956,-0.48288551163725435,2020,9,1,1,2227.6162109375
2020-09-02,2217.5007283855,2238.9651880394317,2212.2208683722965,2235.412353515625,2084137,0.0,0.0,2225.287109375,0.8369037172520244,2020,9,2,2,2216.859375
2020-09-03,2238.224823416096,2293.489633870814,2238.224823416096,2269.311279296875,4654146,0.0,0.0,2229.5076253255206,1.5164506775645847,2020,9,3,3,2235.412353515625
2020-09-04,2245.1328330626648,2293.7362581300654,2233.240982397156,2258.751708984375,5231303,0.0,0.0,2233.830118815104,-0.46532048771078527,2020,9,4,4,2269.311279296875
2020-09-07,2258.949240825016,2312.733746558945,2253.3735122928406,2296.499755859375,4620401,0.0,0.0,2237.7858317057294,1.6711906282064648,2020,9,7,0,2258.751708984375
2020-09-08,2305.282649159313,2359.067150970302,2296.499588357018,2317.371826171875,7453998,0.0,0.0,2239.0506591796875,0.9088644690358194,2020,9,8,1,2296.499755859375
2020-09-09,2294.4769271287955,2328.030568213689,2289.5425681457227,2297.092041015625,3866535,0.0,0.0,2240.748079427083,-0.8751200358619537,2020,9,9,2,2317.371826171875
2020-09-10,2304.345206364633,2317.667973082373,2293.785728338404,2300.545654296875,2308813,0.0,0.0,2242.4471354166667,0.15034718764350696,2020,9,10,3,2297.092041015625
2020-09-11,2300.3484717702013,2351.7151903980066,2299.558926246844,2342.93212890625,4145424,0.0,0.0,2245.4965657552084,1.8424530949953999,2020,9,11,4,2300.545654296875
2020-09-14,2352.8009944930536,2472.853844411449,2350.5805330943003,2458.692138671875,7512131,0.0,0.0,2253.3010823567706,4.940817889576055,2020,9,14,0,2342.93212890625
2020-09-15,2458.692138671875,2504.6804577935777,2432.244168981778,2458.692138671875,7318770,0.0,0.0,2261.2519775390624,0.0,2020,9,15,1,2458.692138671875
2020-09-16,2456.274539621982,2474.679843412129,2444.777579426956,2470.14013671875,3074003,0.0,0.0,2269.2620930989583,0.46561331802439376,2020,9,16,2,2458.692138671875
2020-09-17,2447.4417996496245,2462.9850288207867,2418.4278682376444,2428.641845703125,4828176,0.0,0.0,2274.2901936848957,-1.679997438151426,2020,9,17,3,2470.14013671875
2020-09-18,2452.376108518464,2467.573835915377,2404.414048814701,2417.73681640625,4183256,0.0,0.0,2279.37421875,-0.44901759871134317,2020,9,18,4,2428.641845703125
2020-09-21,2432.6387047603807,2472.014788637689,2419.9573072275025,2432.934814453125,4598809,0.0,0.0,2285.377685546875,0.6286043188714618,2020,9,21,0,2417.73681640625
2020-09-22,2452.376388897894,2521.4574139372708,2425.7308506684194,2489.828125,7499613,0.0,0.0,2293.372998046875,2.3384642370561703,2020,9,22,1,2432.934814453125
2020-09-23,2477.047584888205,2486.7683660078574,2377.3735585640184,2435.05615234375,7502280,0.0,0.0,2300.284375,-2.199829462375036,2020,9,23,2,2489.828125
2020-09-24,2417.8354815126218,2417.8354815126218,2272.370700346004,2301.63134765625,8424708,0.0,0.0,2302.8436686197915,-5.479331741860582,2020,9,24,3,2435.05615234375
2020-09-25,2336.91208831192,2407.9668477538366,2321.220925309349,2390.499267578125,8228267,0.0,0.0,2308.7698486328127,3.8610840094947863,2020,9,25,4,2301.63134765625
2020-09-28,2407.966871014401,2411.914357688196,2334.9383675492104,2394.44677734375,4347166,0.0,0.0,2314.457527669271,0.16513327651526133,2020,9,28,0,2390.499267578125
2020-09-29,2402.884658452568,2478.084233909793,2394.446857218768,2455.7314453125,6995811,0.0,0.0,2321.650179036458,2.559449996910579,2020,9,29,1,2394.44677734375
2020-09-30,2456.323597553049,2472.113544343266,2427.704318995782,2459.580322265625,3917166,0.0,0.0,2329.403702799479,0.15673036888752545,2020,9,30,2,2455.7314453125
2020-10-01,2477.047913173029,2506.6540635296788,2459.5803326497,2490.3212890625,2610337,0.0,0.0,2338.3052734375,1.2498460212333473,2020,10,1,3,2459.580322265625
2020-10-05,2585.6037084687778,2692.2846296084103,2568.876282282379,2670.27734375,17412105,0.0,0.0,2353.3451904296876,7.226218379044802,2020,10,5,0,2490.3212890625
2020-10-06,2700.081084224332,2700.081084224332,2615.308898019991,2678.666015625,9846367,0.0,0.0,2368.6811767578124,0.31414983520847706,2020,10,6,1,2670.27734375
2020-10-07,2706.00236060462,2733.6347698303416,2667.5143620402214,2700.03173828125,9656101,0.0,0.0,2384.9086344401044,0.7976254796835835,2020,10,7,2,2678.666015625
2020-10-08,2763.2409592928743,2847.1250598428364,2763.2409592928743,2788.603515625,19839329,0.0,0.0,2403.7315673828125,3.280397637108212,2020,10,8,3,2700.03173828125
2020-10-09,2773.10952857108,2792.699028554572,2743.503377020499,2776.020751953125,7739245,0.0,0.0,2422.3028564453125,-0.45122096423431124,2020,10,9,4,2788.603515625
2020-10-12,2778.5372841123976,2816.5318447369145,2763.9809264705373,2792.846923828125,4623203,0.0,0.0,2441.759041341146,0.6061255796867338,2020,10,12,0,2776.020751953125
2020-10-13,2807.649872611207,2817.419805670712,2775.2804339771374,2789.442138671875,4209878,0.0,0.0,2460.486572265625,-0.12191091202317095,2020,10,13,1,2792.846923828125
2020-10-14,2816.647248091392,2816.647248091392,2762.683030946081,2784.536376953125,4395936,12.0,0.0,2479.409138997396,-0.17586891840265517,2020,10,14,2,2789.442138671875
2020-10-15,2785.9239874257696,2802.524566148424,2702.673323980816,2716.152099609375,6629355,0.0,0.0,2495.433797200521,-2.455858645257736,2020,10,15,3,2784.536376953125
2020-10-16,2725.56721600086,2746.9247808464197,2706.934877203875,2738.6494140625,5273773,0.0,0.0,2511.078401692708,0.8282788896969429,2020,10,16,4,2716.152099609375
2020-10-19,2749.253687184695,2749.253687184695,2682.455046220585,2687.36083984375,3331194,0.0,0.0,2525.365372721354,-1.87276888948954,2020,10,19,0,2738.6494140625
2020-10-20,2700.691052116848,2735.2796223845608,2693.7038947637825,2714.566162109375,3406273,0.0,0.0,2539.300919596354,1.0123434807216558,2020,10,20,1,2687.36083984375
2020-10-21,2714.565937225725,2724.4767292564875,2639.2935201446267,2651.533203125,4570143,0.0,0.0,2550.439632161458,-2.322026991428894,2020,10,21,2,2714.566162109375
2020-10-22,2637.2619312806933,2662.6830177114484,2614.5663128360416,2647.3212890625,5262294,0.0,0.0,2562.1139404296873,-0.15884824891259086,2020,10,22,3,2651.533203125
2020-10-23,2663.8228663630284,2677.89614337237,2646.2808119658994,2662.831787109375,3499091,0.0,0.0,2574.190144856771,0.5858940549058778,2020,10,23,4,2647.3212890625
2020-10-26,2665.9536269992323,2685.775212347597,2646.677183640489,2664.21923828125,2672752,0.0,0.0,2584.8997151692706,0.052104349159098895,2020,10,26,0,2662.831787109375
2020-10-27,2675.6662248096973,2693.901986358348,2600.691175782445,2606.68701171875,3537502,0.0,0.0,2589.8328776041667,-2.1594403994926292,2020,10,27,1,2664.21923828125
2020-10-28,2626.360158543372,2632.2570320162363,2582.7526691185008,2598.80810546875,3569445,0.0,0.0,2594.503409830729,-0.3022574714409254,2020,10,28,2,2606.68701171875
2020-10-29,2584.7347872188698,2631.315513829026,2577.053922724642,2609.164794921875,3105968,0.0,0.0,2599.1375651041667,0.3985168982400422,2020,10,29,3,2598.80810546875
2020-10-30,2612.5843497817773,2650.493134606755,2598.21369932525,2641.077880859375,3427003,0.0,0.0,2606.2187662760416,1.2231149983171319,2020,10,30,4,2609.164794921875
2020-11-02,2636.2706813234777,2641.077512245556,2576.855531465888,2581.364990234375,2571196,0.0,0.0,2611.6730387369794,-2.2609288070509326,2020,11,2,0,2641.077880859375
2020-11-03,2580.770643722492,2641.2264844548545,2577.847008014048,2610.106689453125,2879269,0.0,0.0,2617.5787679036457,1.1134302714836286,2020,11,3,1,2581.364990234375
2020-11-04,2586.7169588182974,2697.569274700636,2586.7169588182974,2629.48193359375,4893928,0.0,0.0,2622.233894856771,0.7423161750022,2020,11,4,2,2610.106689453125
2020-11-05,2661.0479920826333,2685.8249752491383,2643.2085642027496,2661.74169921875,2816502,0.0,0.0,2629.790079752604,1.226848726848262,2020,11,5,3,2629.48193359375
2020-11-06,2674.92279233506,2689.0456711015568,2657.380738680793,2683.29736328125,3884421,0.0,0.0,2642.5122802734377,0.8098330528776287,2020,11,6,4,2661.74169921875
2020-11-09,2706.736712218576,2719.521538116326,2671.057858219965,2702.27685546875,3646592,0.0,0.0,2652.9048665364585,0.7073197494701366,2020,11,9,0,2683.29736328125
2020-11-10,2673.139097716068,2688.946764502387,2614.814224819963,2625.9638671875,4760020,0.0,0.0,2660.622102864583,-2.8240255296866135,2020,11,10,1,2702.27685546875
2020-11-11,2644.1497347666623,2668.77814996532,2619.8186917240887,2663.82275390625,3242441,0.0,0.0,2667.5584798177083,1.4417139242398624,2020,11,11,2,2625.9638671875
2020-11-12,2662.038999248763,2688.7981403432223,2638.00532622874,2647.222412109375,2437505,0.0,0.0,2673.8132161458334,-0.6231774157095193,2020,11,12,3,2663.82275390625
2020-11-13,2632.058885892324,2641.1271648225365,2612.485069457654,2633.149169921875,2548093,0.0,0.0,2678.5741455078123,-0.5316229616039725,2020,11,13,4,2647.222412109375
2020-11-17,2670.9587879863457,2670.9587879863457,2626.4098206015306,2642.26708984375,2827273,0.0,0.0,2677.6404703776043,0.34627434047518335,2020,11,17,1,2633.149169921875
2020-11-18,2637.261931349325,2640.433336613422,2583.79325324946,2603.21826171875,2893762,0.0,0.0,2675.1255452473956,-1.4778531767320024,2020,11,18,2,2642.26708984375
2020-11-19,2613.475913691856,2652.276568526432,2607.3808732493267,2613.376708984375,4167501,0.0,0.0,2672.2370442708334,0.3902264906100461,2020,11,19,3,2603.21826171875
2020-11-20,2631.3153886647165,2652.1280527558497,2604.110311852419,2636.5185546875,2711471,0.0,0.0,2667.167545572917,0.8855151124431027,2020,11,20,4,2613.376708984375
2020-11-23,2666.003047176115,2705.646215163864,2641.226067183772,2699.947509765625,3706418,0.0,0.0,2664.631770833333,2.405784513268605,2020,11,23,0,2636.5185546875
2020-11-24,2710.007017603818,2718.5303959803823,2680.869384297096,2697.767333984375,3120516,0.0,0.0,2661.462451171875,-0.08074882098131342,2020,11,24,1,2699.947509765625
2020-11-25,2704.655485707701,2708.5702006601705,2664.2194007388,2677.20263671875,3302249,0.0,0.0,2657.7211344401044,-0.7622857985774778,2020,11,25,2,2697.767333984375
2020-11-26,2662.038883202505,2706.587847393713,2656.092407662961,2696.330322265625,2341099,0.0,0.0,2654.7809326171873,0.7144653633808673,2020,11,26,3,2677.20263671875
2020-11-27,2680.8695630386947,2693.4562220215994,2645.2403098448285,2655.74560546875,6086808,0.0,0.0,2652.7673828125,-1.5051834139807152,2020,11,27,4,2696.330322265625
2020-12-01,2655.1012186169664,2711.4935292000487,2601.0377990129464,2702.474853515625,3605017,0.0,0.0,2651.561564127604,1.7595528709771546,2020,12,1,1,2655.74560546875
2020-12-02,2694.744453482579,2730.125933957021,2678.342043668509,2725.02197265625,2509032,0.0,0.0,2652.816935221354,0.8343137443552306,2020,12,2,2,2702.474853515625
2020-12-03,2749.1547982234924,2749.1547982234924,2676.707045919195,2685.27978515625,2852548,0.0,0.0,2651.84072265625,-1.458417139340007,2020,12,3,3,2725.02197265625
2020-12-04,2686.6176842506143,2714.4175056569597,2674.9229006864903,2703.21826171875,2686527,0.0,0.0,2653.5635579427085,0.6680300749910995,2020,12,4,4,2685.27978515625
2020-12-07,2690.780137527412,2719.521435497318,2682.008989465307,2713.277587890625,1996400,0.0,0.0,2655.762101236979,0.37212408314670764,2020,12,7,0,2703.21826171875
2020-12-08,2715.557298772944,2780.5225956817526,2708.074601619181,2772.34619140625,4277818,0.0,0.0,2659.4125813802084,2.177020286433229,2020,12,8,1,2713.277587890625
2020-12-09,2789.8883148729565,2814.6652981311536,2768.2331347202016,2785.725830078125,3659996,0.0,0.0,2663.4628011067707,0.48261067515122935,2020,12,9,2,2772.34619140625
2020-12-10,2792.8612353043663,2802.078320420941,2755.447994838525,2759.4619140625,2127801,0.0,0.0,2668.5552978515625,-0.9428033344863862,2020,12,10,3,2785.725830078125
2020-12-11,2767.787231527002,2782.6534216651453,2739.888444819512,2758.7685546875,1795408,0.0,0.0,2673.887312825521,-0.025126615137049946,2020,12,11,4,2759.4619140625
2020-12-14,2777.004120903934,2778.9862794484766,2731.662244197526,2772.742431640625,2483658,0.0,0.0,2679.3399007161456,0.5065258892190005,2020,12,14,0,2758.7685546875
2020-12-15,2761.146879110101,2769.769220469266,2730.423421374131,2736.9150390625,2365509,0.0,0.0,2682.53447265625,-1.2921284057721194,2020,12,15,1,2772.742431640625
2020-12-16,2754.20951424933,2794.645600130676,2735.824943910283,2789.095458984375,2565149,0.0,0.0,2689.4588216145835,1.906541459165978,2020,12,16,2,2736.9150390625
2020-12-17,2785.923796072813,2828.2428320247423,2779.9773205208967,2812.881103515625,2863460,0.0,0.0,2696.21796875,0.8528085496188442,2020,12,17,3,2789.095458984375
2020-12-18,2842.4153380728985,2872.147716086213,2820.8097616573477,2835.477783203125,6076692,0.0,0.0,2703.0844970703124,0.8033286461791134,2020,12,18,4,2812.881103515625
2020-12-21,2835.477873637798,2860.7503957551567,2760.155846935081,2794.9921875,2705195,0.0,0.0,2707.5261800130206,-1.4278227092081153,2020,12,21,0,2835.477783203125
2020-12-22,2808.7184508268056,2857.9254362871584,2793.505288332415,2846.875,2881737,0.0,0.0,2712.978767903646,1.8562775499707973,2020,12,22,1,2794.9921875
2020-12-23,2850.393756245501,2892.960565088499,2839.888218559438,2882.802001953125,2790988,0.0,0.0,2718.996272786458,1.261980310098787,2020,12,23,2,2846.875
2020-12-24,2883.049753967081,2895.2896804054863,2857.479859011335,2883.396728515625,1807144,0.0,0.0,2727.5773681640626,0.020630156427570157,2020,12,24,3,2882.802001953125
2020-12-28,2884.040736665649,2923.3865361238363,2876.112102338046,2903.267578125,2108994,0.0,0.0,2735.5588623046874,0.689147262076717,2020,12,28,0,2883.396728515625
2020-12-29,2893.9513341633256,2925.665869332239,2893.9513341633256,2904.357666015625,1994151,0.0,0.0,2744.1300374348957,0.03754693156217126,2020,12,29,1,2903.267578125
2020-12-30,2908.2228679412,2921.4042704200483,2876.111996876933,2883.346923828125,2637968,0.0,0.0,2752.469962565104,-0.7234213070018924,2020,12,30,2,2904.357666015625
2020-12-31,2874.1298607245,2879.085257036094,2819.6205012969663,2837.212158203125,4040956,0.0,0.0,2758.9681315104167,-1.6000421331106573,2020,12,31,3,2883.346923828125
2021-01-01,2854.308353965679,2913.773111339964,2853.3172746761074,2902.1279296875,2681440,0.0,0.0,2768.931787109375,2.288012593513189,2021,1,1,4,2837.212158203125
2021-01-04,2923.6839422866,3023.535182010456,2914.7146262067017,3012.3359375,5113293,0.0,0.0,2782.230428059896,3.7974896518213397,2021,1,4,0,2902.1279296875
2021-01-05,3012.484666529266,3086.4686377568805,3012.484666529266,3065.408203125,5801309,0.0,0.0,2796.526749674479,1.761830908840989,2021,1,5,1,3012.3359375
2021-01-06,3072.3456637616746,3085.7252335877333,3010.1058386968,3024.2783203125,3726716,0.0,0.0,2807.3377766927083,-1.3417424397367594,2021,1,6,2,3065.408203125
2021-01-07,3047.568612023378,3053.366522265479,2973.4854400725662,3005.7451171875,3717827,0.0,0.0,2817.6037027994794,-0.6128140720555453,2021,1,7,3,3024.2783203125
2021-01-08,3062.4348305112194,3100.095841371875,3032.702453515965,3093.05908203125,5879039,0.0,0.0,2831.465584309896,2.9049024930447365,2021,1,8,4,3005.7451171875
2021-01-11,3201.18586576827,3201.18586576827,3118.4803536350014,3148.113525390625,9508039,0.0,0.0,2846.5250244140625,1.7799350707268013,2021,1,11,0,3093.05908203125
2021-01-12,3148.113902069252,3181.36466211726,3121.899902077685,3146.5283203125,3611458,0.0,0.0,2862.8844482421873,-0.05035412685533425,2021,1,12,1,3148.113525390625
2021-01-13,3146.6766458828265,3148.658804399918,3098.36153202872,3130.769775390625,3572801,0.0,0.0,2877.1609456380206,-0.5008232349330899,2021,1,13,2,3146.5283203125
2021-01-14,3132.8055439832783,3243.521175727853,3098.448847387442,3227.832275390625,6931542,6.0,0.0,2893.9212890625,3.1002758734595792,2021,1,14,3,3130.769775390625
2021-01-15,3212.2427879849,3250.968435197083,3187.418655156578,3210.6044921875,4131692,0.0,0.0,2911.4321126302084,-0.5337260964416113,2021,1,15,4,3227.832275390625
2021-01-18,3227.1372070691395,3233.8397228068984,3164.9774826652483,3199.0859375,4160906,0.0,0.0,2927.96103515625,-0.3587659182415215,2021,1,18,0,3210.6044921875
2021-01-19,3210.25663000876,3255.933031178077,3209.2636647659483,3237.76171875,2975735,0.0,0.0,2945.443839518229,1.2089634978741381,2021,1,19,1,3199.0859375
2021-01-20,3246.996337669324,3304.538624893542,3244.1168354400406,3285.5234375,3453446,0.0,0.0,2962.5497477213544,1.475146193538901,2021,1,20,2,3237.76171875
2021-01-21,3281.750106080006,3285.8708148415258,3239.151994410589,3250.8193359375,2778546,0.0,0.0,2978.0528645833333,-1.056273139506403,2021,1,21,3,3285.5234375
2021-01-22,3219.0940994155508,3301.6096125665567,3219.0940994155508,3279.86376953125,3052459,0.0,0.0,2995.399593098958,0.8934496381471035,2021,1,22,4,3250.8193359375
2021-01-25,3285.6722235779107,3316.305297652636,3255.585328860036,3268.146484375,2272887,0.0,0.0,3012.378857421875,-0.35724914141554986,2021,1,25,0,3279.86376953125
2021-01-27,3276.785322979015,3283.189900352934,3204.2988597737217,3238.109375,2786662,0.0,0.0,3027.8910888671876,-0.9190869968224269,2021,1,27,2,3268.146484375
2021-01-28,3207.2776260477967,3251.961060466419,3161.4026818626403,3174.06298828125,3083938,0.0,0.0,3042.462687174479,-1.9778944841463253,2021,1,28,3,3238.109375
2021-01-29,3187.4682719474304,3194.220484391986,3078.1923934937686,3089.462646484375,5445659,0.0,0.0,3052.4749267578127,-2.665364301503226,2021,1,29,4,3174.06298828125
2021-02-01,3078.1923445602683,3142.7350872687903,3022.6856828002046,3117.265625,3985846,0.0,0.0,3062.6210774739584,0.8999292659279456,2021,2,1,0,3089.462646484375
2021-02-02,3151.6717720176403,3201.3200355969984,3127.8406054995485,3180.91455078125,2881837,0.0,0.0,3074.135636393229,2.041819127340161,2021,2,2,1,3117.265625
2021-02-03,3190.3974260351306,3213.235627341949,3140.401527509417,3177.53857421875,2505866,0.0,0.0,3086.8871826171876,-0.10613226192042191,2021,2,3,2,3180.91455078125
2021-02-04,3193.425957544669,3215.0726485931627,3153.657650588355,3166.02001953125,2057261,0.0,0.0,3097.525349934896,-0.362499287371576,2021,2,4,3,3177.53857421875
2021-02-05,3176.4461951227136,3183.2978009248154,3106.988323120832,3135.734619140625,2366135,0.0,0.0,3105.956437174479,-0.9565764020376899,2021,2,5,4,3166.02001953125
2021-02-08,3167.0629459472475,3203.306180788782,3132.9544896134084,3191.489990234375,2526592,0.0,0.0,3116.226212565104,1.7780640859534902,2021,2,8,0,3135.734619140625
2021-02-09,3172.5240378888675,3222.966722093298,3141.74211451655,3154.55126953125,2658751,0.0,0.0,3124.602335611979,-1.1574130207568811,2021,2,9,1,3191.489990234375
2021-02-10,3162.5943472097056,3196.752255120823,3135.089258043565,3190.6953125,2127983,0.0,0.0,3134.146923828125,1.145774466176963,2021,2,10,2,3154.55126953125
2021-02-11,3192.383220289472,3196.6530192709124,3162.643960081204,3183.446533203125,1165882,0.0,0.0,3144.150244140625,-0.227184942055636,2021,2,11,3,3190.6953125
2021-02-12,3161.7998481144555,3222.6686654143377,3159.615373085325,3168.353515625,2777404,0.0,0.0,3155.1882893880206,-0.474109347234386,2021,2,12,4,3183.446533203125
2021-02-15,3186.425660840136,3186.425660840136,3109.520546522629,3117.76220703125,2630853,0.0,0.0,3162.3760986328125,-1.5967696895013317,2021,2,15,0,3168.353515625
2021-02-16,3127.840539766893,3145.3662794728325,3078.192277230911,3086.930419921875,3435770,0.0,0.0,3164.862581380208,-0.9889075901889588,2021,2,16,1,3117.76220703125
2021-02-17,3083.256578314367,3110.8113647487257,3024.1254475895166,3051.481689453125,3678426,0.0,0.0,3164.3983642578123,-1.148348865914739,2021,2,17,2,3086.930419921875
2021-02-18,3043.4386168034803,3076.1070779069164,3009.677796910717,3035.842529296875,4189909,0.0,0.0,3164.783837890625,-0.5125103719384572,2021,2,18,3,3051.481689453125
2021-02-19,3036.4878124806773,3065.432653292253,2994.932118731714,3050.240478515625,3725028,0.0,0.0,3166.2670166015623,0.474265350715819,2021,2,19,4,3035.842529296875
2021-02-22,3074.220610966783,3074.220610966783,2922.445765810733,2937.63818359375,5366696,0.0,0.0,3161.086319986979,-3.6915874572837626,2021,2,22,0,3050.240478515625
2021-02-23,2949.1069099531337,3006.698896746831,2947.1209793740404,2959.235107421875,3832829,0.0,0.0,3154.7903727213543,0.7351798444321878,2021,2,23,1,2937.63818359375
2021-02-24,2951.092857572301,2982.2224165485977,2900.6004753380435,2927.361083984375,3774549,0.0,0.0,3147.484798177083,-1.0771034500624443,2021,2,24,2,2959.235107421875
2021-02-25,2953.078794586147,3008.585457743768,2947.5677887007223,2974.22900390625,4224073,0.0,0.0,3142.2667724609373,1.6010296843218308,2021,2,25,3,2927.361083984375
2021-02-26,2939.1772234168843,2951.440441571689,2859.7400011623736,2873.939453125,5553153,0.0,0.0,3130.4703450520833,-3.371951206498669,2021,2,26,4,2974.22900390625
2021-03-01,2905.416536457496,2944.1421840726166,2881.386824114287,2903.629150390625,3265871,0.0,0.0,3120.237833658854,1.033066205808253,2021,3,1,0,2873.939453125
2021-03-02,2939.1773760131755,3003.720122445897,2927.2617920563653,2985.201416015625,3306469,0.0,0.0,3113.108349609375,2.8093210737337504,2021,3,2,1,2903.629150390625
2021-03-03,3013.649518749849,3042.4455108565203,2975.8174459438924,3037.580078125,3509857,0.0,0.0,3106.4356282552085,1.7546106546902696,2021,3,3,2,2985.201416015625
2021-03-04,3001.7339698905766,3059.7727406385297,2994.8329098437034,3028.24609375,3916760,0.0,0.0,3097.859716796875,-0.30728356569817983,2021,3,4,3,3037.580078125
2021-03-05,2994.882578880391,3041.6510965669813,2975.519756561082,2986.88916015625,3203686,0.0,0.0,3089.062044270833,-1.3657058347769868,2021,3,5,4,3028.24609375
2021-03-08,2994.7832591927536,3011.6636688102194,2974.923953760441,2985.796875,2003125,0.0,0.0,3079.259814453125,-0.03656932338904628,2021,3,8,0,2986.88916015625
2021-03-09,2985.796833345926,3045.325052064189,2971.0514447220407,3029.4873046875,1942397,0.0,0.0,3071.304508463542,1.4632753504874696,2021,3,9,1,2985.796875
2021-03-10,3053.368237558185,3071.440157178775,3038.4737583505844,3049.3466796875,3053778,0.0,0.0,3065.012418619792,0.6555358383338206,2021,3,10,2,3029.4873046875
2021-03-12,3053.368339504412,3095.0728826781306,3019.955153669023,3036.438232421875,2938317,0.0,0.0,3060.4249267578125,-0.42331845544527624,2021,3,12,4,3049.3466796875
2021-03-15,3019.607343050175,3077.199327889672,3019.607343050175,3044.580322265625,3097083,0.0,0.0,3058.928849283854,0.2681460718289008,2021,3,15,0,3036.438232421875
2021-03-16,3038.473671505833,3118.903856928046,3038.473671505833,3088.171630859375,4894756,0.0,0.0,3057.959049479167,1.431767402389017,2021,3,16,1,3044.580322265625
2021-03-17,3083.15700039598,3132.8052612719216,3063.5956340954885,3091.051025390625,3838390,0.0,0.0,3054.9635986328126,0.09323945931232203,2021,3,17,2,3088.171630859375
2021-03-18,3103.9598585433355,3124.315647373635,2966.037074120968,3015.13916015625,3656306,0.0,0.0,3049.550284830729,-2.4558593375139104,2021,3,18,3,3091.051025390625
2021-03-19,3008.6845829058816,3077.19918231859,2983.860452683886,3028.742431640625,5776626,0.0,0.0,3044.974365234375,0.45116562658653603,2021,3,19,4,3015.13916015625
2021-03-22,3027.253057783964,3117.3646526912603,2997.414404043529,3107.633544921875,2821646,0.0,0.0,3044.037662760417,2.604748177233285,2021,3,22,0,3028.742431640625
2021-03-23,3117.9108691750907,3146.706861278937,3100.881612193285,3120.49267578125,3305973,0.0,0.0,3041.6710856119794,0.41379173810205394,2021,3,23,1,3107.633544921875
2021-03-24,3089.313541209255,3130.1245113259943,3089.263844460452,3099.14404296875,2207104,0.0,0.0,3039.824178059896,-0.6841430194081455,2021,3,24,2,3120.49267578125
2021-03-25,3090.3063084834685,3108.825255286068,3028.543920298406,3043.28955078125,3179786,0.0,0.0,3034.910652669271,-1.8022554425703774,2021,3,25,3,3099.14404296875
2021-03-26,3068.907905470394,3096.065601607055,3021.6429057554287,3045.225830078125,3697370,0.0,0.0,3030.3032958984377,0.06362455049266913,2021,3,26,4,3043.28955078125
2021-03-30,3061.3119902336025,3166.020131619269,3039.3673603469947,3136.33056640625,4694008,0.0,0.0,3029.2358642578124,2.991723484947184,2021,3,30,1,3045.225830078125
2021-03-31,3132.8052766056308,3182.453537724579,3109.9670764909147,3155.49462890625,3530069,0.0,0.0,3030.493611653646,0.6110345224852765,2021,3,31,2,3136.33056640625
2021-04-01,3168.6513520140597,3192.383123364682,3122.8755592478774,3142.73486328125,4285076,0.0,0.0,3032.353759765625,-0.40436657721146796,2021,4,1,3,3155.49462890625
2021-04-05,3148.692748007882,3240.045549274588,3128.833443384685,3216.114990234375,5317862,0.0,0.0,3037.8415364583334,2.334913066020161,2021,4,5,0,3142.73486328125
2021-04-06,3251.961233262024,3251.961233262024,3207.277796469111,3241.733642578125,2291562,0.0,0.0,3044.7045735677084,0.796571404366464,2021,4,6,1,3216.114990234375
2021-04-07,3236.0738022787755,3254.4933564498974,3212.04409132335,3248.386474609375,2491268,0.0,0.0,3051.3094401041667,0.20522451147340082,2021,4,7,2,3241.733642578125
2021-04-08,3246.996425340079,3311.5391677398056,3243.074261017344,3294.013427734375,2578118,0.0,0.0,3063.188614908854,1.4046035926339906,2021,4,8,3,3248.386474609375
2021-04-09,3330.405553935585,3330.7531887533537,3284.72915098954,3298.87890625,2911129,0.0,0.0,3074.510074869792,0.1477066995131171,2021,4,9,4,3294.013427734375
2021-04-12,3298.879097602029,3314.617695194972,3190.5961788958566,3223.711669921875,3791828,0.0,0.0,3084.388427734375,-2.2785691280063136,2021,4,12,0,3298.87890625
2021-04-13,3191.390349160297,3191.390349160297,3051.431944093546,3082.2138671875,8654596,0.0,0.0,3087.9879231770833,-4.389282207046885,2021,4,13,1,3223.711669921875
2021-04-15,3138.068345091513,3214.4769778788773,3065.7307246568093,3196.3056640625,6062760,0.0,0.0,3098.733463541667,3.701618440225496,2021,4,15,3,3082.2138671875
2021-04-16,3206.284822562028,3224.158197231002,3160.2113314957146,3172.6728515625,3224657,0.0,0.0,3107.7015869140623,-0.7393789888656244,2021,4,16,4,3196.3056640625
2021-04-19,3146.706918596808,3166.5662238577534,3113.0454931487693,3139.5576171875,2679106,0.0,0.0,3112.8467936197917,-1.0437645456792377,2021,4,19,0,3172.6728515625
2021-04-20,3202.31296171599,3202.66059652606,3104.3570358408247,3122.428955078125,3141893,0.0,0.0,3115.675089518229,-0.5455756573984893,2021,4,20,1,3139.5576171875
2021-04-22,3125.854644585879,3125.854644585879,3083.405379637961,3096.860107421875,1988980,0.0,0.0,3117.962223307292,-0.818876843127736,2021,4,22,3,3122.428955078125
2021-04-23,3083.1571445934333,3097.0586582888627,3069.305327645834,3087.62548828125,1615309,0.0,0.0,3121.320100911458,-0.29819297030865277,2021,4,23,4,3096.860107421875
2021-04-26,3080.228023017415,3130.8195560038885,3066.326508972362,3078.98681640625,2490260,0.0,0.0,3124.4264322916665,-0.27978366896461715,2021,4,26,0,3087.62548828125
2021-04-27,3084.149945528267,3114.0382953501985,3081.17104989511,3109.967041015625,1471417,0.0,0.0,3127.109090169271,1.0061824378168271,2021,4,27,1,3078.98681640625
2021-04-28,3127.790808730189,3128.833470716645,3090.107826363123,3102.122802734375,1639037,0.0,0.0,3128.8682942708333,-0.252228984352465,2021,4,28,2,3109.967041015625
2021-04-29,3123.4715529118025,3135.138894470591,3083.6535498568032,3093.3349609375,1621395,0.0,0.0,3130.764851888021,-0.28328478128361034,2021,4,29,3,3102.122802734375
2021-04-30,3077.199617871032,3110.017171154196,2998.7553552663817,3014.295166015625,3072305,0.0,0.0,3129.7553466796876,-2.555164439673885,2021,4,30,4,3093.3349609375
2021-05-03,3003.6207645858717,3033.5091183348086,2982.867885917435,3015.6357421875,1545831,0.0,0.0,3127.3374837239585,0.044473951555557,2021,5,3,0,3014.295166015625
2021-05-04,3041.253898793825,3068.262504066676,3013.6494174247123,3028.295654296875,1990777,0.0,0.0,3125.245638020833,0.41980906156098285,2021,5,4,1,3015.6357421875
2021-05-05,3048.4034478899703,3077.596530519389,3030.927161773191,3073.922607421875,1939289,0.0,0.0,3127.205086263021,1.5066875342987007,2021,5,5,2,3028.295654296875
2021-05-06,3083.6536726551594,3111.953183094918,3052.375266379636,3089.561767578125,1791671,0.0,0.0,3129.2323974609376,0.5087688323216044,2021,5,6,3,3073.922607421875
2021-05-07,3110.9602333413704,3137.621448173776,3089.909417814884,3110.86083984375,1912540,0.0,0.0,3129.3399739583333,0.6893881355322762,2021,5,7,4,3089.561767578125
2021-05-10,3123.818856172694,3141.940471268292,3103.016283492788,3123.3720703125,2137153,0.0,0.0,3129.4359537760415,0.40217904666473014,2021,5,10,0,3110.86083984375
2021-05-11,3103.0165646742767,3106.0948540757013,3069.4045922764576,3100.633544921875,2415625,0.0,0.0,3129.485603841146,-0.7280120612831786,2021,5,11,1,3123.3720703125
2021-05-12,3098.0516161783094,3098.0516161783094,3048.99922922475,3065.879638671875,1978558,0.0,0.0,3130.2386067708335,-1.1208646796368127,2021,5,12,2,3100.633544921875
2021-05-14,3076.7028138137107,3076.7028138137107,3018.614346940029,3030.033447265625,2043935,0.0,0.0,3129.7321940104166,-1.1691976082198186,2021,5,14,4,3065.879638671875
2021-05-17,3033.509035052223,3053.566885915561,3014.6426940813585,3048.1552734375,2890462,0.0,0.0,3126.793017578125,0.5980734697245138,2021,5,17,0,3030.033447265625
2021-05-18,3078.1924520174125,3102.02361938787,3056.34721526116,3067.0712890625,2098538,0.0,0.0,3123.8455729166667,0.6205725735115797,2021,5,18,1,3048.1552734375
2021-05-19,3062.304778121958,3096.0655960389963,3045.523762655985,3060.31884765625,1986041,0.0,0.0,3121.0983723958334,-0.22015925845382256,2021,5,19,2,3067.0712890625
2021-05-20,3045.523782982078,3067.0710801941896,3030.62930438986,3038.4736328125,2329027,0.0,0.0,3115.176993815104,-0.7138215307362583,2021,5,20,3,3060.31884765625
2021-05-21,3039.466524004956,3066.4751293762342,3033.608126204,3058.829345703125,1685566,0.0,0.0,3109.080183919271,0.6699321880171416,2021,5,21,4,3038.4736328125
2021-05-24,3059.822509765625,3083.157193841397,3050.3893396073345,3059.822509765625,1652260,0.0,0.0,3102.794718424479,0.032468763381499066,2021,5,24,0,3058.829345703125
2021-05-25,3085.266901054211,3121.437963526143,3075.3885566089198,3107.218994140625,1841613,15.0,0.0,3096.5682373046875,1.5489945650027481,2021,5,25,1,3059.822509765625
2021-05-26,3113.20590766978,3158.107915953479,3097.041233409446,3151.6220703125,1923753,0.0,0.0,3091.659676106771,1.4290295037333145,2021,5,26,2,3107.218994140625
2021-05-27,3155.064452478945,3210.74299047698,3154.9148765642685,3173.0751953125,5959785,0.0,0.0,3089.9717936197917,0.6807010650827339,2021,5,27,3,3151.6220703125
2021-05-28,3182.5545900393176,3191.03608055988,3128.821755591923,3136.754638671875,1763701,0.0,0.0,3091.7898193359374,-1.1446484689137004,2021,5,28,4,3173.0751953125
2021-05-31,3143.140530382126,3163.446313474378,3121.787228666932,3152.2705078125,1652799,0.0,0.0,3090.321980794271,0.4946472047681283,2021,5,31,0,3136.754638671875
2021-06-01,3161.7001601164206,3163.0470741936,3125.179762763142,3146.134033203125,1377441,0.0,0.0,3089.437353515625,-0.19466840152729814,2021,6,1,1,3152.2705078125
2021-06-02,3143.988799383417,3152.569925838647,3108.2167689806083,3122.63525390625,2240078,0.0,0.0,3088.8732747395834,-0.7469096691011146,2021,6,2,2,3146.134033203125
2021-06-03,3147.6807548390507,3147.6807548390507,3115.8500735655944,3134.40966796875,1281706,0.0,0.0,3089.2726318359373,0.37706658335361354,2021,6,3,3,3122.63525390625
2021-06-04,3121.188593439364,3149.9758682872857,3118.1951261182903,3136.904296875,1836060,0.0,0.0,3090.6074381510416,0.07958847663542823,2021,6,4,4,3134.40966796875
2021-06-07,3138.151542441561,3183.502523164586,3126.7764641828257,3176.268310546875,2559821,0.0,0.0,3093.5621988932294,1.2548681740494727,2021,6,7,0,3136.904296875
2021-06-08,3191.035931696925,3223.964069828882,3180.2594014046717,3193.18115234375,2574057,0.0,0.0,3097.3686767578124,0.5324752238567321,2021,6,8,1,3176.268310546875
2021-06-09,3195.027439262558,3212.9882431060078,3179.2617960559533,3193.28125,1710925,0.0,0.0,3100.145817057292,0.003134731525533674,2021,6,9,2,3193.18115234375
2021-06-10,3203.009924929491,3216.9794386207723,3186.0469440186494,3209.795166015625,1874324,0.0,0.0,3103.734895833333,0.5171456794049956,2021,6,10,3,3193.28125
2021-06-11,3204.556695882372,3301.794443634487,3204.0078448202894,3266.671142578125,3452954,0.0,0.0,3109.5127685546877,1.771950346386153,2021,6,11,4,3209.795166015625
2021-06-14,3271.859708135586,3301.4949852239824,3263.228641664765,3269.215576171875,1847360,0.0,0.0,3118.010115559896,0.07789071757440258,2021,6,14,0,3266.671142578125
2021-06-15,3290.818258957647,3290.818258957647,3244.4694574282053,3255.64501953125,1304985,0.0,0.0,3126.0104248046873,-0.4151013086911681,2021,6,15,1,3269.215576171875
2021-06-16,3254.9966459371626,3287.525510985676,3245.916364381708,3267.219970703125,1635552,0.0,0.0,3133.974568684896,0.3555348050059193,2021,6,16,2,3255.64501953125
2021-06-17,3258.389168287525,3328.7855899453784,3252.901144883581,3310.525390625,2273413,0.0,0.0,3141.861328125,1.3254516166707697,2021,6,17,3,3267.219970703125
2021-06-18,3343.603007924708,3350.6876444617146,3267.8683846373183,3290.119873046875,3380431,0.0,0.0,3148.546598307292,-0.6163830561732309,2021,6,18,4,3310.525390625
2021-06-21,3257.8901972145404,3278.844468008263,3244.6191103233846,3265.97265625,1130569,0.0,0.0,3153.7169921875,-0.7339312161448119,2021,6,21,0,3290.119873046875
2021-06-22,3296.805181887061,3319.8050367355213,3277.8465564464277,3294.01123046875,1708688,0.0,0.0,3159.404964192708,0.8585060920548004,2021,6,22,1,3265.97265625
2021-06-23,3321.750742699848,3321.750742699848,3249.3087396029027,3254.2978515625,1467104,0.0,0.0,3164.527107747396,-1.205623664513089,2021,6,23,2,3294.01123046875
2021-06-24,3276.848679856069,3375.633094991803,3271.3606567929723,3366.253662109375,4155204,0.0,0.0,3174.5395751953124,3.440244736452791,2021,6,24,3,3254.2978515625
2021-06-25,3367.9000252892943,3392.2467941865825,3342.7050099160465,3373.43798828125,2722861,0.0,0.0,3185.986393229167,0.2134220083513494,2021,6,25,4,3366.253662109375
2021-06-28,3384.1146630124044,3384.1146630124044,3325.7420527260338,3329.48388671875,1355238,0.0,0.0,3195.364013671875,-1.3029467775957038,2021,6,28,0,3373.43798828125
2021-06-29,3334.722593674625,3358.969727682568,3319.2563458583604,3333.5751953125,1497322,0.0,0.0,3204.2474772135415,0.12288116515806191,2021,6,29,1,3329.48388671875
2021-06-30,3338.713811073283,3374.635418126074,3331.230142937285,3338.46435546875,1693146,0.0,0.0,3213.518994140625,0.1466641629420895,2021,6,30,2,3333.5751953125
2021-07-01,3350.687702823395,3354.678992523006,3325.093655068236,3334.2236328125,990310,0.0,0.0,3223.3773274739583,-0.12702614749512398,2021,7,1,3,3338.46435546875
2021-07-02,3323.746459210209,3332.427465485448,3288.024368086813,3318.20849609375,1682274,0.0,0.0,3232.023299153646,-0.48032581141658204,2021,7,2,4,3334.2236328125
2021-07-05,3334.7225817066114,3366.652899664305,3294.8096842594946,3313.768310546875,1972858,0.0,0.0,3240.4881591796875,-0.1338127351582008,2021,7,5,0,3318.20849609375
2021-07-06,3305.785591579824,3320.752927490991,3249.009594800389,3255.196044921875,2159420,0.0,0.0,3245.4207275390627,-1.7675425719589244,2021,7,6,1,3313.768310546875
2021-07-07,3267.868299215868,3275.55148283116,3234.541129119365,3267.818359375,2640710,0.0,0.0,3249.293937174479,0.3877589637900858,2021,7,7,2,3255.196044921875
2021-07-08,3290.818281753491,3290.818281753491,3224.862123538549,3251.404296875,2485811,0.0,0.0,3251.9049072265625,-0.502294212678922,2021,7,8,3,3267.818359375
2021-07-09,3242.922783024375,3274.8530996572304,3194.029485680315,3201.163818359375,6365067,0.0,0.0,3254.0518798828125,-1.5451932127884649,2021,7,9,4,3251.404296875
2021-07-12,3227.955388656173,3228.9532110328832,3181.407072226253,3186.146728515625,1892226,0.0,0.0,3255.181087239583,-0.469113444229996,2021,7,12,0,3201.163818359375
2021-07-13,3207.001240865933,3207.001240865933,3168.086166692389,3180.60888671875,1809339,0.0,0.0,3256.3302490234373,-0.17381000527414425,2021,7,13,1,3186.146728515625
2021-07-14,3180.059992950449,3214.98377699603,3178.0643481478446,3207.550048828125,2044279,0.0,0.0,3259.1607421875,0.847044168865696,2021,7,14,2,3180.60888671875
2021-07-15,3227.60009765625,3231.85009765625,3194.0,3202.949951171875,2232968,7.0,0.0,3261.445418294271,-0.14341468055754092,2021,7,15,3,3207.550048828125
2021-07-16,3213.0,3219.85009765625,3192.0,3194.800048828125,1256526,0.0,0.0,3263.375276692708,-0.25444988114060596,2021,7,16,4,3202.949951171875
2021-07-19,3180.0,3199.800048828125,3176.0,3184.60009765625,1597058,0.0,0.0,3263.6530029296873,-0.3192672785771511,2021,7,19,0,3194.800048828125
2021-07-20,3184.60009765625,3215.0,3156.14990234375,3205.800048828125,1811945,0.0,0.0,3264.0736328125,0.6657021453801093,2021,7,20,1,3184.60009765625
2021-07-22,3190.0,3224.949951171875,3190.0,3216.35009765625,2859334,0.0,0.0,3264.842594401042,0.3290925406274736,2021,7,22,3,3205.800048828125
2021-07-23,3230.0,3241.550048828125,3206.64990234375,3212.85009765625,1776193,0.0,0.0,3264.9444254557293,-0.10881899960301089,2021,7,23,4,3216.35009765625
2021-07-26,3200.0,3224.25,3190.85009765625,3197.550048828125,1259611,0.0,0.0,3262.640388997396,-0.4762142136443326,2021,7,26,0,3212.85009765625
2021-07-27,3200.0,3210.0,3161.14990234375,3182.949951171875,1121367,0.0,0.0,3259.7648681640626,-0.456602631180103,2021,7,27,1,3197.550048828125
2021-07-28,3188.0,3204.449951171875,3132.39990234375,3197.800048828125,1660654,0.0,0.0,3257.836702473958,0.4665514030713025,2021,7,28,2,3182.949951171875
2021-07-29,3200.25,3225.449951171875,3190.300048828125,3195.800048828125,1731997,0.0,0.0,3255.4560384114584,-0.06254299735635183,2021,7,29,3,3197.800048828125
2021-07-30,3219.0,3223.5,3162.35009765625,3167.449951171875,2999943,0.0,0.0,3250.6868570963543,-0.8871048633548151,2021,7,30,4,3195.800048828125
2021-08-02,3180.0,3224.89990234375,3167.0,3219.39990234375,2608669,0.0,0.0,3248.329524739583,1.6401190854698378,2021,8,2,0,3167.449951171875
2021-08-03,3229.0,3290.0,3218.949951171875,3284.89990234375,3804735,0.0,0.0,3248.9604329427084,2.034540659341988,2021,8,3,1,3219.39990234375
2021-08-04,3300.0,3305.199951171875,3261.199951171875,3273.949951171875,2929598,0.0,0.0,3248.2917236328126,-0.33334200424378624,2021,8,4,2,3284.89990234375
2021-08-05,3275.0,3315.0,3262.5,3283.949951171875,2534521,0.0,0.0,3249.280126953125,0.30544144379545113,2021,8,5,3,3273.949951171875
2021-08-06,3272.550048828125,3324.0,3265.0,3309.800048828125,2292362,0.0,0.0,3247.39833984375,0.7871647875457244,2021,8,6,4,3283.949951171875
2021-08-09,3323.89990234375,3337.0,3310.0,3322.699951171875,1510489,0.0,0.0,3245.707071940104,0.3897486903572167,2021,8,9,0,3309.800048828125
2021-08-10,3315.60009765625,3349.89990234375,3315.60009765625,3333.89990234375,2040777,0.0,0.0,3245.8542724609374,0.3370738055335165,2021,8,10,1,3322.699951171875
2021-08-11,3350.0,3360.0,3327.10009765625,3344.199951171875,1929707,0.0,0.0,3246.208430989583,0.30894895257305155,2021,8,11,2,3333.89990234375
2021-08-12,3326.0,3368.0,3326.0,3351.75,1310205,0.0,0.0,3246.6512858072915,0.22576547270982683,2021,8,12,3,3344.199951171875
2021-08-13,3360.75,3480.0,3357.5,3463.39990234375,4363584,0.0,0.0,3250.9571614583333,3.33109278268815,2021,8,13,4,3351.75
2021-08-16,3460.0,3494.35009765625,3436.5,3472.949951171875,2083489,0.0,0.0,3256.1152099609376,0.2757420193279625,2021,8,16,0,3463.39990234375
2021-08-17,3482.10009765625,3560.800048828125,3463.0,3553.050048828125,4336019,0.0,0.0,3264.091267903646,2.306399423614547,2021,8,17,1,3472.949951171875
2021-08-18,3573.85009765625,3595.0,3536.60009765625,3560.550048828125,2631309,0.0,0.0,3274.269734700521,0.211086246940817,2021,8,18,2,3553.050048828125
2021-08-20,3506.0,3575.0,3500.0,3559.5,2836148,0.0,0.0,3283.9924560546874,-0.02949119697026603,2021,8,20,4,3560.550048828125
2021-08-23,3580.0,3673.0,3561.89990234375,3637.39990234375,3744176,0.0,0.0,3296.8589762369793,2.1885068785995276,2021,8,23,0,3559.5
2021-08-24,3657.0,3667.35009765625,3594.39990234375,3613.199951171875,2511141,0.0,0.0,3310.593513997396,-0.6653090620110769,2021,8,24,1,3637.39990234375
2021-08-25,3610.0,3697.75,3607.050048828125,3659.0,2123263,0.0,0.0,3326.355289713542,1.267575817753186,2021,8,25,2,3613.199951171875
2021-08-26,3660.0,3687.60009765625,3647.89990234375,3671.85009765625,1902533,0.0,0.0,3342.7299967447916,0.35119151834517304,2021,8,26,3,3659.0
2021-08-27,3666.0,3729.5,3651.10009765625,3720.14990234375,3944728,0.0,0.0,3359.816658528646,1.3154078571543604,2021,8,27,4,3671.85009765625
2021-08-30,3715.0,3740.35009765625,3687.60009765625,3701.300048828125,2033114,0.0,0.0,3376.428328450521,-0.5066960743638105,2021,8,30,0,3720.14990234375
2021-08-31,3709.39990234375,3804.10009765625,3703.449951171875,3786.449951171875,3207480,0.0,0.0,3396.1499918619793,2.300540383660854,2021,8,31,1,3701.300048828125
2021-09-01,3796.0,3816.699951171875,3707.0,3714.949951171875,2643336,0.0,0.0,3413.8283203125,-1.8883122957394805,2021,9,1,2,3786.449951171875
2021-09-02,3734.0,3859.14990234375,3722.0,3836.75,3403717,0.0,0.0,3434.8599853515625,3.2786457537524294,2021,9,2,3,3714.949951171875
2021-09-03,3825.0,3856.89990234375,3804.550048828125,3842.050048828125,1746812,0.0,0.0,3455.716650390625,0.1381390194337584,2021,9,3,4,3836.75
2021-09-06,3849.699951171875,3877.60009765625,3814.0,3852.0,1723693,0.0,0.0,3477.0216471354165,0.25897505356313744,2021,9,6,0,3842.050048828125
2021-09-07,3864.0,3869.949951171875,3808.25,3815.89990234375,1585039,0.0,0.0,3497.633308919271,-0.9371780284592401,2021,9,7,1,3852.0
2021-09-08,3810.0,3815.0,3756.0,3774.14990234375,4147175,0.0,0.0,3517.3399739583333,-1.094106267681627,2021,9,8,2,3815.89990234375
2021-09-09,3789.699951171875,3808.699951171875,3765.0,3791.39990234375,1441148,0.0,0.0,3537.1266357421873,0.4570565676071281,2021,9,9,3,3774.14990234375
2021-09-13,3767.0,3852.39990234375,3767.0,3845.35009765625,1691473,0.0,0.0,3558.7783040364584,1.422962407082129,2021,9,13,0,3791.39990234375
2021-09-14,3849.949951171875,3896.5,3825.0,3885.89990234375,1991188,0.0,0.0,3582.7266357421877,1.0545152887955656,2021,9,14,1,3845.35009765625
2021-09-15,3882.10009765625,3980.0,3866.0,3954.550048828125,2461369,0.0,0.0,3607.231640625,1.7666473200446786,2021,9,15,2,3885.89990234375
2021-09-16,3930.0,3981.75,3892.10009765625,3903.300048828125,2946666,0.0,0.0,3627.844978841146,-1.2959755058653766,2021,9,16,3,3954.550048828125
2021-09-17,3920.0,3945.0,3805.0,3827.85009765625,6477148,0.0,0.0,3646.308317057292,-1.9329785112094378,2021,9,17,4,3903.300048828125
2021-09-20,3809.0,3871.0,3807.85009765625,3823.5,2002008,0.0,0.0,3664.293318684896,-0.11364336495082172,2021,9,20,0,3827.85009765625
2021-09-21,3858.0,3871.550048828125,3821.64990234375,3862.949951171875,1568129,0.0,0.0,3682.731648763021,1.031775890463571,2021,9,21,1,3823.5
2021-09-22,3862.5,3896.85009765625,3852.449951171875,3862.14990234375,1744067,0.0,0.0,3700.713313802083,-0.020710825618708295,2021,9,22,2,3862.949951171875
2021-09-23,3870.0,3879.0,3835.0,3869.25,2003869,0.0,0.0,3718.558317057292,0.18383796164775923,2021,9,23,3,3862.14990234375
2021-09-24,3890.0,3944.39990234375,3855.0,3871.300048828125,2320754,0.0,0.0,3736.1283203125,0.05298310597983136,2021,9,24,4,3869.25
2021-09-27,3900.0,3904.0,3802.89990234375,3836.949951171875,1673362,0.0,0.0,3752.301652018229,-0.8873013515614203,2021,9,27,0,3871.300048828125
2021-09-28,3850.0,3850.0,3751.25,3779.14990234375,2253075,0.0,0.0,3762.826652018229,-1.5064061184971056,2021,9,28,1,3836.949951171875
2021-09-29,3759.800048828125,3806.0,3722.14990234375,3791.89990234375,2489161,0.0,0.0,3773.458317057292,0.33737746131987656,2021,9,29,2,3779.14990234375
2021-09-30,3805.0,3805.0,3765.0,3773.199951171875,640479,0.0,0.0,3780.7966471354166,-0.49315519010184605,2021,9,30,3,3791.89990234375
